{
  "ticker": "000660.KS",
  "company": "SK Hynix",
  "model_type": "XGBoost",
  "model_accuracy": 0.5492700729927007,
  "feature_importance": {
    "macd_signal": 0.06910084933042526,
    "sma_30": 0.06863687187433243,
    "obv_ma20": 0.061395108699798584,
    "sma_50": 0.05873725935816765,
    "macd_hist": 0.05737089365720749,
    "sma_200": 0.057104624807834625,
    "bb_position": 0.054706960916519165,
    "volatility": 0.05370686575770378,
    "obv": 0.05310847610235214,
    "sma_10": 0.05102231353521347,
    "macd": 0.05094299837946892,
    "price_change_20d": 0.047834206372499466,
    "price_change_5d": 0.047497209161520004,
    "rsi": 0.047355297952890396,
    "atr": 0.04668126627802849,
    "ma50_slope": 0.04665552079677582,
    "price_change_10d": 0.044942982494831085,
    "D": 0.04410409927368164,
    "K": 0.039096202701330185
  }
}