{
  "ticker": "005930.KS",
  "company": "Samsung Elec",
  "model_type": "XGBoost",
  "model_accuracy": 0.7481751824817519,
  "feature_importance": {
    "sma_30": 0.08197146654129028,
    "obv_ma20": 0.07376790791749954,
    "sma_50": 0.06588716804981232,
    "sma_200": 0.060257237404584885,
    "obv": 0.05959078669548035,
    "macd": 0.05523860454559326,
    "volatility": 0.05454828590154648,
    "price_change_20d": 0.054098550230264664,
    "macd_signal": 0.05150863900780678,
    "atr": 0.051057834178209305,
    "sma_10": 0.049802664667367935,
    "ma50_slope": 0.049246449023485184,
    "price_change_5d": 0.046656735241413116,
    "macd_hist": 0.046245720237493515,
    "bb_position": 0.04549528658390045,
    "price_change_10d": 0.041029591113328934,
    "D": 0.03967610374093056,
    "K": 0.03730795532464981,
    "rsi": 0.03661305084824562
  }
}