{
  "ticker": "00830.TW",
  "analysis_date": "2026-06-09",
  "model_accuracy": 0.5490196078431373,
  "feature_importance": {
    "MA_20": 0.08276356670333064,
    "volatility": 0.07164139987593861,
    "OBV_MA": 0.06927754098603638,
    "ATR": 0.0680063930084881,
    "MA_200": 0.06562174722285982,
    "OBV": 0.06561728219048263,
    "MA50_slope": 0.06186671079806336,
    "MA_50": 0.06150158726886984,
    "macd_signal": 0.05959557592038408,
    "rsi": 0.05916322739138533,
    "macd": 0.05702422654534063,
    "macd_hist": 0.05427605773656977,
    "price_change_20d": 0.050665665942048736,
    "K": 0.046488169422727134,
    "price_change_5d": 0.04455639899972588,
    "D": 0.04232379526009195,
    "bb_position": 0.0396106547276571
  }
}