{
  "ticker": "012450.KS",
  "model_type": "XGBoost",
  "model_accuracy": 0.5177165354330708,
  "feature_importance": {
    "sma_50": 0.0648929625749588,
    "obv_ma20": 0.06256592273712158,
    "macd": 0.061742883175611496,
    "macd_signal": 0.06038782000541687,
    "sma_200": 0.06032495200634003,
    "sma_10": 0.05627085641026497,
    "obv": 0.05590922012925148,
    "ma50_slope": 0.054581284523010254,
    "atr": 0.05375624820590019,
    "volatility": 0.05282750725746155,
    "sma_30": 0.05235789716243744,
    "macd_hist": 0.0511658675968647,
    "price_change_20d": 0.05010942742228508,
    "D": 0.0475461445748806,
    "bb_position": 0.047228675335645676,
    "rsi": 0.04658558964729309,
    "price_change_5d": 0.04361557587981224,
    "price_change_10d": 0.039238929748535156,
    "K": 0.03889220207929611
  }
}