{
  "ticker": "079550.KS",
  "model_type": "XGBoost",
  "model_accuracy": 0.5148936170212766,
  "feature_importance": {
    "sma_50": 0.07100769132375717,
    "sma_30": 0.06482837349176407,
    "obv_ma20": 0.06205981597304344,
    "sma_10": 0.06075802445411682,
    "sma_200": 0.06007025018334389,
    "price_change_20d": 0.058675941079854965,
    "atr": 0.058007318526506424,
    "obv": 0.056220006197690964,
    "volatility": 0.05295085161924362,
    "macd_signal": 0.05169213190674782,
    "bb_position": 0.05164371430873871,
    "ma50_slope": 0.05086519196629524,
    "macd": 0.04758740961551666,
    "macd_hist": 0.04459717497229576,
    "K": 0.04445405304431915,
    "price_change_10d": 0.04337779060006142,
    "D": 0.042524728924036026,
    "rsi": 0.0396767221391201,
    "price_change_5d": 0.03900276497006416
  }
}