{
  "ticker": "1101.TW",
  "analysis_date": "2026-05-09",
  "model_accuracy": 0.4446601941747573,
  "feature_importance": {
    "MA_20": 0.07598752785636041,
    "MA_50": 0.07063815597087221,
    "ATR": 0.06819442633362276,
    "MA_200": 0.06795680927186962,
    "OBV": 0.06179477073620943,
    "MA50_slope": 0.06149137142388828,
    "OBV_MA": 0.060286466440360356,
    "volatility": 0.06019571100482125,
    "macd_signal": 0.05810110806113936,
    "macd": 0.05671622393540961,
    "macd_hist": 0.053926847524614734,
    "price_change_20d": 0.05380274645132697,
    "price_change_5d": 0.053723123940757074,
    "K": 0.05026370041415932,
    "bb_position": 0.05008543725313639,
    "rsi": 0.0494260016177128,
    "D": 0.047409571763739396
  }
}