{
  "ticker": "1101.TW",
  "analysis_date": "2026-01-12",
  "model_accuracy": 0.458252427184466,
  "feature_importance": {
    "MA_20": 0.0766186674038277,
    "MA_200": 0.0698028925437387,
    "MA_50": 0.0685949386186631,
    "ATR": 0.06577967694680609,
    "OBV_MA": 0.06297860390250572,
    "MA50_slope": 0.06223125680105165,
    "OBV": 0.06184848683402931,
    "volatility": 0.06126288153338425,
    "macd_signal": 0.05860818478583504,
    "macd": 0.055492721040570576,
    "price_change_20d": 0.05404019641193755,
    "macd_hist": 0.053473783041758406,
    "price_change_5d": 0.05232194917224576,
    "bb_position": 0.050945547256983664,
    "K": 0.04942788605993563,
    "D": 0.04839741351977854,
    "rsi": 0.048174914126948305
  }
}