{
  "ticker": "1301.TW",
  "analysis_date": "2026-02-25",
  "model_accuracy": 0.4,
  "feature_importance": {
    "OBV_MA": 0.08149524906397781,
    "OBV": 0.0679667814694116,
    "MA50_slope": 0.06576896892015209,
    "volatility": 0.06559923315327555,
    "MA_20": 0.06387275660256704,
    "ATR": 0.0625271788592066,
    "MA_200": 0.06249475070664659,
    "MA_50": 0.062261382040722346,
    "macd_hist": 0.0598981414736201,
    "macd_signal": 0.05681290933324475,
    "macd": 0.05597694830846935,
    "price_change_20d": 0.05416964052514213,
    "rsi": 0.053537151110135246,
    "D": 0.04944125114822197,
    "bb_position": 0.04873102271567524,
    "price_change_5d": 0.04572216868618534,
    "K": 0.04372446588334611
  }
}