{
  "ticker": "1301.TW",
  "analysis_date": "2026-01-27",
  "model_accuracy": 0.44660194174757284,
  "feature_importance": {
    "OBV_MA": 0.08270050176515246,
    "volatility": 0.06918682772111442,
    "OBV": 0.06829387403852703,
    "MA50_slope": 0.06709048651561689,
    "MA_20": 0.06341161902259507,
    "MA_200": 0.0616686682160238,
    "ATR": 0.061014869322745725,
    "MA_50": 0.0607109342268492,
    "macd_hist": 0.057431983155965545,
    "macd_signal": 0.056136027328634264,
    "macd": 0.055954441078994076,
    "price_change_20d": 0.05538458841913893,
    "rsi": 0.052212103217093436,
    "bb_position": 0.05151764448197416,
    "D": 0.047688448156100974,
    "price_change_5d": 0.045431350289056115,
    "K": 0.04416563304441791
  }
}