{
  "ticker": "1301.TW",
  "analysis_date": "2026-03-10",
  "model_type": "XGBoost",
  "model_accuracy": 0.7681451612903226,
  "feature_importance": {
    "price_change_20d": 0.11004920303821564,
    "sma_50": 0.08356405049562454,
    "volatility": 0.08297587931156158,
    "macd_hist": 0.06497779488563538,
    "sma_200": 0.06349222362041473,
    "bb_position": 0.054279498755931854,
    "sma_30": 0.05316756293177605,
    "atr": 0.04843439161777496,
    "price_change_5d": 0.04824512451887131,
    "rsi": 0.046399056911468506,
    "D": 0.04326248914003372,
    "ma50_slope": 0.04281173273921013,
    "sma_10": 0.04277556762099266,
    "macd": 0.04167649522423744,
    "obv": 0.038754187524318695,
    "K": 0.0386219285428524,
    "obv_ma20": 0.037276189774274826,
    "price_change_10d": 0.034339312463998795,
    "macd_signal": 0.024897387251257896
  }
}