{
  "ticker": "1301.TW",
  "analysis_date": "2026-05-09",
  "model_accuracy": 0.40194174757281553,
  "feature_importance": {
    "OBV_MA": 0.08215234435019668,
    "OBV": 0.06961930264333556,
    "volatility": 0.06668862856244491,
    "MA_20": 0.06551652892128627,
    "MA50_slope": 0.06512917607041602,
    "ATR": 0.06318405976865919,
    "MA_50": 0.06314702632841102,
    "macd_hist": 0.05851554977955186,
    "MA_200": 0.0580316070148186,
    "macd": 0.05644847449975189,
    "macd_signal": 0.055878364001556345,
    "price_change_20d": 0.05493471340203382,
    "rsi": 0.050985171494910886,
    "bb_position": 0.050806012687142535,
    "D": 0.0487834142592853,
    "price_change_5d": 0.0456236157950099,
    "K": 0.0445560104211891
  }
}