{
  "ticker": "1301.TW",
  "analysis_date": "2026-01-24",
  "model_accuracy": 0.4077669902912621,
  "feature_importance": {
    "OBV_MA": 0.08461968660773912,
    "volatility": 0.06775426160611145,
    "OBV": 0.06755726304174692,
    "MA50_slope": 0.06443391055826472,
    "MA_50": 0.063741840148162,
    "MA_20": 0.06299106099276526,
    "MA_200": 0.060870220672793164,
    "ATR": 0.05920609164112361,
    "macd_hist": 0.059047563295078744,
    "macd": 0.05761111017462461,
    "price_change_20d": 0.056384794380747956,
    "macd_signal": 0.05553101585536356,
    "rsi": 0.050029503979208946,
    "D": 0.049681332795435545,
    "bb_position": 0.04831914955333575,
    "price_change_5d": 0.04681084507264793,
    "K": 0.04541034962485066
  }
}