{
  "ticker": "1303.TW",
  "analysis_date": "2026-02-25",
  "model_accuracy": 0.47184466019417476,
  "feature_importance": {
    "MA50_slope": 0.07645831118893044,
    "MA_50": 0.07191453980028831,
    "OBV_MA": 0.06866882736122462,
    "MA_200": 0.06815074529322049,
    "ATR": 0.0662565845582618,
    "macd_signal": 0.06476440255628131,
    "OBV": 0.06328280329243022,
    "MA_20": 0.06268799913784441,
    "macd": 0.05947348072972689,
    "volatility": 0.05901781344657097,
    "macd_hist": 0.053765669174584155,
    "bb_position": 0.05073407820131624,
    "price_change_20d": 0.04969216018166185,
    "price_change_5d": 0.04728754114080489,
    "rsi": 0.046466100396363404,
    "D": 0.04608575378125513,
    "K": 0.045293189759235006
  }
}