{
  "ticker": "1303.TW",
  "analysis_date": "2026-05-09",
  "model_accuracy": 0.47766990291262135,
  "feature_importance": {
    "MA50_slope": 0.07305037767056506,
    "MA_50": 0.07181428153361677,
    "OBV_MA": 0.06982550915295477,
    "MA_200": 0.06903799430851056,
    "macd_signal": 0.06534760883896543,
    "MA_20": 0.06505680266199373,
    "ATR": 0.06419512515609657,
    "OBV": 0.06400610064249945,
    "volatility": 0.058653752567339075,
    "macd": 0.0566886637119892,
    "macd_hist": 0.05399369017856369,
    "price_change_20d": 0.052816147890008776,
    "bb_position": 0.050840175086835165,
    "rsi": 0.04980533549533857,
    "price_change_5d": 0.04602325201141177,
    "K": 0.044949290508090343,
    "D": 0.04389589258522106
  }
}