{
  "ticker": "1303.TW",
  "analysis_date": "2026-01-24",
  "model_accuracy": 0.44660194174757284,
  "feature_importance": {
    "MA50_slope": 0.0751834329598007,
    "OBV_MA": 0.07160677804536632,
    "MA_50": 0.06931319384578134,
    "MA_200": 0.06637667179500448,
    "ATR": 0.06431568294322047,
    "macd_signal": 0.06388831334533195,
    "OBV": 0.06318387452295146,
    "MA_20": 0.06297991254105938,
    "volatility": 0.06169855739897807,
    "macd": 0.05957011741015304,
    "macd_hist": 0.05354657819008971,
    "price_change_20d": 0.04935958914502322,
    "D": 0.04872473806877819,
    "bb_position": 0.04860576257786362,
    "price_change_5d": 0.048092597634105505,
    "rsi": 0.04769591787835982,
    "K": 0.04585828169813284
  }
}