{
  "ticker": "1303.TW",
  "analysis_date": "2026-01-12",
  "model_accuracy": 0.46990291262135925,
  "feature_importance": {
    "MA50_slope": 0.07445705219512733,
    "OBV_MA": 0.0734142269953432,
    "MA_50": 0.07223905400362789,
    "MA_200": 0.06695300362907639,
    "OBV": 0.06567636309255499,
    "macd_signal": 0.06284341832956715,
    "ATR": 0.0628402045628373,
    "MA_20": 0.0619216922932837,
    "volatility": 0.061695335261735186,
    "macd": 0.05777823353909528,
    "macd_hist": 0.05226145396693662,
    "price_change_20d": 0.052134396964240944,
    "rsi": 0.04927446688757096,
    "bb_position": 0.04899513120950278,
    "price_change_5d": 0.04655487129101193,
    "D": 0.04631793746194862,
    "K": 0.04464315831653975
  }
}