{
  "ticker": "1314.TW",
  "company": "中石化",
  "model_type": "XGBoost",
  "model_accuracy": 0.8692449355432781,
  "feature_importance": {
    "sma_200": 0.07498041540384293,
    "sma_50": 0.06369935721158981,
    "sma_30": 0.06175561621785164,
    "price_change_20d": 0.061365772038698196,
    "obv": 0.06009592488408089,
    "macd": 0.05757801607251167,
    "obv_ma20": 0.05684124305844307,
    "sma_10": 0.056265149265527725,
    "K": 0.054589200764894485,
    "macd_signal": 0.05380518361926079,
    "volatility": 0.05307435244321823,
    "atr": 0.04909028112888336,
    "rsi": 0.04538499936461449,
    "D": 0.04457773268222809,
    "macd_hist": 0.043820176273584366,
    "ma50_slope": 0.043617378920316696,
    "bb_position": 0.04253372550010681,
    "price_change_10d": 0.039101991802453995,
    "price_change_5d": 0.03782349452376366
  }
}