{
  "ticker": "1326.TW",
  "model_type": "XGBoost",
  "model_accuracy": 0.4596774193548387,
  "feature_importance": {
    "sma_10": 0.06955310702323914,
    "sma_200": 0.06832979619503021,
    "macd": 0.06357136368751526,
    "atr": 0.061488471925258636,
    "sma_30": 0.05955304205417633,
    "macd_signal": 0.059088919311761856,
    "macd_hist": 0.05855622515082359,
    "obv": 0.05168156325817108,
    "price_change_10d": 0.04936438426375389,
    "sma_50": 0.04932892322540283,
    "rsi": 0.04891638457775116,
    "volatility": 0.048617489635944366,
    "ma50_slope": 0.04717734083533287,
    "obv_ma20": 0.047148942947387695,
    "K": 0.04583213850855827,
    "bb_position": 0.043268270790576935,
    "D": 0.043230701237916946,
    "price_change_20d": 0.0427621491253376,
    "price_change_5d": 0.04253067821264267
  }
}