{
  "ticker": "1326.TW",
  "analysis_date": "2026-01-27",
  "model_accuracy": 0.4524271844660194,
  "feature_importance": {
    "MA_200": 0.07425287647810604,
    "MA_50": 0.07139076447438296,
    "MA_20": 0.07034213557024176,
    "OBV_MA": 0.06856831887946277,
    "OBV": 0.067479702170533,
    "MA50_slope": 0.06444409236269748,
    "macd": 0.06064543404039007,
    "ATR": 0.05975220738170083,
    "macd_signal": 0.05780564045334864,
    "price_change_20d": 0.05735085198958743,
    "volatility": 0.05732343175013719,
    "macd_hist": 0.05066836636936241,
    "bb_position": 0.049188815765414604,
    "rsi": 0.049139616427148806,
    "K": 0.048995914021033454,
    "price_change_5d": 0.04763684813702108,
    "D": 0.045014983729431426
  }
}