{
  "ticker": "1326.TW",
  "analysis_date": "2026-05-09",
  "model_accuracy": 0.458252427184466,
  "feature_importance": {
    "MA_200": 0.07433308111468924,
    "MA_20": 0.07101794029815245,
    "MA_50": 0.06769537352546334,
    "OBV_MA": 0.06643805180601975,
    "OBV": 0.06561931777829864,
    "MA50_slope": 0.06434393466009365,
    "price_change_20d": 0.06094523742019976,
    "macd": 0.05954535660851492,
    "ATR": 0.05949595147745289,
    "volatility": 0.05870118525428846,
    "macd_signal": 0.05783550630832774,
    "rsi": 0.05098444890249012,
    "macd_hist": 0.05055350784017964,
    "bb_position": 0.050428929532220786,
    "K": 0.048908331016047524,
    "price_change_5d": 0.04766788059764532,
    "D": 0.045485965859915885
  }
}