{
  "ticker": "1471.TW",
  "analysis_date": "2026-01-28",
  "model_accuracy": 0.5766990291262136,
  "feature_importance": {
    "MA_200": 0.07169098693931064,
    "MA_50": 0.0692692339727324,
    "OBV_MA": 0.0688913215714189,
    "MA_20": 0.06704118219787786,
    "MA50_slope": 0.0669935150188571,
    "OBV": 0.06558017995887186,
    "ATR": 0.06488196786819801,
    "macd": 0.062287140284597815,
    "macd_signal": 0.060929643526766455,
    "macd_hist": 0.0555838435019448,
    "price_change_20d": 0.05529695529501634,
    "price_change_5d": 0.054160878833986154,
    "volatility": 0.052977050690175866,
    "rsi": 0.05122445586623956,
    "bb_position": 0.04863371068807016,
    "D": 0.04561939471021449,
    "K": 0.038938539075721514
  }
}