{
  "ticker": "1471.TW",
  "model_type": "XGBoost",
  "model_accuracy": 0.6955645161290323,
  "feature_importance": {
    "sma_200": 0.07448314130306244,
    "sma_10": 0.06080937013030052,
    "macd_signal": 0.06011737883090973,
    "sma_30": 0.05927831679582596,
    "obv_ma20": 0.05874238908290863,
    "sma_50": 0.0586855411529541,
    "atr": 0.05703296884894371,
    "obv": 0.05508793517947197,
    "ma50_slope": 0.054521068930625916,
    "volatility": 0.054227907210588455,
    "D": 0.05077484995126724,
    "macd_hist": 0.050567202270030975,
    "macd": 0.04812879487872124,
    "price_change_20d": 0.046672601252794266,
    "rsi": 0.04666559770703316,
    "price_change_5d": 0.045257195830345154,
    "price_change_10d": 0.043935999274253845,
    "K": 0.04140765964984894,
    "bb_position": 0.033604130148887634
  }
}