{
  "ticker": "1504.TW",
  "analysis_date": "2026-01-24",
  "model_accuracy": 0.4815533980582524,
  "feature_importance": {
    "MA_200": 0.07255544502589062,
    "OBV_MA": 0.06771190418633474,
    "ATR": 0.06650085199791897,
    "MA_50": 0.06640955483953949,
    "OBV": 0.06636936957656125,
    "MA_20": 0.06371974742393442,
    "volatility": 0.06345571005197315,
    "MA50_slope": 0.061222833043556746,
    "macd_signal": 0.05893272819053004,
    "macd": 0.05809177296151206,
    "price_change_5d": 0.05437207723966103,
    "bb_position": 0.05428076767768508,
    "macd_hist": 0.053339416311072786,
    "price_change_20d": 0.05326277337992816,
    "K": 0.04788597250496005,
    "D": 0.04699127715756867,
    "rsi": 0.04489779843137277
  }
}