{
  "ticker": "1513.TW",
  "analysis_date": "2026-02-03",
  "model_accuracy": 0.5333333333333333,
  "feature_importance": {
    "OBV_MA": 0.07261155605488494,
    "MA50_slope": 0.06934679850078798,
    "MA_50": 0.06870978754977829,
    "MA_200": 0.06841321573510689,
    "MA_20": 0.06775833063167226,
    "OBV": 0.06558336309694976,
    "macd_signal": 0.06410079909941618,
    "ATR": 0.0626937789655352,
    "macd_hist": 0.057323581731841364,
    "price_change_20d": 0.05730752464059471,
    "volatility": 0.05587068739492956,
    "macd": 0.055530102371829565,
    "price_change_5d": 0.05163154324984206,
    "bb_position": 0.04688235759982439,
    "D": 0.04637739842952536,
    "K": 0.04521916806759776,
    "rsi": 0.044640006879883655
  }
}