{
  "ticker": "1513.TW",
  "model_type": "trend_following_v2",
  "analysis_date": "2026-02-05",
  "model_accuracy": 0.5785582255083179,
  "note": "RSI removed from features - trend following model",
  "feature_importance": {
    "macd": 0.11775557636973963,
    "macd_signal": 0.12266969335767647,
    "macd_hist": 0.11690162011932992,
    "bb_position": 0.09984131122528256,
    "volume_ratio": 0.0982334338822604,
    "price_momentum": 0.09825753894081891,
    "ma50_slope": 0.13010103419850785,
    "atr_pct": 0.13386112778909653,
    "price_change_1d": 0.08237866411728774
  }
}