{
  "ticker": "1514.TW",
  "analysis_date": "2026-02-25",
  "model_accuracy": 0.44660194174757284,
  "feature_importance": {
    "MA_50": 0.07021022847871332,
    "MA_20": 0.06717829106335572,
    "OBV_MA": 0.06410092208689268,
    "MA_200": 0.06407514351082018,
    "MA50_slope": 0.0639671249818719,
    "macd_signal": 0.06347870936089291,
    "OBV": 0.06228325761916513,
    "price_change_20d": 0.06221819899808967,
    "volatility": 0.06168111508552074,
    "macd_hist": 0.06031731925849444,
    "macd": 0.056159582015250294,
    "ATR": 0.05349704474182419,
    "price_change_5d": 0.05209770476063886,
    "bb_position": 0.052068429907137316,
    "rsi": 0.05070333555539066,
    "K": 0.05003424883254084,
    "D": 0.04592934374340112
  }
}