{
  "ticker": "1514.TW",
  "analysis_date": "2026-01-24",
  "model_accuracy": 0.487378640776699,
  "feature_importance": {
    "MA_50": 0.06783357424463253,
    "MA_20": 0.06601945812493888,
    "OBV_MA": 0.065338997764724,
    "MA_200": 0.06435786440557353,
    "macd_signal": 0.06394848953817976,
    "volatility": 0.0625976428810242,
    "MA50_slope": 0.06254702840067597,
    "OBV": 0.06166064887778984,
    "price_change_20d": 0.06066948108734967,
    "macd_hist": 0.05969290303215346,
    "ATR": 0.05659893677685425,
    "price_change_5d": 0.05336389920960811,
    "macd": 0.05333258044986455,
    "rsi": 0.05317965320073197,
    "bb_position": 0.05268906351150212,
    "K": 0.048721414175058875,
    "D": 0.04744836431933833
  }
}