{
  "ticker": "1519.TW",
  "model_type": "trend_following_v2",
  "analysis_date": "2026-02-05",
  "model_accuracy": 0.5101663585951941,
  "note": "RSI removed from features - trend following model",
  "feature_importance": {
    "macd": 0.12425873100622828,
    "macd_signal": 0.12335810069786428,
    "macd_hist": 0.11926102479480213,
    "bb_position": 0.10126764959797958,
    "volume_ratio": 0.09058558616923033,
    "price_momentum": 0.10097289029589678,
    "ma50_slope": 0.12867149573274217,
    "atr_pct": 0.12514280450954163,
    "price_change_1d": 0.08648171719571486
  }
}