{
  "ticker": "1519.TW",
  "name": "华城",
  "analysis_date": "2025-12-25",
  "model_accuracy": 0.5861297539149888,
  "data_points": 2234,
  "feature_importance": {
    "volatility": 0.0722777062938522,
    "MA_20": 0.06931333459671618,
    "MA50_slope": 0.06888713295607148,
    "MA_200": 0.06581870998775,
    "macd_signal": 0.06447093101714345,
    "MA_50": 0.0625087356277299,
    "OBV_MA": 0.0613747564044107,
    "ATR": 0.05849873531235532,
    "price_change_5d": 0.05832616205047459,
    "macd": 0.058061205123146394,
    "macd_hist": 0.05637087928455622,
    "price_change_20d": 0.05593000284086117,
    "OBV": 0.0532646976592351,
    "K": 0.051258375935903364,
    "bb_position": 0.05036974780482927,
    "D": 0.047134332931709044,
    "rsi": 0.046134554173255585
  }
}