{
  "ticker": "1519.TW",
  "analysis_date": "2026-02-03",
  "model_accuracy": 0.4962962962962963,
  "feature_importance": {
    "volatility": 0.0672275171404446,
    "MA50_slope": 0.06513778237439145,
    "OBV": 0.06504229687411178,
    "macd_signal": 0.06450973579941881,
    "MA_50": 0.06389993262357468,
    "ATR": 0.06282625269327141,
    "MA_20": 0.062366047372269556,
    "OBV_MA": 0.06158317459822902,
    "macd_hist": 0.06098615714719763,
    "price_change_5d": 0.059328825980616264,
    "MA_200": 0.059271040426554115,
    "macd": 0.05687201517720439,
    "price_change_20d": 0.0551767260540319,
    "rsi": 0.05177181631437577,
    "K": 0.04951657358605502,
    "bb_position": 0.04745647020765326,
    "D": 0.047027635630600306
  }
}