{
  "ticker": "1519.TW",
  "analysis_date": "2026-02-25",
  "model_accuracy": 0.516504854368932,
  "feature_importance": {
    "volatility": 0.06608370272087746,
    "ATR": 0.06584430479204746,
    "MA_20": 0.06565094894174557,
    "OBV_MA": 0.06456554879184766,
    "MA_50": 0.06229423417382623,
    "MA50_slope": 0.06218478225763956,
    "macd_hist": 0.06192728009488993,
    "OBV": 0.06047222873209695,
    "MA_200": 0.0603943435500231,
    "macd_signal": 0.06003186920722626,
    "macd": 0.05805559943252815,
    "price_change_5d": 0.05750805515559315,
    "price_change_20d": 0.054512634386055664,
    "rsi": 0.05386135555059862,
    "bb_position": 0.0511325687220612,
    "K": 0.049672929505769,
    "D": 0.0458076139851739
  }
}