{
  "ticker": "1560.TW",
  "analysis_date": "2026-01-24",
  "model_accuracy": 0.4912621359223301,
  "feature_importance": {
    "MA_20": 0.08069294101362108,
    "MA_50": 0.07144056677660211,
    "OBV_MA": 0.06811351010201828,
    "ATR": 0.06609584288658193,
    "OBV": 0.06546289482314525,
    "MA_200": 0.06442771332623212,
    "macd_signal": 0.06429313298574317,
    "MA50_slope": 0.06236051360158752,
    "macd": 0.060145678377862076,
    "macd_hist": 0.05577997015652198,
    "volatility": 0.055465310193383785,
    "price_change_20d": 0.05212655146380836,
    "price_change_5d": 0.05102614104065343,
    "D": 0.04671218431020864,
    "bb_position": 0.04573555034366071,
    "K": 0.04560021875080131,
    "rsi": 0.04452127984756834
  }
}