{
  "ticker": "1605.TW",
  "analysis_date": "2026-05-09",
  "model_accuracy": 0.4970873786407767,
  "feature_importance": {
    "MA50_slope": 0.07105760588136213,
    "volatility": 0.07000743276937658,
    "MA_200": 0.06717219895507479,
    "OBV": 0.0660017540939191,
    "macd_signal": 0.06354978662799096,
    "MA_50": 0.06226523154691448,
    "OBV_MA": 0.06212747415300125,
    "ATR": 0.061740234385062064,
    "MA_20": 0.061479665025050485,
    "macd": 0.057301839372660035,
    "macd_hist": 0.0549054620689559,
    "price_change_20d": 0.05483092795104501,
    "rsi": 0.05391138896003629,
    "price_change_5d": 0.05316129988250369,
    "K": 0.04774739720381534,
    "D": 0.047222082885197525,
    "bb_position": 0.045518218238034355
  }
}