{
  "ticker": "1605.TW",
  "analysis_date": "2026-01-12",
  "model_accuracy": 0.5572815533980583,
  "feature_importance": {
    "MA50_slope": 0.07071535589422817,
    "volatility": 0.06921902048045908,
    "OBV": 0.06639321892980071,
    "MA_200": 0.06573590672773802,
    "OBV_MA": 0.06358129820028381,
    "macd_signal": 0.06349155118745801,
    "MA_50": 0.06320522521298746,
    "MA_20": 0.06318413634641051,
    "ATR": 0.06245707039559692,
    "macd": 0.05878997093464751,
    "price_change_20d": 0.05451112384681395,
    "price_change_5d": 0.05396952568260336,
    "rsi": 0.0521314294687626,
    "macd_hist": 0.050577365230886594,
    "K": 0.047883696238723024,
    "D": 0.04751520964601291,
    "bb_position": 0.04663889557658722
  }
}