{
  "ticker": "1711.TW",
  "model_type": "XGBoost",
  "model_accuracy": 0.6774193548387096,
  "feature_importance": {
    "sma_200": 0.0662846788764,
    "macd_signal": 0.06563592702150345,
    "obv_ma20": 0.06419289857149124,
    "obv": 0.06233362480998039,
    "sma_10": 0.059291739016771317,
    "macd_hist": 0.05925986170768738,
    "ma50_slope": 0.05816994979977608,
    "atr": 0.05742432177066803,
    "sma_50": 0.05324970930814743,
    "volatility": 0.050820425152778625,
    "sma_30": 0.05007430911064148,
    "K": 0.04974351450800896,
    "macd": 0.04543678089976311,
    "bb_position": 0.045206110924482346,
    "price_change_5d": 0.04502222314476967,
    "price_change_10d": 0.04332728683948517,
    "price_change_20d": 0.04320515692234039,
    "rsi": 0.04276588559150696,
    "D": 0.038555581122636795
  }
}