{
  "ticker": "1717.TW",
  "model_type": "XGBoost",
  "model_accuracy": 0.6595330739299611,
  "feature_importance": {
    "atr": 0.07269049435853958,
    "sma_50": 0.06336260586977005,
    "volatility": 0.06059996783733368,
    "sma_10": 0.057894736528396606,
    "macd_signal": 0.05700528994202614,
    "sma_30": 0.05546913668513298,
    "sma_200": 0.054755911231040955,
    "ma50_slope": 0.05430351570248604,
    "obv": 0.053655218333005905,
    "obv_ma20": 0.05209299176931381,
    "price_change_20d": 0.05184739828109741,
    "macd_hist": 0.04985643923282623,
    "D": 0.0491911917924881,
    "macd": 0.04844316467642784,
    "price_change_5d": 0.047197457402944565,
    "rsi": 0.04623480886220932,
    "price_change_10d": 0.045267581939697266,
    "K": 0.04009753465652466,
    "bb_position": 0.040034614503383636
  }
}