{
  "ticker": "1727.TW",
  "analysis_date": "2026-04-29",
  "model_accuracy": 0.5553398058252427,
  "feature_importance": {
    "OBV_MA": 0.07070258711426632,
    "MA_20": 0.07007672833283415,
    "MA_200": 0.06908383338910858,
    "OBV": 0.06881669852872582,
    "MA_50": 0.06843188104215008,
    "macd_signal": 0.06590648850273288,
    "MA50_slope": 0.06571044120151011,
    "macd": 0.057542612064229066,
    "volatility": 0.05689991716496605,
    "macd_hist": 0.05550247909822703,
    "ATR": 0.054935119681680834,
    "price_change_20d": 0.05228685865508603,
    "K": 0.050202332448518266,
    "bb_position": 0.04984292344684741,
    "rsi": 0.0491074703835393,
    "price_change_5d": 0.04837518689709439,
    "D": 0.0465764420484837
  }
}