{
  "ticker": "1785.TWO",
  "model_type": "XGBoost",
  "model_accuracy": 0.6206225680933852,
  "feature_importance": {
    "sma_200": 0.07001364231109619,
    "obv": 0.06755936145782471,
    "sma_50": 0.06375053524971008,
    "obv_ma20": 0.05909668654203415,
    "macd": 0.05901925265789032,
    "atr": 0.0582893006503582,
    "sma_30": 0.05594153329730034,
    "volatility": 0.053695518523454666,
    "rsi": 0.051349937915802,
    "sma_10": 0.050004005432128906,
    "ma50_slope": 0.048836808651685715,
    "price_change_20d": 0.04815609008073807,
    "D": 0.047678474336862564,
    "price_change_5d": 0.047370877116918564,
    "K": 0.04543907940387726,
    "price_change_10d": 0.04532647132873535,
    "macd_signal": 0.044188737869262695,
    "macd_hist": 0.043393608182668686,
    "bb_position": 0.040890175849199295
  }
}