{
  "ticker": "1795.TW",
  "model_type": "XGBoost",
  "model_accuracy": 0.36770428015564205,
  "feature_importance": {
    "sma_200": 0.07284247130155563,
    "sma_30": 0.06649316102266312,
    "obv_ma20": 0.06572511792182922,
    "sma_10": 0.06033678725361824,
    "sma_50": 0.059627823531627655,
    "obv": 0.05953408032655716,
    "ma50_slope": 0.05754809454083443,
    "macd_signal": 0.053386397659778595,
    "D": 0.0530703105032444,
    "price_change_5d": 0.051635950803756714,
    "price_change_20d": 0.05046534910798073,
    "atr": 0.04962627589702606,
    "volatility": 0.04807219281792641,
    "macd": 0.0469060093164444,
    "rsi": 0.046064093708992004,
    "bb_position": 0.04363090917468071,
    "macd_hist": 0.04163707047700882,
    "K": 0.03714313730597496,
    "price_change_10d": 0.03625475615262985
  }
}