{
  "ticker": "1802.TW",
  "analysis_date": "2026-01-24",
  "model_accuracy": 0.4912621359223301,
  "feature_importance": {
    "MA_200": 0.07907956464547858,
    "OBV": 0.07455446230431478,
    "OBV_MA": 0.07223999461227065,
    "MA_50": 0.06977904938599017,
    "ATR": 0.06749902573035503,
    "MA_20": 0.06624149042416903,
    "MA50_slope": 0.06320922489446622,
    "macd_signal": 0.06072653551414995,
    "volatility": 0.05663459801986091,
    "macd": 0.05600142941507987,
    "macd_hist": 0.052985894023977353,
    "price_change_5d": 0.052832550102123434,
    "price_change_20d": 0.048609488449474686,
    "rsi": 0.04816583549280721,
    "bb_position": 0.0469497838267222,
    "D": 0.045678231839746876,
    "K": 0.0388128413190132
  }
}