{
  "ticker": "1810.HK",
  "analysis_date": "2026-01-31",
  "model_accuracy": 0.44753086419753085,
  "feature_importance": {
    "MA_20": 0.07727964820020568,
    "MA_50": 0.07600970531197641,
    "MA_200": 0.070948343246934,
    "OBV_MA": 0.06806925947188996,
    "macd_signal": 0.06576066459354919,
    "MA50_slope": 0.06352231396151413,
    "macd_hist": 0.062432250079625246,
    "OBV": 0.0580061932960889,
    "ATR": 0.057049824319650805,
    "volatility": 0.05511509769381624,
    "bb_position": 0.0551136909273454,
    "price_change_20d": 0.054990530993938615,
    "macd": 0.052069113272410775,
    "D": 0.04951677464362661,
    "price_change_5d": 0.0493065551045552,
    "rsi": 0.04592306899766039,
    "K": 0.038886965885212565
  }
}