{
  "ticker": "2002.TW",
  "analysis_date": "2026-02-03",
  "model_accuracy": 0.7339805825242719,
  "best_horizon_days": 1,
  "feature_importance": {
    "volatility_50": 0.12181755155324936,
    "volatility": 0.08045245707035065,
    "bb_position": 0.07388241589069366,
    "K": 0.06238454952836037,
    "MA_50": 0.06126836687326431,
    "MA_20": 0.053160976618528366,
    "volatility_10": 0.049334220588207245,
    "D": 0.04898491129279137,
    "return_3d": 0.04882568493485451,
    "ATR": 0.04668928310275078,
    "price_change_5d": 0.0428236722946167,
    "MA50_slope": 0.041318561881780624,
    "rsi": 0.04031776636838913,
    "MA_200": 0.03683149442076683,
    "return_1d": 0.03643275797367096,
    "macd_signal": 0.035700488835573196,
    "macd": 0.034640513360500336,
    "return_2d": 0.03459938243031502,
    "volume_change_1d": 0.027922751381993294,
    "price_change_20d": 0.022612184286117554,
    "macd_hist": 0.0,
    "OBV": 0.0,
    "OBV_MA": 0.0,
    "return_5d": 0.0,
    "volume_ma_5": 0.0,
    "volume_ma_20": 0.0
  }
}