{
  "ticker": "2059.TW",
  "accuracy": 0.5339805825242718,
  "features": {
    "rsi": 0.14709980941373815,
    "macd": 0.16039990628275877,
    "macd_signal": 0.16262785073254812,
    "sma_10": 0.16815823614261163,
    "sma_30": 0.17064938155327308,
    "sma_50": 0.19106481587507027
  }
}