{
  "ticker": "2059.TW",
  "analysis_date": "2026-02-25",
  "model_accuracy": 0.49320388349514566,
  "feature_importance": {
    "MA_50": 0.0748329992914759,
    "OBV_MA": 0.06838949803137422,
    "volatility": 0.06732561054387878,
    "MA_200": 0.06494463220710447,
    "MA_20": 0.06406833903409209,
    "ATR": 0.06287540519450349,
    "OBV": 0.06244567661373069,
    "macd_hist": 0.05800861437810594,
    "price_change_20d": 0.05760862976810294,
    "MA50_slope": 0.05757686557711132,
    "macd": 0.056504762618855134,
    "rsi": 0.054852997935434675,
    "macd_signal": 0.05460847096746688,
    "bb_position": 0.05312611421709129,
    "D": 0.052434973116750924,
    "K": 0.045332323158533694,
    "price_change_5d": 0.045064087346387664
  }
}