{
  "ticker": "2059.TW",
  "accuracy": 0.512621359223301,
  "features": {
    "rsi": 0.14790004239986151,
    "macd": 0.1610389619615117,
    "macd_signal": 0.16408466494341487,
    "sma_10": 0.16950654002535814,
    "sma_30": 0.1697712132033152,
    "sma_50": 0.1876985774665386
  }
}