{
  "ticker": "2202.HK",
  "analysis_date": "2026-01-31",
  "model_accuracy": 0.3822937625754527,
  "feature_importance": {
    "MA50_slope": 0.07340278042410513,
    "MA_50": 0.07307902877344052,
    "MA_20": 0.0710559145511735,
    "OBV_MA": 0.06784419304380737,
    "OBV": 0.06644218715594179,
    "macd": 0.06424210184888318,
    "MA_200": 0.06349213891097708,
    "volatility": 0.06194615689772484,
    "ATR": 0.05894180634673139,
    "macd_signal": 0.05733141801005926,
    "macd_hist": 0.05720050370825224,
    "D": 0.05064903892671721,
    "price_change_20d": 0.05055783160925577,
    "rsi": 0.04926335558313419,
    "price_change_5d": 0.047931251961243274,
    "bb_position": 0.045506027770812085,
    "K": 0.041114264477741115
  }
}