{
  "ticker": "2202.HK",
  "model_type": "XGBoost",
  "model_accuracy": 0.6075697211155379,
  "feature_importance": {
    "macd": 0.06778346747159958,
    "sma_50": 0.06400417536497116,
    "sma_200": 0.06087220832705498,
    "macd_signal": 0.058094434440135956,
    "sma_30": 0.0568474680185318,
    "obv": 0.05501699447631836,
    "sma_10": 0.054091449826955795,
    "obv_ma20": 0.05335328355431557,
    "ma50_slope": 0.05275234952569008,
    "atr": 0.05166539549827576,
    "rsi": 0.05078517273068428,
    "volatility": 0.05068754777312279,
    "D": 0.05050309747457504,
    "macd_hist": 0.047492798417806625,
    "bb_position": 0.047154899686574936,
    "price_change_10d": 0.0468880869448185,
    "K": 0.045347701758146286,
    "price_change_20d": 0.04494420439004898,
    "price_change_5d": 0.04171527549624443
  }
}