{
  "ticker": "2301.TW",
  "analysis_date": "2026-01-27",
  "model_accuracy": 0.49902912621359224,
  "feature_importance": {
    "OBV_MA": 0.07596628721706818,
    "ATR": 0.06813773259367584,
    "OBV": 0.06744371326292402,
    "MA_50": 0.06727971703795914,
    "MA_20": 0.06715144022732841,
    "MA_200": 0.06678700507061594,
    "MA50_slope": 0.06299423616665539,
    "macd_signal": 0.06103647380475228,
    "macd": 0.05866738611019031,
    "macd_hist": 0.058586391119156866,
    "volatility": 0.05751607788086255,
    "D": 0.05021260440965115,
    "price_change_20d": 0.049338145102631126,
    "K": 0.04842967983691982,
    "rsi": 0.047831878286904994,
    "bb_position": 0.04766577741414677,
    "price_change_5d": 0.04495545445855715
  }
}