{
  "ticker": "2303.TW",
  "model_type": "XGBoost",
  "model_accuracy": 0.6653696498054474,
  "feature_importance": {
    "obv_ma20": 0.07281269878149033,
    "sma_10": 0.07224380970001221,
    "sma_200": 0.07057953625917435,
    "sma_50": 0.06185397505760193,
    "obv": 0.05942920222878456,
    "macd_signal": 0.05749077722430229,
    "price_change_20d": 0.0563858300447464,
    "atr": 0.05550788342952728,
    "ma50_slope": 0.05077768489718437,
    "macd_hist": 0.04854057729244232,
    "sma_30": 0.0480254702270031,
    "volatility": 0.04724305868148804,
    "macd": 0.045507900416851044,
    "rsi": 0.04482608288526535,
    "D": 0.0441923551261425,
    "price_change_10d": 0.042303550988435745,
    "price_change_5d": 0.04171637445688248,
    "bb_position": 0.04090163856744766,
    "K": 0.03966164588928223
  }
}