{
  "ticker": "2303.TW",
  "analysis_date": "2026-01-12",
  "model_accuracy": 0.5572815533980583,
  "feature_importance": {
    "MA_200": 0.07619951327280715,
    "OBV_MA": 0.07280733529502682,
    "MA50_slope": 0.0673036676755607,
    "MA_20": 0.06576604943637437,
    "OBV": 0.06527789288109499,
    "MA_50": 0.06383531991263557,
    "ATR": 0.0637265082463307,
    "macd_signal": 0.05988724550683194,
    "macd": 0.05952264202921936,
    "macd_hist": 0.05866025857019896,
    "volatility": 0.05692456187188064,
    "price_change_20d": 0.05241379873341114,
    "bb_position": 0.05146456629394908,
    "D": 0.04912238771150768,
    "price_change_5d": 0.04766380550813703,
    "K": 0.046310649994160694,
    "rsi": 0.04311379706087317
  }
}