{
  "ticker": "2303.TW",
  "analysis_date": "2026-05-09",
  "model_accuracy": 0.5553398058252427,
  "feature_importance": {
    "MA_200": 0.07745711908900937,
    "OBV_MA": 0.07328111865133283,
    "MA_20": 0.06734557601629237,
    "ATR": 0.06647320822863509,
    "MA50_slope": 0.06538699441366232,
    "OBV": 0.06519492798173862,
    "MA_50": 0.06404827773022212,
    "macd_signal": 0.061542613159282666,
    "volatility": 0.06005330076459911,
    "macd_hist": 0.05839110502034037,
    "macd": 0.05545537264341777,
    "price_change_20d": 0.05145721854865628,
    "bb_position": 0.0507283215288267,
    "K": 0.04650934110487556,
    "D": 0.04624068523733746,
    "price_change_5d": 0.04551362102449025,
    "rsi": 0.04492119885728111
  }
}