{
  "ticker": "2308.TW",
  "model_type": "trend_following_v2",
  "analysis_date": "2026-02-05",
  "model_accuracy": 0.5175600739371534,
  "note": "RSI removed from features - trend following model",
  "feature_importance": {
    "macd": 0.11986311647089377,
    "macd_signal": 0.11975026845268999,
    "macd_hist": 0.11071967644595897,
    "bb_position": 0.0966952812319407,
    "volume_ratio": 0.09230349874153286,
    "price_momentum": 0.09597047405615353,
    "ma50_slope": 0.12578540234158975,
    "atr_pct": 0.14476405016157173,
    "price_change_1d": 0.0941482320976687
  }
}