{
  "ticker": "2308.TW",
  "analysis_date": "2026-05-09",
  "model_accuracy": 0.5223300970873787,
  "feature_importance": {
    "volatility": 0.0775658053725093,
    "MA_20": 0.06776362564741346,
    "MA_200": 0.06758259237184142,
    "MA_50": 0.06608297793037173,
    "OBV_MA": 0.06439901317039737,
    "macd_signal": 0.06322049764881471,
    "MA50_slope": 0.06073398543830583,
    "OBV": 0.060476243884587354,
    "macd": 0.06018823858497563,
    "ATR": 0.05990010176069901,
    "bb_position": 0.054456929652903024,
    "macd_hist": 0.05329390126418916,
    "price_change_20d": 0.051763098877241606,
    "price_change_5d": 0.049336076545018426,
    "rsi": 0.049245808192941866,
    "K": 0.04870537121894289,
    "D": 0.04528573243884712
  }
}