{
  "ticker": "2308.TW",
  "analysis_date": "2026-01-31",
  "model_accuracy": 0.5281553398058253,
  "feature_importance": {
    "volatility": 0.07984555611583702,
    "MA_200": 0.06670692029781582,
    "MA_20": 0.06615441806313987,
    "macd_signal": 0.06558996658861853,
    "MA_50": 0.06552656590470225,
    "MA50_slope": 0.06229973237392329,
    "OBV": 0.06159276795871448,
    "ATR": 0.06125468922147053,
    "macd": 0.060239338793444085,
    "OBV_MA": 0.060216672538860136,
    "bb_position": 0.053824379143389264,
    "macd_hist": 0.05306713901755432,
    "price_change_20d": 0.05130660301684792,
    "price_change_5d": 0.05026536523031027,
    "D": 0.049238383366881425,
    "rsi": 0.04852373886530266,
    "K": 0.04434776350318797
  }
}