{
  "ticker": "2308.TW",
  "model_type": "XGBoost",
  "model_accuracy": 0.5369649805447471,
  "feature_importance": {
    "sma_30": 0.0767703726887703,
    "sma_50": 0.07201007008552551,
    "volatility": 0.06439391523599625,
    "sma_200": 0.06255032122135162,
    "obv_ma20": 0.06172533705830574,
    "sma_10": 0.0607183463871479,
    "macd_signal": 0.05068393424153328,
    "atr": 0.05043407529592514,
    "obv": 0.05041118711233139,
    "price_change_5d": 0.049259938299655914,
    "price_change_20d": 0.047357890754938126,
    "macd": 0.04697366803884506,
    "ma50_slope": 0.04661295935511589,
    "macd_hist": 0.04555235803127289,
    "price_change_10d": 0.043871063739061356,
    "K": 0.043716005980968475,
    "D": 0.04319702088832855,
    "rsi": 0.04293401166796684,
    "bb_position": 0.04082754999399185
  }
}