{
  "ticker": "2308.TW",
  "analysis_date": "2026-01-28",
  "model_accuracy": 0.5223300970873787,
  "feature_importance": {
    "volatility": 0.07633318650615567,
    "MA_200": 0.06978452385380804,
    "MA_20": 0.0670082365285891,
    "MA_50": 0.0667127209441651,
    "OBV_MA": 0.0643476987289975,
    "macd_signal": 0.06425334767297607,
    "OBV": 0.06347716004843865,
    "MA50_slope": 0.06236482225611878,
    "ATR": 0.0581330591159839,
    "macd": 0.05760251234032718,
    "price_change_20d": 0.05363130914817989,
    "bb_position": 0.05320551832797731,
    "macd_hist": 0.05109005002014277,
    "price_change_5d": 0.05022253777261152,
    "rsi": 0.0488385377312331,
    "D": 0.04668654931099755,
    "K": 0.046308229693297925
  }
}