{
  "ticker": "2313.TW",
  "analysis_date": "2026-01-31",
  "model_accuracy": 0.4912621359223301,
  "feature_importance": {
    "MA_50": 0.07973103691211272,
    "MA_20": 0.0767982090959137,
    "MA_200": 0.07433175965753173,
    "OBV_MA": 0.07400023730259944,
    "OBV": 0.06466780561574728,
    "macd": 0.0627062492337871,
    "ATR": 0.05918664520017096,
    "macd_signal": 0.057466067684170424,
    "volatility": 0.0573744933556858,
    "MA50_slope": 0.05475197036066557,
    "macd_hist": 0.05390534277470998,
    "rsi": 0.05322263014796233,
    "price_change_20d": 0.05080708742286756,
    "D": 0.047516997278178826,
    "price_change_5d": 0.046466820127171606,
    "bb_position": 0.04425985263169451,
    "K": 0.04280679519903043
  }
}