{
  "ticker": "2313.TW",
  "model_type": "XGBoost",
  "model_accuracy": 0.5505836575875487,
  "feature_importance": {
    "obv_ma20": 0.07061585783958435,
    "sma_50": 0.06818554550409317,
    "sma_30": 0.06743897497653961,
    "sma_200": 0.0656251609325409,
    "obv": 0.06280241161584854,
    "sma_10": 0.057976994663476944,
    "rsi": 0.052856896072626114,
    "ma50_slope": 0.05203484371304512,
    "D": 0.0515284538269043,
    "macd_signal": 0.05098872259259224,
    "volatility": 0.04883042350411415,
    "atr": 0.048581358045339584,
    "price_change_20d": 0.047747187316417694,
    "macd_hist": 0.04662270098924637,
    "macd": 0.04584982246160507,
    "bb_position": 0.045609649270772934,
    "price_change_10d": 0.04320620745420456,
    "K": 0.03700120002031326,
    "price_change_5d": 0.036497533321380615
  }
}