{
  "ticker": "2313.TW",
  "analysis_date": "2026-01-28",
  "model_accuracy": 0.487378640776699,
  "feature_importance": {
    "MA_50": 0.0792969873750317,
    "MA_20": 0.07848128044140716,
    "MA_200": 0.07422141596922427,
    "OBV_MA": 0.07263357320139155,
    "macd": 0.06492359599661919,
    "OBV": 0.06383360336708997,
    "ATR": 0.05914038881031552,
    "macd_signal": 0.05831928377327766,
    "volatility": 0.05800903084993346,
    "rsi": 0.05358866676504732,
    "MA50_slope": 0.05339236748264123,
    "macd_hist": 0.052596713432426744,
    "price_change_20d": 0.04879176381157643,
    "D": 0.047936666046512796,
    "price_change_5d": 0.04770793533245985,
    "bb_position": 0.0450412240682805,
    "K": 0.042085503276764885
  }
}