{
  "ticker": "2313.TW",
  "analysis_date": "2026-05-09",
  "model_accuracy": 0.48349514563106794,
  "feature_importance": {
    "MA_50": 0.08048570438916518,
    "MA_20": 0.0755602514800838,
    "MA_200": 0.07370274374630037,
    "OBV_MA": 0.07309825557029835,
    "OBV": 0.06542641698747827,
    "macd": 0.06230809564871885,
    "ATR": 0.05978477598532222,
    "volatility": 0.0586280468927598,
    "macd_signal": 0.05810206035932491,
    "MA50_slope": 0.05523772946248755,
    "macd_hist": 0.05237820530043437,
    "rsi": 0.05205862537163056,
    "price_change_20d": 0.05201780611965024,
    "D": 0.04711616866049049,
    "price_change_5d": 0.04699145954391687,
    "bb_position": 0.04507205856868149,
    "K": 0.042031595913256774
  }
}