{
  "ticker": "2314.TW",
  "analysis_date": "2026-02-14",
  "model_accuracy": 0.4893203883495146,
  "feature_importance": {
    "MA_50": 0.07000031094962449,
    "OBV": 0.06818651813664825,
    "MA_200": 0.06811644330433889,
    "MA50_slope": 0.06789165577514693,
    "OBV_MA": 0.06458771965484159,
    "volatility": 0.06417479416683963,
    "MA_20": 0.06238900013940694,
    "macd_signal": 0.06127128239555425,
    "ATR": 0.05779079774806469,
    "macd": 0.05768053562178369,
    "D": 0.054850756527718404,
    "price_change_20d": 0.05449503492001121,
    "price_change_5d": 0.05423290931339991,
    "macd_hist": 0.05217855243446226,
    "rsi": 0.04798939141496967,
    "K": 0.04748153890023072,
    "bb_position": 0.04668275859695862
  }
}