{
  "ticker": "2317.TW",
  "model_type": "XGBoost",
  "model_accuracy": 0.5175097276264592,
  "feature_importance": {
    "sma_200": 0.07157162576913834,
    "sma_10": 0.0639323741197586,
    "macd": 0.06324039399623871,
    "sma_30": 0.06197656691074371,
    "ma50_slope": 0.05700106918811798,
    "atr": 0.05688493326306343,
    "macd_hist": 0.056754592806100845,
    "sma_50": 0.056065186858177185,
    "macd_signal": 0.05563037097454071,
    "obv_ma20": 0.05523321405053139,
    "rsi": 0.04862092062830925,
    "obv": 0.04651574790477753,
    "D": 0.04639887437224388,
    "price_change_10d": 0.04436749964952469,
    "volatility": 0.04431351646780968,
    "price_change_20d": 0.043675292283296585,
    "price_change_5d": 0.04316091164946556,
    "K": 0.04259924218058586,
    "bb_position": 0.04205770790576935
  }
}