{
  "ticker": "2317.TW",
  "name": "鸿海",
  "analysis_date": "2025-12-25",
  "model_accuracy": 0.4742729306487696,
  "data_points": 2234,
  "feature_importance": {
    "MA_200": 0.08679923408440354,
    "MA_20": 0.07200687316846913,
    "MA_50": 0.06921067463855396,
    "ATR": 0.06701220429640531,
    "MA50_slope": 0.06630353789041246,
    "OBV": 0.06562371238501255,
    "OBV_MA": 0.0642216128619864,
    "macd": 0.056130571070683595,
    "volatility": 0.056066866512645204,
    "macd_hist": 0.055343301307898246,
    "macd_signal": 0.052537157011228484,
    "D": 0.05019873209466065,
    "price_change_20d": 0.050188498778582086,
    "bb_position": 0.04827546516154538,
    "K": 0.04747385042601523,
    "price_change_5d": 0.04681817120275514,
    "rsi": 0.04578953710874275
  }
}