{
  "ticker": "2317.TW",
  "model_type": "trend_following_v2",
  "analysis_date": "2026-02-05",
  "model_accuracy": 0.4787430683918669,
  "note": "RSI removed from features - trend following model",
  "feature_importance": {
    "macd": 0.11911681162698862,
    "macd_signal": 0.11872949335140333,
    "macd_hist": 0.11888006142331045,
    "bb_position": 0.09591040355972508,
    "volume_ratio": 0.0946412794689189,
    "price_momentum": 0.10063635889525198,
    "ma50_slope": 0.12604560888397837,
    "atr_pct": 0.12992804437686395,
    "price_change_1d": 0.09611193841355939
  }
}