{
  "ticker": "2317.TW",
  "analysis_date": "2026-01-28",
  "model_accuracy": 0.4893203883495146,
  "feature_importance": {
    "MA_200": 0.08168987041807739,
    "MA_50": 0.0699491469961251,
    "ATR": 0.06846669641568748,
    "MA_20": 0.06754378756378633,
    "OBV_MA": 0.0659138996496297,
    "OBV": 0.06560831818531138,
    "MA50_slope": 0.06313151742832443,
    "volatility": 0.05974869414342942,
    "macd_hist": 0.05664370089051949,
    "macd_signal": 0.056610175038036524,
    "macd": 0.05501592210189872,
    "bb_position": 0.05059989586156137,
    "D": 0.048371078812743225,
    "rsi": 0.04826601706199603,
    "price_change_20d": 0.048201853155164585,
    "K": 0.047135060870998655,
    "price_change_5d": 0.04710436540671026
  }
}