{
  "ticker": "2317.TW",
  "analysis_date": "2026-05-09",
  "model_accuracy": 0.487378640776699,
  "feature_importance": {
    "MA_200": 0.08061768981044927,
    "MA_50": 0.07283719041943994,
    "ATR": 0.06729920235179723,
    "OBV": 0.0664130197228968,
    "MA_20": 0.06550569930401996,
    "OBV_MA": 0.0643978395150909,
    "MA50_slope": 0.06348221347529151,
    "volatility": 0.06175962430088834,
    "macd_signal": 0.05638024629868277,
    "macd_hist": 0.055281507828700414,
    "macd": 0.055108873841137204,
    "bb_position": 0.050458972091748794,
    "price_change_5d": 0.049323081301973916,
    "rsi": 0.0491357507217858,
    "K": 0.048595271323681875,
    "D": 0.047239430265361856,
    "price_change_20d": 0.04616438742705331
  }
}