{
  "ticker": "2327.TW",
  "analysis_date": "2026-01-11",
  "model_accuracy": 0.47184466019417476,
  "feature_importance": {
    "volatility": 0.07272954309368775,
    "OBV": 0.06986586312374425,
    "OBV_MA": 0.06802854757585876,
    "MA_200": 0.0675470538440353,
    "MA_50": 0.06741940564891456,
    "macd_signal": 0.06547980329203089,
    "ATR": 0.06448086455387977,
    "MA50_slope": 0.06430422749492219,
    "MA_20": 0.06223520698593184,
    "macd_hist": 0.055113220523575486,
    "macd": 0.05288601632611157,
    "D": 0.052056367509455456,
    "price_change_20d": 0.04946430874722594,
    "price_change_5d": 0.04808819344846802,
    "bb_position": 0.047977140453417375,
    "K": 0.0464745504418415,
    "rsi": 0.045849686936899336
  }
}