{
  "ticker": "2327.TW",
  "analysis_date": "2026-01-28",
  "model_accuracy": 0.46601941747572817,
  "feature_importance": {
    "volatility": 0.07286286950013506,
    "OBV": 0.06868965254470093,
    "MA_200": 0.06795579417190196,
    "MA_50": 0.06757595293055886,
    "OBV_MA": 0.06640507225635446,
    "macd_signal": 0.06569066403032894,
    "MA50_slope": 0.06391989672409397,
    "ATR": 0.06377796473849769,
    "MA_20": 0.06347231816776433,
    "macd_hist": 0.05624084344294984,
    "macd": 0.0531447921771487,
    "D": 0.05038584245855254,
    "bb_position": 0.04947923676782784,
    "price_change_5d": 0.04907993733398153,
    "price_change_20d": 0.048688556837242394,
    "rsi": 0.04680447244341122,
    "K": 0.04582613347454992
  }
}