{
  "ticker": "2327.TW",
  "analysis_date": "2026-05-09",
  "model_accuracy": 0.47378640776699027,
  "feature_importance": {
    "volatility": 0.0722571831450145,
    "OBV": 0.07135037508155502,
    "MA_50": 0.06870873059469997,
    "MA_200": 0.0676661168370416,
    "OBV_MA": 0.06621915165923303,
    "MA50_slope": 0.065229925446361,
    "macd_signal": 0.06507537049610503,
    "MA_20": 0.06327352525014637,
    "ATR": 0.06242536845314433,
    "macd_hist": 0.05544914021180806,
    "macd": 0.052144732462689046,
    "D": 0.050474913672820684,
    "price_change_20d": 0.049206553920417534,
    "bb_position": 0.048966084247579755,
    "price_change_5d": 0.048715463689834634,
    "rsi": 0.04670727972006178,
    "K": 0.046130085111487716
  }
}