{
  "ticker": "2330.TW",
  "analysis_date": "2026-01-24",
  "model_accuracy": 0.47184466019417476,
  "feature_importance": {
    "macd_signal": 0.07078645625886727,
    "MA_20": 0.07075645911644617,
    "MA_200": 0.06880679037188357,
    "volatility": 0.0682849735315432,
    "OBV_MA": 0.06561529266315382,
    "MA_50": 0.06261230912137715,
    "OBV": 0.061291684796261396,
    "macd": 0.060362011077004715,
    "MA50_slope": 0.058542630896204775,
    "ATR": 0.057425494586090045,
    "macd_hist": 0.05454707245815588,
    "bb_position": 0.051344821847404985,
    "D": 0.05111205217348971,
    "price_change_20d": 0.051001122289665655,
    "K": 0.050935804951803686,
    "price_change_5d": 0.04862077063388995,
    "rsi": 0.04795425322675807
  }
}