{
  "ticker": "2330.TW",
  "model_type": "XGBoost",
  "model_accuracy": 0.5369649805447471,
  "feature_importance": {
    "obv_ma20": 0.07193206995725632,
    "sma_10": 0.06547356396913528,
    "sma_200": 0.06112264469265938,
    "obv": 0.06003159284591675,
    "macd_signal": 0.05653306841850281,
    "macd": 0.05603538826107979,
    "volatility": 0.05560854449868202,
    "atr": 0.05390723794698715,
    "ma50_slope": 0.05280754342675209,
    "sma_50": 0.05095069482922554,
    "K": 0.04899970814585686,
    "macd_hist": 0.04874790832400322,
    "sma_30": 0.04794083535671234,
    "price_change_20d": 0.046252649277448654,
    "bb_position": 0.045622263103723526,
    "price_change_5d": 0.04500913247466087,
    "price_change_10d": 0.04478348419070244,
    "D": 0.044353269040584564,
    "rsi": 0.043888382613658905
  }
}