{
  "ticker": "2337.TW",
  "analysis_date": "2025-12-30",
  "model_accuracy": 0.5333333333333333,
  "feature_importance": {
    "volatility": 0.0711837498873319,
    "ATR": 0.07104325064787384,
    "MA_200": 0.06899151467720063,
    "OBV_MA": 0.06797487743018445,
    "MA_20": 0.06636650259358046,
    "MA_50": 0.060389042678519474,
    "macd": 0.05996664717231986,
    "OBV": 0.05985490023745272,
    "MA50_slope": 0.059796235182770774,
    "macd_signal": 0.05903901463436582,
    "D": 0.05809745007033355,
    "macd_hist": 0.05461746040727202,
    "K": 0.05262779771628094,
    "price_change_5d": 0.049678071563851074,
    "price_change_20d": 0.04763901509420904,
    "bb_position": 0.04693878473171546,
    "rsi": 0.04579568527473798
  }
}