{
  "ticker": "2337.TW",
  "analysis_date": "2026-02-11",
  "model_accuracy": 0.5572815533980583,
  "feature_importance": {
    "OBV_MA": 0.06963072254222137,
    "volatility": 0.06835894747521133,
    "MA_20": 0.06765644759481812,
    "ATR": 0.06587495719205108,
    "OBV": 0.06439618656130972,
    "MA50_slope": 0.06384955653869229,
    "MA_50": 0.06250588412841823,
    "macd_signal": 0.062254374183144036,
    "MA_200": 0.0610512814987704,
    "macd_hist": 0.0577023975034567,
    "macd": 0.05764858538338923,
    "D": 0.056232352897275274,
    "bb_position": 0.05041223957093308,
    "price_change_20d": 0.04941150527289625,
    "price_change_5d": 0.04871322185225122,
    "K": 0.0480333439937696,
    "rsi": 0.04626799581139207
  }
}