{
  "ticker": "2344.TW",
  "name": "华邦电",
  "analysis_date": "2025-12-25",
  "model_accuracy": 0.5861297539149888,
  "data_points": 2234,
  "feature_importance": {
    "MA_200": 0.0823189648671037,
    "MA_50": 0.06928717649642634,
    "OBV_MA": 0.0683976554550783,
    "MA_20": 0.06639032207769353,
    "OBV": 0.06626942816514646,
    "macd_signal": 0.0662197772542183,
    "MA50_slope": 0.06302350383124554,
    "volatility": 0.06246234435028835,
    "ATR": 0.05745724533719492,
    "price_change_20d": 0.05520869669465576,
    "macd": 0.05477839765233491,
    "macd_hist": 0.051452359379003484,
    "rsi": 0.04904880513186563,
    "D": 0.04846185299808057,
    "bb_position": 0.04751646852236689,
    "price_change_5d": 0.046314350480634335,
    "K": 0.04539265130666309
  }
}