{
  "ticker": "2345.TW",
  "analysis_date": "2026-05-09",
  "model_accuracy": 0.5339805825242718,
  "feature_importance": {
    "volatility": 0.07647791327281583,
    "macd_signal": 0.07211990634267956,
    "ATR": 0.07028761439930256,
    "MA_50": 0.06638561540718364,
    "MA_200": 0.06201105687945477,
    "OBV": 0.06106991423161394,
    "OBV_MA": 0.06040614402890068,
    "MA_20": 0.059547876363360855,
    "MA50_slope": 0.058918102887628894,
    "macd": 0.058673084627930534,
    "rsi": 0.05483873790754706,
    "macd_hist": 0.053830244677548475,
    "price_change_5d": 0.052533204824757075,
    "price_change_20d": 0.04939071449004502,
    "D": 0.048896714944055515,
    "K": 0.04843878649259933,
    "bb_position": 0.046174368222576104
  }
}