{
  "ticker": "2345.TW",
  "model_type": "XGBoost",
  "model_accuracy": 0.5233463035019456,
  "feature_importance": {
    "sma_200": 0.06761109083890915,
    "sma_10": 0.06544850021600723,
    "sma_30": 0.06303247064352036,
    "sma_50": 0.061465829610824585,
    "obv_ma20": 0.05853523313999176,
    "macd_signal": 0.05676745995879173,
    "atr": 0.05562550947070122,
    "obv": 0.0555512011051178,
    "macd_hist": 0.05345674231648445,
    "volatility": 0.04961778223514557,
    "price_change_5d": 0.048784419894218445,
    "rsi": 0.04867381229996681,
    "macd": 0.04859038069844246,
    "K": 0.04784480854868889,
    "ma50_slope": 0.04609999805688858,
    "D": 0.04404466226696968,
    "price_change_20d": 0.043365154415369034,
    "price_change_10d": 0.04283474385738373,
    "bb_position": 0.042650263756513596
  }
}