{
  "ticker": "2345.TW",
  "analysis_date": "2026-01-31",
  "model_accuracy": 0.5266990291262136,
  "feature_importance": {
    "volatility": 0.07488513642560807,
    "macd_signal": 0.07393047596378609,
    "ATR": 0.07033669252943615,
    "MA_50": 0.06579418246464198,
    "MA_200": 0.06384394728710265,
    "OBV": 0.06383700945984525,
    "OBV_MA": 0.05991475470549092,
    "MA50_slope": 0.05871402460697265,
    "MA_20": 0.05801270142586021,
    "macd": 0.05677309810982187,
    "macd_hist": 0.055256120680979806,
    "rsi": 0.05329514931143264,
    "price_change_5d": 0.05240637717758057,
    "K": 0.04929471753404023,
    "D": 0.04855126394312105,
    "price_change_20d": 0.048281745523495886,
    "bb_position": 0.046872602850784074
  }
}