{
  "ticker": "2357.TW",
  "model_type": "XGBoost",
  "model_accuracy": 0.594758064516129,
  "feature_importance": {
    "sma_50": 0.06991153955459595,
    "sma_200": 0.06575014442205429,
    "obv": 0.06501942127943039,
    "sma_10": 0.060855966061353683,
    "obv_ma20": 0.05952087417244911,
    "sma_30": 0.05904720351099968,
    "macd": 0.05393252149224281,
    "atr": 0.05390434339642525,
    "macd_signal": 0.05388198047876358,
    "ma50_slope": 0.05063386261463165,
    "price_change_5d": 0.049702927470207214,
    "price_change_10d": 0.047478433698415756,
    "K": 0.047096770256757736,
    "volatility": 0.046088289469480515,
    "price_change_20d": 0.04534897580742836,
    "bb_position": 0.043905846774578094,
    "rsi": 0.04350513964891434,
    "macd_hist": 0.042613882571458817,
    "D": 0.04180188104510307
  }
}