{
  "ticker": "2360.TW",
  "analysis_date": "2025-12-30",
  "model_accuracy": 0.5615384615384615,
  "feature_importance": {
    "MA_50": 0.07228388691222144,
    "MA_20": 0.07101318650351832,
    "OBV_MA": 0.06855029877072025,
    "MA_200": 0.0677481625745931,
    "D": 0.06500199264741836,
    "MA50_slope": 0.0625359571921828,
    "macd_signal": 0.059676320982813974,
    "macd_hist": 0.058037857064625796,
    "OBV": 0.05741246890489925,
    "ATR": 0.05727277773355231,
    "K": 0.05669182476999028,
    "volatility": 0.05483098209200615,
    "macd": 0.05460672823937152,
    "bb_position": 0.05113230306451368,
    "price_change_20d": 0.05016451925860459,
    "rsi": 0.04798191774011358,
    "price_change_5d": 0.045058815548854575
  }
}