{
  "ticker": "2360.TW",
  "analysis_date": "2026-05-09",
  "model_accuracy": 0.574757281553398,
  "feature_importance": {
    "MA_20": 0.07923439761018185,
    "OBV_MA": 0.06692233182840229,
    "MA_200": 0.06300409010475057,
    "macd_signal": 0.062299742179540575,
    "MA50_slope": 0.061600159791775924,
    "macd_hist": 0.06135481725334238,
    "MA_50": 0.061113701232185215,
    "D": 0.0586736357809585,
    "ATR": 0.05800529820484989,
    "volatility": 0.05754711969217011,
    "macd": 0.0572206331048815,
    "K": 0.055563191206410456,
    "OBV": 0.054686169618115635,
    "bb_position": 0.05310842289763094,
    "price_change_20d": 0.05070354094334233,
    "price_change_5d": 0.05006713921609496,
    "rsi": 0.048895609335366935
  }
}