{
  "ticker": "2360.TW",
  "analysis_date": "2026-01-24",
  "model_accuracy": 0.5844660194174758,
  "feature_importance": {
    "MA_20": 0.0777944443213664,
    "OBV_MA": 0.06908252977548951,
    "MA_200": 0.06545212637280681,
    "MA50_slope": 0.06227496328888083,
    "MA_50": 0.062130671848125374,
    "macd_signal": 0.061187549457969344,
    "macd_hist": 0.06047210436001382,
    "D": 0.05831854915724768,
    "volatility": 0.05770235250478737,
    "OBV": 0.056263125883400204,
    "ATR": 0.055939234936975196,
    "macd": 0.055711661169467123,
    "K": 0.05478363391227366,
    "bb_position": 0.05398377431335204,
    "price_change_20d": 0.05120801530389725,
    "price_change_5d": 0.04923279468519089,
    "rsi": 0.04846246870875655
  }
}