{
  "ticker": "2360.TW",
  "company": "致茂",
  "model_type": "XGBoost",
  "model_accuracy": 0.6691176470588235,
  "feature_importance": {
    "sma_30": 0.07057172060012817,
    "sma_200": 0.0635702833533287,
    "volatility": 0.06064466014504433,
    "macd": 0.06032217666506767,
    "sma_10": 0.05926458537578583,
    "ma50_slope": 0.05833793058991432,
    "sma_50": 0.057149164378643036,
    "macd_signal": 0.05611635744571686,
    "obv_ma20": 0.053395211696624756,
    "atr": 0.0519225187599659,
    "obv": 0.05125875771045685,
    "K": 0.04895230755209923,
    "D": 0.04835445061326027,
    "price_change_20d": 0.04722883924841881,
    "price_change_5d": 0.04439495503902435,
    "macd_hist": 0.04414771869778633,
    "bb_position": 0.04337286576628685,
    "rsi": 0.04264722391963005,
    "price_change_10d": 0.03834818676114082
  }
}