{
  "ticker": "2363.TW",
  "analysis_date": "2026-05-09",
  "model_accuracy": 0.537864077669903,
  "feature_importance": {
    "OBV": 0.07359041859806738,
    "OBV_MA": 0.07158674740174727,
    "MA_50": 0.07023259179044863,
    "MA50_slope": 0.06997792105141667,
    "MA_200": 0.06889263426260926,
    "macd": 0.06454783780231917,
    "macd_signal": 0.06374247105818197,
    "MA_20": 0.062722016625791,
    "volatility": 0.05852299441276884,
    "macd_hist": 0.05422633954508004,
    "ATR": 0.0541424205625557,
    "price_change_5d": 0.0498318288476753,
    "bb_position": 0.04918658123484258,
    "rsi": 0.04907906573971988,
    "price_change_20d": 0.0489142761965219,
    "K": 0.047564319947951364,
    "D": 0.043239534922303056
  }
}