{
  "ticker": "2363.TW",
  "analysis_date": "2026-01-12",
  "model_accuracy": 0.5398058252427185,
  "feature_importance": {
    "OBV_MA": 0.07380101121796405,
    "OBV": 0.07132502571258639,
    "MA_200": 0.06926610092887664,
    "MA_50": 0.06843306131230177,
    "MA50_slope": 0.06835338280778439,
    "macd_signal": 0.06567464956867977,
    "MA_20": 0.06545073813853544,
    "macd": 0.06339573707927558,
    "volatility": 0.05837634721176301,
    "macd_hist": 0.05373665690559136,
    "ATR": 0.05318768084189862,
    "bb_position": 0.04997220559036306,
    "price_change_5d": 0.049017285453440654,
    "K": 0.048821394767344074,
    "price_change_20d": 0.048518796775782934,
    "rsi": 0.04787955260663711,
    "D": 0.04479037308117517
  }
}