{
  "ticker": "2367.TW",
  "analysis_date": "2026-01-28",
  "model_accuracy": 0.545631067961165,
  "feature_importance": {
    "OBV": 0.07552697144817347,
    "MA_200": 0.07358367706927514,
    "MA_50": 0.07326987124961629,
    "OBV_MA": 0.07134239838560473,
    "MA50_slope": 0.0697368775141223,
    "volatility": 0.06548739865236412,
    "MA_20": 0.062249450616896615,
    "ATR": 0.05857200587002738,
    "macd_signal": 0.057017725668890684,
    "macd": 0.05229827453198417,
    "price_change_20d": 0.051499953659713486,
    "macd_hist": 0.05099431356772696,
    "price_change_5d": 0.049850074950197935,
    "bb_position": 0.04906940042030612,
    "K": 0.04680849246617742,
    "rsi": 0.046428579115270846,
    "D": 0.046264534813652364
  }
}