{
  "ticker": "2367.TW",
  "analysis_date": "2026-01-12",
  "model_accuracy": 0.5623721881390593,
  "feature_importance": {
    "OBV_MA": 0.08300777035713448,
    "MA_200": 0.0795577316818496,
    "OBV": 0.07708685353103024,
    "MA50_slope": 0.0745215373555919,
    "volatility": 0.07423343698285191,
    "MA_50": 0.07189623043258676,
    "MA_20": 0.06571848298384846,
    "macd_signal": 0.059500377050829216,
    "ATR": 0.05686119804870908,
    "macd": 0.05556906863484868,
    "bb_position": 0.053319051742016337,
    "price_change_5d": 0.05291285582757619,
    "macd_hist": 0.05144119457541877,
    "rsi": 0.04919372279074328,
    "K": 0.04881978963992375,
    "D": 0.046360698365041364,
    "price_change_20d": 0.0
  }
}