{
  "ticker": "2367.TW",
  "model_type": "XGBoost",
  "model_accuracy": 0.622568093385214,
  "feature_importance": {
    "sma_200": 0.06644903868436813,
    "volatility": 0.06226624175906181,
    "obv": 0.05918310955166817,
    "sma_50": 0.05822693556547165,
    "price_change_20d": 0.05747288465499878,
    "ma50_slope": 0.05632850527763367,
    "sma_30": 0.055833738297224045,
    "sma_10": 0.05561978369951248,
    "obv_ma20": 0.05295476317405701,
    "atr": 0.05203063040971756,
    "price_change_5d": 0.05086003616452217,
    "D": 0.050525009632110596,
    "price_change_10d": 0.04895149916410446,
    "bb_position": 0.04884522035717964,
    "K": 0.04655260592699051,
    "macd_signal": 0.04573409631848335,
    "macd": 0.04547066241502762,
    "macd_hist": 0.04448050633072853,
    "rsi": 0.04221474751830101
  }
}