{
  "ticker": "2367.TW",
  "analysis_date": "2026-01-24",
  "model_accuracy": 0.5436893203883495,
  "feature_importance": {
    "OBV": 0.07703873821451727,
    "MA_50": 0.07438002181569237,
    "OBV_MA": 0.07224851898837034,
    "MA_200": 0.07077781655141614,
    "MA50_slope": 0.07026572113700556,
    "volatility": 0.06694030335259907,
    "MA_20": 0.06265221176499797,
    "ATR": 0.05692916590827576,
    "macd_signal": 0.05582859368670024,
    "price_change_20d": 0.05293283988432328,
    "macd_hist": 0.0517532229551217,
    "macd": 0.05137902053847788,
    "rsi": 0.04823296754443608,
    "bb_position": 0.047956593612134515,
    "price_change_5d": 0.04767701821950305,
    "K": 0.04664832581662055,
    "D": 0.046358920009808374
  }
}