{
  "ticker": "2367.TW",
  "analysis_date": "2026-05-09",
  "model_accuracy": 0.5514563106796116,
  "feature_importance": {
    "OBV": 0.07529542891705268,
    "MA_200": 0.07280876224193085,
    "MA_50": 0.07245072618505383,
    "OBV_MA": 0.07219689767441957,
    "MA50_slope": 0.07089436704145119,
    "volatility": 0.06862744724945175,
    "MA_20": 0.06309253306138368,
    "ATR": 0.05738927340117525,
    "price_change_20d": 0.053965172806660286,
    "macd_signal": 0.05309514021387069,
    "macd_hist": 0.052161901817527105,
    "macd": 0.05150412091981975,
    "price_change_5d": 0.04909726469577512,
    "bb_position": 0.048989729566536314,
    "rsi": 0.047189097473778724,
    "K": 0.04622815127777227,
    "D": 0.04501398545634094
  }
}