{
  "ticker": "2368.TW",
  "model_type": "XGBoost",
  "model_accuracy": 0.5,
  "feature_importance": {
    "macd_signal": 0.06582489609718323,
    "sma_10": 0.06539925187826157,
    "sma_200": 0.06515718251466751,
    "macd": 0.06475536525249481,
    "sma_30": 0.06333297491073608,
    "atr": 0.06284486502408981,
    "obv_ma20": 0.06048087403178215,
    "sma_50": 0.05715775489807129,
    "obv": 0.05541420355439186,
    "ma50_slope": 0.051792796701192856,
    "macd_hist": 0.04775970056653023,
    "price_change_20d": 0.04741517826914787,
    "price_change_10d": 0.04736633598804474,
    "volatility": 0.04426006227731705,
    "price_change_5d": 0.04344988614320755,
    "K": 0.04101286083459854,
    "bb_position": 0.039703674614429474,
    "rsi": 0.03933987393975258,
    "D": 0.03753229230642319
  }
}