{
  "ticker": "2368.TW",
  "analysis_date": "2026-01-12",
  "model_accuracy": 0.49079754601226994,
  "feature_importance": {
    "macd_signal": 0.07477347998577553,
    "MA_20": 0.07426568545606804,
    "OBV_MA": 0.07251272991341828,
    "OBV": 0.07148525367030807,
    "ATR": 0.07009642573273409,
    "macd": 0.06701152850948296,
    "MA50_slope": 0.06694519075882652,
    "MA_200": 0.0644788052346811,
    "MA_50": 0.0630238361124635,
    "macd_hist": 0.06202685354569503,
    "volatility": 0.06129771058132458,
    "bb_position": 0.05607947285328864,
    "K": 0.053061484649658146,
    "rsi": 0.04934005655320542,
    "D": 0.04697706321753188,
    "price_change_5d": 0.046624423225538225,
    "price_change_20d": 0.0
  }
}