{
  "ticker": "2368.TW",
  "analysis_date": "2026-05-09",
  "model_accuracy": 0.5412621359223301,
  "feature_importance": {
    "MA_20": 0.07430307877764024,
    "OBV_MA": 0.07279132330857364,
    "MA_50": 0.07060483908497907,
    "ATR": 0.0695019293360305,
    "OBV": 0.0687720726781105,
    "MA50_slope": 0.06587666392590937,
    "macd_signal": 0.0650568508767963,
    "macd": 0.061073218147324,
    "volatility": 0.05886500099658085,
    "MA_200": 0.05771816580498794,
    "price_change_20d": 0.05434715830988085,
    "macd_hist": 0.051492306153782336,
    "bb_position": 0.051099199813512276,
    "K": 0.046651639752376114,
    "price_change_5d": 0.04440296774470004,
    "D": 0.044217195524399,
    "rsi": 0.043226389764416825
  }
}