{
  "ticker": "2368.TW",
  "analysis_date": "2026-01-24",
  "model_accuracy": 0.5650485436893203,
  "feature_importance": {
    "OBV_MA": 0.07215222985092483,
    "MA_20": 0.07074417536212847,
    "macd": 0.06616027611197382,
    "macd_signal": 0.06570130990449462,
    "ATR": 0.06558045333109992,
    "OBV": 0.065383901257567,
    "MA_50": 0.06455367303476862,
    "MA50_slope": 0.063557626528077,
    "volatility": 0.06238979134730917,
    "MA_200": 0.05774580426683689,
    "macd_hist": 0.054792749508072204,
    "bb_position": 0.053355083532419446,
    "price_change_20d": 0.05073879776905767,
    "rsi": 0.048570950852625513,
    "price_change_5d": 0.04802249217433122,
    "K": 0.0466831749619503,
    "D": 0.04386751020636336
  }
}