{
  "ticker": "2371.TW",
  "model_type": "XGBoost",
  "model_accuracy": 0.5447470817120622,
  "feature_importance": {
    "sma_200": 0.0728466808795929,
    "obv_ma20": 0.06516166031360626,
    "sma_50": 0.06365683674812317,
    "sma_30": 0.06301788985729218,
    "sma_10": 0.059519197791814804,
    "obv": 0.05599939450621605,
    "ma50_slope": 0.05367991700768471,
    "price_change_20d": 0.05239301919937134,
    "macd_hist": 0.050306566059589386,
    "price_change_10d": 0.04963831230998039,
    "bb_position": 0.049287937581539154,
    "atr": 0.04750196635723114,
    "macd": 0.04651658609509468,
    "volatility": 0.046478237956762314,
    "macd_signal": 0.04641639441251755,
    "D": 0.045976899564266205,
    "price_change_5d": 0.04512191563844681,
    "rsi": 0.04339589178562164,
    "K": 0.043084703385829926
  }
}