{
  "ticker": "2376.TW",
  "analysis_date": "2026-01-15",
  "model_accuracy": 0.4029126213592233,
  "feature_importance": {
    "macd_signal": 0.07418703985157776,
    "MA_200": 0.07102481328033669,
    "OBV_MA": 0.070747702219751,
    "MA50_slope": 0.06968968499776965,
    "MA_50": 0.06464065975706358,
    "OBV": 0.06416982373716734,
    "MA_20": 0.06335699823778457,
    "volatility": 0.06178360271480713,
    "macd": 0.06026572986263742,
    "macd_hist": 0.054720728797777486,
    "ATR": 0.05372264391224196,
    "price_change_5d": 0.05132458957435883,
    "rsi": 0.049125810356426054,
    "D": 0.048301303572313645,
    "price_change_20d": 0.048032718611435,
    "bb_position": 0.047850309026309226,
    "K": 0.047055841490242716
  }
}