{
  "ticker": "2376.TW",
  "analysis_date": "2026-05-09",
  "model_accuracy": 0.3932038834951456,
  "feature_importance": {
    "macd_signal": 0.07498016960222531,
    "MA50_slope": 0.07063769556855841,
    "MA_200": 0.0700075546736422,
    "OBV_MA": 0.0682509938373884,
    "MA_50": 0.06653942404462376,
    "OBV": 0.06512645724224775,
    "MA_20": 0.06301952274599802,
    "volatility": 0.062332543155554324,
    "macd": 0.060283401222056124,
    "ATR": 0.05425552137513946,
    "macd_hist": 0.05402153809395078,
    "price_change_5d": 0.052216237348545066,
    "rsi": 0.04965986305695019,
    "D": 0.04869179372114576,
    "K": 0.047513346115718946,
    "price_change_20d": 0.04654085148173457,
    "bb_position": 0.04592308671452079
  }
}