{
  "ticker": "2379.TW",
  "model_type": "XGBoost",
  "model_accuracy": 0.6867704280155642,
  "feature_importance": {
    "sma_30": 0.06654634326696396,
    "sma_200": 0.06519953161478043,
    "sma_10": 0.06478926539421082,
    "obv_ma20": 0.06287416070699692,
    "obv": 0.062093865126371384,
    "sma_50": 0.057086002081632614,
    "macd": 0.05383164435625076,
    "K": 0.052079781889915466,
    "atr": 0.051352664828300476,
    "ma50_slope": 0.049986958503723145,
    "macd_hist": 0.04899356886744499,
    "macd_signal": 0.048779211938381195,
    "rsi": 0.04727114737033844,
    "price_change_5d": 0.046339668333530426,
    "volatility": 0.04593004286289215,
    "D": 0.04528339207172394,
    "price_change_20d": 0.045072462409734726,
    "price_change_10d": 0.04444823041558266,
    "bb_position": 0.04204206168651581
  }
}