{
  "ticker": "2380.TW",
  "company": "虹光",
  "model_type": "XGBoost",
  "model_accuracy": 0.8047882136279927,
  "feature_importance": {
    "volatility": 0.0727338120341301,
    "obv_ma20": 0.0690750703215599,
    "sma_50": 0.06738051772117615,
    "obv": 0.06693552434444427,
    "sma_200": 0.06492004543542862,
    "macd_signal": 0.0618850439786911,
    "sma_30": 0.060653164982795715,
    "macd": 0.05512574687600136,
    "price_change_20d": 0.05383262410759926,
    "ma50_slope": 0.05306778475642204,
    "sma_10": 0.052933428436517715,
    "atr": 0.05143022909760475,
    "rsi": 0.04232662543654442,
    "price_change_5d": 0.04039030894637108,
    "price_change_10d": 0.040251925587654114,
    "macd_hist": 0.03769182041287422,
    "D": 0.03685615584254265,
    "bb_position": 0.03653326630592346,
    "K": 0.035976968705654144
  }
}