{
  "ticker": "2382.TW",
  "analysis_date": "2026-01-12",
  "model_accuracy": 0.5300970873786408,
  "feature_importance": {
    "MA_20": 0.07752702839006165,
    "OBV_MA": 0.07344153102187362,
    "MA_200": 0.07312983256573552,
    "volatility": 0.06979278480866469,
    "macd_signal": 0.06836529413658647,
    "MA_50": 0.06664384671108475,
    "ATR": 0.06546703536010462,
    "MA50_slope": 0.06201135488637503,
    "macd": 0.05716845843699032,
    "macd_hist": 0.056615363282465886,
    "OBV": 0.05281530497621489,
    "price_change_20d": 0.05266024312914074,
    "price_change_5d": 0.047818780516250936,
    "rsi": 0.046176536625026035,
    "K": 0.044612702579861,
    "bb_position": 0.04385743434136717,
    "D": 0.041896468232196636
  }
}