{
  "ticker": "2382.TW",
  "analysis_date": "2026-05-09",
  "model_accuracy": 0.5339805825242718,
  "feature_importance": {
    "MA_20": 0.07720815065697034,
    "OBV_MA": 0.07410131391174328,
    "MA_200": 0.07408792344601124,
    "macd_signal": 0.06954665597573807,
    "volatility": 0.06834380950890423,
    "MA_50": 0.06580989363589963,
    "ATR": 0.0645847978134845,
    "MA50_slope": 0.06213524263388747,
    "macd": 0.05542354285547847,
    "macd_hist": 0.05497434275998543,
    "price_change_20d": 0.05374451511007642,
    "OBV": 0.05351437637369427,
    "price_change_5d": 0.0482702168034358,
    "rsi": 0.046338069712825856,
    "bb_position": 0.04453350107631929,
    "K": 0.04432510538500578,
    "D": 0.043058542340539914
  }
}