{
  "ticker": "2382.TW",
  "analysis_date": "2026-01-28",
  "model_accuracy": 0.5300970873786408,
  "feature_importance": {
    "MA_20": 0.0775440064362909,
    "MA_200": 0.07597973070500745,
    "OBV_MA": 0.07218381957310843,
    "volatility": 0.07069735325618107,
    "macd_signal": 0.06855535775348943,
    "MA_50": 0.06739604116113157,
    "ATR": 0.06461882952477148,
    "MA50_slope": 0.06217296655912091,
    "macd_hist": 0.05690083307689707,
    "macd": 0.055562137094625076,
    "OBV": 0.05302062811048638,
    "price_change_20d": 0.05276435681052869,
    "rsi": 0.04674065385120097,
    "price_change_5d": 0.045879281272780785,
    "K": 0.044506173287843016,
    "bb_position": 0.04428601260590028,
    "D": 0.041191818920636517
  }
}