{
  "ticker": "2383.TW",
  "analysis_date": "2026-05-09",
  "model_accuracy": 0.4640776699029126,
  "feature_importance": {
    "ATR": 0.07383561847329388,
    "MA_200": 0.06939578462806273,
    "OBV_MA": 0.06661631101077996,
    "volatility": 0.06549089355586886,
    "MA_20": 0.06538046319523923,
    "macd_hist": 0.06303121794742854,
    "macd_signal": 0.06175153192041835,
    "MA_50": 0.061318806719216495,
    "MA50_slope": 0.05820755165945232,
    "OBV": 0.056868288344465244,
    "rsi": 0.053640927906929384,
    "macd": 0.052385652371417735,
    "price_change_5d": 0.05209741732069127,
    "price_change_20d": 0.051418951005503706,
    "K": 0.050706000410205856,
    "bb_position": 0.049306786624833884,
    "D": 0.04854779690619253
  }
}