{
  "ticker": "2383.TW",
  "company": "台光電",
  "model_type": "XGBoost",
  "model_accuracy": 0.6213235294117647,
  "feature_importance": {
    "volatility": 0.06825729459524155,
    "sma_10": 0.06245382875204086,
    "obv_ma20": 0.062146566808223724,
    "sma_200": 0.06202569603919983,
    "atr": 0.06190548464655876,
    "sma_50": 0.061627086251974106,
    "obv": 0.05764113739132881,
    "sma_30": 0.056362614035606384,
    "macd_signal": 0.055649373680353165,
    "ma50_slope": 0.052272871136665344,
    "price_change_20d": 0.05132724717259407,
    "rsi": 0.04582899808883667,
    "macd_hist": 0.04513586312532425,
    "D": 0.04490102455019951,
    "K": 0.044496387243270874,
    "bb_position": 0.043349090963602066,
    "macd": 0.0429934598505497,
    "price_change_5d": 0.042527809739112854,
    "price_change_10d": 0.03909820318222046
  }
}