{
  "ticker": "2383.TW",
  "analysis_date": "2026-01-31",
  "model_accuracy": 0.48349514563106794,
  "feature_importance": {
    "ATR": 0.0722773775652367,
    "MA_200": 0.06800739201777048,
    "volatility": 0.06695516031803019,
    "MA_20": 0.06478305874273423,
    "OBV_MA": 0.06381877353824553,
    "macd_hist": 0.06176655468345012,
    "MA_50": 0.061454561840295956,
    "MA50_slope": 0.05970220488855575,
    "OBV": 0.058907486877986075,
    "macd_signal": 0.058810782399343224,
    "rsi": 0.05419796162177391,
    "macd": 0.05391837461352697,
    "price_change_5d": 0.053473658349167154,
    "price_change_20d": 0.053390364179345014,
    "bb_position": 0.05062887786552103,
    "K": 0.04900432289779162,
    "D": 0.0489030876012261
  }
}