{
  "ticker": "2385.TW",
  "analysis_date": "2026-05-09",
  "model_accuracy": 0.44660194174757284,
  "feature_importance": {
    "MA50_slope": 0.0849284143508672,
    "MA_50": 0.07756712405924766,
    "MA_200": 0.07167160773201528,
    "macd_signal": 0.06852254657533702,
    "OBV_MA": 0.06542840768981943,
    "MA_20": 0.06487433918988662,
    "volatility": 0.06420347504682093,
    "ATR": 0.061502379766527795,
    "OBV": 0.05591531235966797,
    "macd_hist": 0.054126865875716114,
    "price_change_20d": 0.052047342901673815,
    "macd": 0.05013238642897621,
    "K": 0.046757932836071534,
    "D": 0.046702401733483986,
    "price_change_5d": 0.04629597841760271,
    "bb_position": 0.04564190435777816,
    "rsi": 0.04368158067850758
  }
}