{
  "ticker": "2385.TW",
  "analysis_date": "2026-01-31",
  "model_accuracy": 0.41019417475728154,
  "feature_importance": {
    "MA50_slope": 0.08363961611996817,
    "MA_50": 0.07631516312479074,
    "MA_200": 0.07386225724039547,
    "macd_signal": 0.06976268634279582,
    "MA_20": 0.06511321265885592,
    "volatility": 0.06502034568186392,
    "OBV_MA": 0.06391164168152325,
    "ATR": 0.060464200116693595,
    "OBV": 0.05643170777343105,
    "macd_hist": 0.053735637103864746,
    "price_change_20d": 0.05289134492367355,
    "macd": 0.05236432779460643,
    "price_change_5d": 0.04826837036078056,
    "bb_position": 0.04570100670103683,
    "D": 0.0449653522793091,
    "K": 0.04445840632085073,
    "rsi": 0.04309472377556011
  }
}