{
  "ticker": "2399.TW",
  "model_type": "XGBoost",
  "model_accuracy": 0.6653225806451613,
  "feature_importance": {
    "obv_ma20": 0.06508972495794296,
    "sma_50": 0.06049755588173866,
    "price_change_20d": 0.060466036200523376,
    "sma_30": 0.05911833047866821,
    "obv": 0.05816887319087982,
    "volatility": 0.05801235884428024,
    "sma_10": 0.05704879015684128,
    "macd_signal": 0.05609898269176483,
    "sma_200": 0.05576569586992264,
    "macd": 0.05238693207502365,
    "atr": 0.05235425755381584,
    "ma50_slope": 0.05097535625100136,
    "macd_hist": 0.04831334948539734,
    "price_change_5d": 0.0480373278260231,
    "D": 0.047036491334438324,
    "rsi": 0.04468395188450813,
    "K": 0.04301968589425087,
    "bb_position": 0.042291563004255295,
    "price_change_10d": 0.040634751319885254
  }
}