{
  "ticker": "2408.TW",
  "name": "南亚科",
  "analysis_date": "2025-12-25",
  "model_accuracy": 0.5592841163310962,
  "data_points": 2234,
  "feature_importance": {
    "MA_200": 0.07578325829701503,
    "MA_50": 0.07100091062916146,
    "MA_20": 0.07017957343544398,
    "OBV_MA": 0.06831516034400081,
    "OBV": 0.06765927029979707,
    "macd_signal": 0.06425537853115679,
    "MA50_slope": 0.0634368402891066,
    "macd": 0.06300082658831596,
    "ATR": 0.06291245117843351,
    "volatility": 0.056746202854997096,
    "bb_position": 0.050990431038846436,
    "price_change_20d": 0.05055512809082237,
    "macd_hist": 0.049380183323757994,
    "price_change_5d": 0.047645964888732836,
    "rsi": 0.047485865628755466,
    "K": 0.046397961692261756,
    "D": 0.04425459288939485
  }
}