{
  "ticker": "2408.TW",
  "model_type": "XGBoost",
  "model_accuracy": 0.5038910505836576,
  "feature_importance": {
    "macd_signal": 0.06550098210573196,
    "sma_200": 0.06100546941161156,
    "obv_ma20": 0.05965787544846535,
    "sma_50": 0.05959406495094299,
    "atr": 0.056569259613752365,
    "sma_10": 0.056301049888134,
    "sma_30": 0.05554383620619774,
    "price_change_20d": 0.05442817509174347,
    "volatility": 0.05411096662282944,
    "macd": 0.052583951503038406,
    "obv": 0.05045642331242561,
    "price_change_10d": 0.050401974469423294,
    "rsi": 0.04801557958126068,
    "ma50_slope": 0.047689247876405716,
    "K": 0.04724092409014702,
    "macd_hist": 0.047212984412908554,
    "bb_position": 0.04663459211587906,
    "price_change_5d": 0.044079799205064774,
    "D": 0.042972855269908905
  }
}