{
  "ticker": "2409.TW",
  "analysis_date": "2026-05-09",
  "model_accuracy": 0.47184466019417476,
  "feature_importance": {
    "MA_20": 0.07311759739256733,
    "MA_200": 0.07199109807638077,
    "MA_50": 0.07097508676395478,
    "OBV_MA": 0.06969078236552781,
    "MA50_slope": 0.06329014793988182,
    "ATR": 0.06306113842016724,
    "OBV": 0.06276399004855084,
    "macd_hist": 0.05834872014372541,
    "macd_signal": 0.058130359413309615,
    "macd": 0.057220930634703654,
    "volatility": 0.056848076221869166,
    "price_change_5d": 0.05486014570444141,
    "price_change_20d": 0.05012139968022025,
    "bb_position": 0.04890126042487991,
    "D": 0.04820333938768897,
    "rsi": 0.04736271355410391,
    "K": 0.04511321382802714
  }
}