{
  "ticker": "2409.TW",
  "analysis_date": "2026-01-12",
  "model_accuracy": 0.5029126213592233,
  "feature_importance": {
    "MA_20": 0.074082010958298,
    "MA_200": 0.07356081853277481,
    "MA_50": 0.07232276557792325,
    "OBV_MA": 0.06611866441386123,
    "OBV": 0.06427460216736196,
    "ATR": 0.062414551190142456,
    "MA50_slope": 0.0617736714298689,
    "volatility": 0.059169621283227204,
    "macd_signal": 0.05755308000609506,
    "macd_hist": 0.05732683505165678,
    "macd": 0.05557994631193424,
    "price_change_5d": 0.054085295189085204,
    "price_change_20d": 0.050939428073444586,
    "D": 0.05026668756991535,
    "rsi": 0.048047626496288874,
    "bb_position": 0.04724200809063218,
    "K": 0.04524238765748983
  }
}