{
  "ticker": "2417.TW",
  "analysis_date": "2026-05-09",
  "model_accuracy": 0.5223300970873787,
  "feature_importance": {
    "OBV_MA": 0.07557255601505083,
    "MA50_slope": 0.07060602082849249,
    "OBV": 0.06845696599263587,
    "MA_200": 0.06588768328953797,
    "MA_20": 0.06435911874633579,
    "price_change_5d": 0.06096030202728846,
    "MA_50": 0.06007230748081007,
    "macd_hist": 0.05873485097446016,
    "rsi": 0.05770633274057377,
    "macd": 0.057662441638312585,
    "macd_signal": 0.05584469324096061,
    "ATR": 0.05392615761234425,
    "volatility": 0.05344084569115878,
    "bb_position": 0.0522353259012635,
    "price_change_20d": 0.05075205391784079,
    "D": 0.04850059901340119,
    "K": 0.045281744889532946
  }
}