{
  "ticker": "2417.TW",
  "analysis_date": "2026-05-07",
  "model_accuracy": 0.5242718446601942,
  "feature_importance": {
    "OBV_MA": 0.0747513552202066,
    "MA50_slope": 0.07031803342135191,
    "OBV": 0.06711689997489027,
    "MA_200": 0.06699339472949675,
    "MA_20": 0.06498144049129459,
    "price_change_5d": 0.06311955978101584,
    "MA_50": 0.06033744280360863,
    "rsi": 0.05949986374525187,
    "macd_hist": 0.05948964502785189,
    "macd_signal": 0.057672941214341286,
    "macd": 0.056960648336816834,
    "ATR": 0.05530002953038929,
    "volatility": 0.054098717525555874,
    "bb_position": 0.05016843952568576,
    "price_change_20d": 0.04804058739217502,
    "D": 0.04775202090128313,
    "K": 0.04339898037878459
  }
}