{
  "ticker": "2426.TW",
  "analysis_date": "2026-06-09",
  "model_accuracy": 0.5902912621359223,
  "feature_importance": {
    "volatility": 0.07227039404102972,
    "MA50_slope": 0.06940042557986617,
    "MA_20": 0.06823708788152183,
    "MA_50": 0.06716159900307395,
    "OBV": 0.06481328803300312,
    "OBV_MA": 0.0638473917319933,
    "MA_200": 0.06378183149664435,
    "macd_signal": 0.06181111217655935,
    "macd_hist": 0.06104986131419333,
    "ATR": 0.057600658234323275,
    "macd": 0.054668761617119845,
    "price_change_20d": 0.05357360449856679,
    "D": 0.05176669834636418,
    "price_change_5d": 0.05090389131375247,
    "K": 0.0485213832568737,
    "bb_position": 0.04691942669343813,
    "rsi": 0.043672584781676474
  }
}