{
  "ticker": "2426.TW",
  "company": "鼎元 (Tyntek)",
  "model_type": "XGBoost",
  "model_accuracy": 0.6805555555555556,
  "feature_importance": {
    "trend_strength": 0.05535224825143814,
    "volatility": 0.052357640117406845,
    "atr_ratio": 0.052118174731731415,
    "price_position_sma50": 0.050579532980918884,
    "sma_50_200_ratio": 0.0505150631070137,
    "macd": 0.04840148612856865,
    "price_position_sma200": 0.0481841005384922,
    "sma_10_slope": 0.045252058655023575,
    "bb_position": 0.04281865060329437,
    "momentum_5": 0.0421956367790699,
    "sma_10_30_ratio": 0.04152461513876915,
    "D": 0.040737614035606384,
    "momentum_10": 0.03915765881538391,
    "macd_signal": 0.03909819573163986,
    "obv_trend": 0.038982849568128586,
    "macd_hist": 0.038110796362161636,
    "sma_30_slope": 0.03763212263584137,
    "volatility_ratio": 0.037331681698560715,
    "roc_10": 0.03558673709630966,
    "K": 0.033732879906892776,
    "rsi": 0.03343046456575394,
    "volume_ratio": 0.033067137002944946,
    "volume_change": 0.03269954025745392,
    "high_low_ratio": 0.031133003532886505
  }
}