{
  "ticker": "2431.TW",
  "analysis_date": "2026-05-09",
  "model_accuracy": 0.5766990291262136,
  "feature_importance": {
    "MA_20": 0.07829628427473061,
    "MA_50": 0.07605939305948586,
    "OBV_MA": 0.06727032637419263,
    "OBV": 0.06590139561769788,
    "MA50_slope": 0.06443997934261408,
    "MA_200": 0.06307264985706486,
    "macd_signal": 0.06141419948315999,
    "volatility": 0.05972750995443093,
    "macd": 0.05716898074048511,
    "ATR": 0.056847878731399314,
    "price_change_5d": 0.052501840435968956,
    "rsi": 0.052183275348666666,
    "price_change_20d": 0.05192197658709272,
    "macd_hist": 0.049840707759907996,
    "bb_position": 0.048412935775405216,
    "K": 0.04840067558779628,
    "D": 0.04653999106990083
  }
}