{
  "ticker": "2431.TW",
  "analysis_date": "2026-01-28",
  "model_accuracy": 0.5592233009708738,
  "feature_importance": {
    "MA_20": 0.07678367125721715,
    "MA_50": 0.07550209980870298,
    "OBV": 0.06772034930507988,
    "OBV_MA": 0.06677002203982994,
    "MA_200": 0.06341901419621711,
    "macd_signal": 0.0630174407671646,
    "MA50_slope": 0.06275152392425437,
    "volatility": 0.0596538575825929,
    "macd": 0.056609763270084594,
    "ATR": 0.056330899037717916,
    "price_change_5d": 0.05446312129874108,
    "rsi": 0.05254930025014229,
    "price_change_20d": 0.05220252370942959,
    "macd_hist": 0.048313984720489,
    "K": 0.048130734024396764,
    "D": 0.047976957182326065,
    "bb_position": 0.04780473762561368
  }
}