{
  "ticker": "2442.TW",
  "analysis_date": "2026-05-09",
  "model_accuracy": 0.516504854368932,
  "feature_importance": {
    "MA50_slope": 0.07190027455707677,
    "macd_signal": 0.06824044454426752,
    "MA_20": 0.06701187096030103,
    "MA_200": 0.0653898808224327,
    "OBV": 0.06410176039636957,
    "OBV_MA": 0.06340184106089757,
    "MA_50": 0.06305396593833623,
    "price_change_5d": 0.05680642053785347,
    "macd_hist": 0.05644253664648062,
    "macd": 0.05629720401222321,
    "price_change_20d": 0.05569985949274516,
    "ATR": 0.0555417210486184,
    "D": 0.05334740228179561,
    "volatility": 0.05304062482502212,
    "rsi": 0.053001437127908724,
    "K": 0.04852793988967339,
    "bb_position": 0.04819481585799804
  }
}