{
  "ticker": "2449.TW",
  "model_type": "XGBoost",
  "model_accuracy": 0.5642023346303502,
  "feature_importance": {
    "obv_ma20": 0.07483440637588501,
    "sma_50": 0.06981649994850159,
    "sma_10": 0.0629311352968216,
    "obv": 0.06163405254483223,
    "sma_30": 0.059736981987953186,
    "sma_200": 0.057283803820610046,
    "ma50_slope": 0.0547628253698349,
    "volatility": 0.05241968482732773,
    "atr": 0.05192713811993599,
    "macd_hist": 0.05077284201979637,
    "macd": 0.04923823103308678,
    "rsi": 0.04703572019934654,
    "D": 0.046659164130687714,
    "K": 0.046212002635002136,
    "macd_signal": 0.04549998790025711,
    "price_change_20d": 0.04470698907971382,
    "price_change_10d": 0.042043376713991165,
    "price_change_5d": 0.0416245236992836,
    "bb_position": 0.04086066782474518
  }
}