{
  "ticker": "2449.TW",
  "analysis_date": "2025-12-31",
  "model_accuracy": 0.5692307692307692,
  "feature_importance": {
    "OBV_MA": 0.07221200601023839,
    "macd_hist": 0.06882944640020984,
    "MA_50": 0.06861273619114522,
    "OBV": 0.06591457077734805,
    "MA_200": 0.0637685700318824,
    "volatility": 0.06333975974291388,
    "MA_20": 0.06281186814192087,
    "macd_signal": 0.06234206299854314,
    "macd": 0.060130873041987894,
    "ATR": 0.057342845438607994,
    "MA50_slope": 0.0552598804471164,
    "price_change_5d": 0.05346739647719606,
    "K": 0.051570381039807045,
    "D": 0.050496309895116234,
    "bb_position": 0.04893088875222088,
    "price_change_20d": 0.04881324022610714,
    "rsi": 0.04615716438763869
  }
}