{
  "ticker": "2449.TW",
  "analysis_date": "2026-05-09",
  "model_accuracy": 0.5106796116504855,
  "feature_importance": {
    "MA_50": 0.0712390114042136,
    "OBV_MA": 0.06892500870540028,
    "MA_20": 0.06762005961295836,
    "MA_200": 0.06516955318268763,
    "volatility": 0.06451457768076518,
    "OBV": 0.06424781236072091,
    "macd_hist": 0.06387387553033201,
    "macd_signal": 0.06355326770754217,
    "ATR": 0.0626211081873843,
    "MA50_slope": 0.06003603353979962,
    "macd": 0.058458478662658846,
    "bb_position": 0.05190120931695057,
    "price_change_5d": 0.0509435557238636,
    "price_change_20d": 0.05029517393014028,
    "rsi": 0.04612014288397301,
    "D": 0.04525648606468607,
    "K": 0.04522464550592374
  }
}