{
  "ticker": "2449.TW",
  "analysis_date": "2026-01-24",
  "model_accuracy": 0.5436893203883495,
  "feature_importance": {
    "MA_50": 0.07292664328273331,
    "OBV_MA": 0.06815537199646352,
    "MA_20": 0.06746628649359489,
    "macd_hist": 0.06500351518410215,
    "MA_200": 0.06480630249683567,
    "macd_signal": 0.06312080634408168,
    "ATR": 0.06289491029801136,
    "volatility": 0.06280597768525627,
    "OBV": 0.06197059797221203,
    "MA50_slope": 0.06113977946689822,
    "macd": 0.060759042781426215,
    "bb_position": 0.052912362815317825,
    "price_change_20d": 0.052120061303714486,
    "price_change_5d": 0.04746891601982104,
    "K": 0.04702024946046163,
    "rsi": 0.04490168811904507,
    "D": 0.04452748828002471
  }
}