{
  "ticker": "2451.TW",
  "analysis_date": "2026-05-09",
  "model_accuracy": 0.5359223300970873,
  "feature_importance": {
    "MA_200": 0.07595094219705274,
    "OBV_MA": 0.07209740444441978,
    "MA_50": 0.07191780721964643,
    "MA_20": 0.07121507180504517,
    "volatility": 0.07027604850480869,
    "MA50_slope": 0.06747247776575158,
    "OBV": 0.06642892906346584,
    "ATR": 0.06053286852202393,
    "macd_signal": 0.05875398306129197,
    "macd": 0.058147649928084834,
    "macd_hist": 0.053184691801026786,
    "price_change_20d": 0.05134115570048962,
    "price_change_5d": 0.05076413456136384,
    "rsi": 0.04475127743649593,
    "K": 0.04336459145962831,
    "bb_position": 0.042388735730684864,
    "D": 0.04141223079871973
  }
}