{
  "ticker": "2451.TW",
  "analysis_date": "2025-12-30",
  "model_accuracy": 0.5564102564102564,
  "feature_importance": {
    "MA_20": 0.07599485038613567,
    "MA_200": 0.07533351535705035,
    "MA_50": 0.07118618023920385,
    "volatility": 0.06897933230421849,
    "MA50_slope": 0.06872056139831985,
    "OBV_MA": 0.06868580331797088,
    "OBV": 0.06663974465846038,
    "ATR": 0.062364229240237955,
    "macd_signal": 0.058129374195768836,
    "macd": 0.05694428208327048,
    "price_change_20d": 0.054887299832789484,
    "macd_hist": 0.05138885616521604,
    "price_change_5d": 0.04762339990652911,
    "rsi": 0.04681422167016491,
    "bb_position": 0.043516388669664716,
    "D": 0.04168400465815995,
    "K": 0.04110795591683891
  }
}