{
  "ticker": "2451.TW",
  "analysis_date": "2026-01-28",
  "model_accuracy": 0.5009708737864078,
  "feature_importance": {
    "MA_200": 0.07541620834246578,
    "MA_50": 0.07489433833153461,
    "MA_20": 0.071783206636048,
    "OBV_MA": 0.07107298791481494,
    "volatility": 0.0696374894187919,
    "MA50_slope": 0.06586984441617046,
    "OBV": 0.06580438247371131,
    "ATR": 0.062267559036675565,
    "macd_signal": 0.058813992389420394,
    "macd": 0.056533376524869366,
    "macd_hist": 0.0531040732929,
    "price_change_20d": 0.0500739291306267,
    "price_change_5d": 0.04940007926168572,
    "rsi": 0.04501605256415437,
    "bb_position": 0.044122149523157614,
    "K": 0.043673363674964945,
    "D": 0.04251696706800848
  }
}