{
  "ticker": "2454.TW",
  "analysis_date": "2026-05-09",
  "model_accuracy": 0.48349514563106794,
  "feature_importance": {
    "MA_200": 0.07031400648353228,
    "MA_20": 0.06822475912477535,
    "MA_50": 0.06771252253460636,
    "OBV_MA": 0.0658164186896611,
    "MA50_slope": 0.06533548947134768,
    "ATR": 0.06403000694505065,
    "OBV": 0.06308423006033448,
    "volatility": 0.06071510868343426,
    "macd_signal": 0.057910220741888445,
    "price_change_20d": 0.05667735616878103,
    "macd": 0.056353791933085956,
    "macd_hist": 0.056084550857928406,
    "price_change_5d": 0.05560416506932236,
    "D": 0.050319408898305,
    "bb_position": 0.048001063393505745,
    "K": 0.04792147902628803,
    "rsi": 0.04589542191815292
  }
}