{
  "ticker": "2454.TW",
  "model_type": "XGBoost",
  "model_accuracy": 0.546692607003891,
  "feature_importance": {
    "sma_30": 0.06622463464736938,
    "sma_200": 0.06269005686044693,
    "sma_50": 0.05950896441936493,
    "obv": 0.05937035381793976,
    "sma_10": 0.05704432725906372,
    "atr": 0.0559990294277668,
    "macd_signal": 0.05579770728945732,
    "obv_ma20": 0.054894138127565384,
    "price_change_20d": 0.05405981466174126,
    "volatility": 0.05196075513958931,
    "ma50_slope": 0.050833333283662796,
    "macd_hist": 0.0506802536547184,
    "bb_position": 0.047532130032777786,
    "price_change_5d": 0.04700877517461777,
    "D": 0.04691873863339424,
    "macd": 0.04652952402830124,
    "K": 0.04648309946060181,
    "price_change_10d": 0.04462315887212753,
    "rsi": 0.04184109717607498
  }
}