{
  "ticker": "2454.TW",
  "analysis_date": "2026-01-28",
  "model_accuracy": 0.487378640776699,
  "feature_importance": {
    "MA_20": 0.07061869059513581,
    "MA_50": 0.06908826861898247,
    "MA_200": 0.06745276211519907,
    "MA50_slope": 0.06674254086695763,
    "OBV_MA": 0.06358250406011942,
    "ATR": 0.0632579158000629,
    "OBV": 0.061939081121898346,
    "volatility": 0.06160521754696736,
    "macd": 0.05831240891183762,
    "price_change_20d": 0.05756328926366836,
    "macd_signal": 0.05599209860366743,
    "macd_hist": 0.055301959683910745,
    "price_change_5d": 0.054425811361712734,
    "D": 0.05215621766509622,
    "bb_position": 0.04911790152228484,
    "rsi": 0.04756705044804901,
    "K": 0.04527628181445002
  }
}