{
  "ticker": "2454.TW",
  "analysis_date": "2026-01-31",
  "model_accuracy": 0.487378640776699,
  "feature_importance": {
    "MA_50": 0.07091129883876277,
    "MA_20": 0.07022420262834785,
    "MA_200": 0.06747152807893039,
    "OBV_MA": 0.06591802550358405,
    "MA50_slope": 0.06432079276376891,
    "OBV": 0.06271028146301962,
    "macd": 0.060419898855736634,
    "ATR": 0.0597896083357809,
    "macd_signal": 0.05971429439935645,
    "price_change_20d": 0.05939915498955903,
    "volatility": 0.059247429336175786,
    "macd_hist": 0.055567636441199345,
    "price_change_5d": 0.053897093178889806,
    "D": 0.04878258855779187,
    "bb_position": 0.0487663264336052,
    "rsi": 0.04658743260250184,
    "K": 0.046272407592989416
  }
}