{
  "ticker": "2454.TW",
  "model_type": "trend_following_v2",
  "analysis_date": "2026-02-05",
  "model_accuracy": 0.5434380776340111,
  "note": "RSI removed from features - trend following model",
  "feature_importance": {
    "macd": 0.11241123976318132,
    "macd_signal": 0.11839612590779022,
    "macd_hist": 0.11366181898222148,
    "bb_position": 0.10123957022658311,
    "volume_ratio": 0.0963682482015859,
    "price_momentum": 0.10218483335865683,
    "ma50_slope": 0.1291374015470618,
    "atr_pct": 0.12833191542759992,
    "price_change_1d": 0.09826884658531944
  }
}