{
  "ticker": "2455.TW",
  "model_type": "XGBoost",
  "model_accuracy": 0.5817120622568094,
  "feature_importance": {
    "obv_ma20": 0.06532301008701324,
    "sma_200": 0.06395610421895981,
    "atr": 0.06200156733393669,
    "sma_30": 0.058093879371881485,
    "sma_10": 0.05752693861722946,
    "macd_signal": 0.05713166669011116,
    "macd": 0.05588183552026749,
    "sma_50": 0.05543608218431473,
    "volatility": 0.05405082926154137,
    "ma50_slope": 0.051756709814071655,
    "D": 0.05100182071328163,
    "price_change_5d": 0.049827780574560165,
    "obv": 0.04941090941429138,
    "macd_hist": 0.048018962144851685,
    "bb_position": 0.047519732266664505,
    "price_change_20d": 0.046129580587148666,
    "K": 0.043361347168684006,
    "rsi": 0.042589325457811356,
    "price_change_10d": 0.04098190367221832
  }
}