{
  "ticker": "2467.TW",
  "model_type": "XGBoost",
  "model_accuracy": 0.5544354838709677,
  "feature_importance": {
    "sma_50": 0.06583540886640549,
    "sma_200": 0.06560058891773224,
    "sma_30": 0.06351996213197708,
    "macd": 0.06249574199318886,
    "obv_ma20": 0.05961214378476143,
    "ma50_slope": 0.05620233342051506,
    "price_change_20d": 0.05608277767896652,
    "sma_10": 0.055229008197784424,
    "rsi": 0.05451716482639313,
    "volatility": 0.05298862233757973,
    "atr": 0.049797579646110535,
    "bb_position": 0.049709249287843704,
    "macd_signal": 0.04851324483752251,
    "obv": 0.04677850380539894,
    "macd_hist": 0.04424040764570236,
    "D": 0.04403377324342728,
    "price_change_10d": 0.04208649694919586,
    "price_change_5d": 0.04195966199040413,
    "K": 0.04079722613096237
  }
}