{
  "ticker": "2478.TW",
  "analysis_date": "2026-01-28",
  "model_accuracy": 0.5281553398058253,
  "feature_importance": {
    "MA_50": 0.07487322392298047,
    "MA_200": 0.06847729024392407,
    "MA_20": 0.06530375872973322,
    "OBV_MA": 0.0648743365473799,
    "macd_signal": 0.06309377639549904,
    "OBV": 0.06259184755152321,
    "volatility": 0.06063907760057645,
    "ATR": 0.06029143975055355,
    "price_change_5d": 0.058536727481994975,
    "macd": 0.05754492463453761,
    "MA50_slope": 0.05634205024396298,
    "macd_hist": 0.05578818305594157,
    "K": 0.054317046175561746,
    "price_change_20d": 0.05098791068087234,
    "rsi": 0.049474711258234924,
    "D": 0.049348855968114974,
    "bb_position": 0.04751483975860909
  }
}