{
  "ticker": "2481.TW",
  "model_type": "XGBoost",
  "model_accuracy": 0.49416342412451364,
  "feature_importance": {
    "sma_200": 0.06999339163303375,
    "sma_10": 0.06849265098571777,
    "obv_ma20": 0.06464795768260956,
    "sma_30": 0.05980124697089195,
    "obv": 0.05879420042037964,
    "volatility": 0.057441744953393936,
    "sma_50": 0.05675657093524933,
    "macd": 0.05409403145313263,
    "macd_hist": 0.05360917001962662,
    "macd_signal": 0.05193258449435234,
    "ma50_slope": 0.05038456618785858,
    "atr": 0.04904159530997276,
    "price_change_20d": 0.04809689521789551,
    "rsi": 0.04648269712924957,
    "price_change_10d": 0.04577600583434105,
    "D": 0.04529834911227226,
    "K": 0.04072175174951553,
    "bb_position": 0.03937642648816109,
    "price_change_5d": 0.03925815969705582
  }
}