{
  "ticker": "2484.TW",
  "analysis_date": "2026-01-28",
  "model_accuracy": 0.5281553398058253,
  "feature_importance": {
    "ATR": 0.07040364140700522,
    "MA50_slope": 0.06742887712941471,
    "MA_50": 0.06700589234230583,
    "MA_20": 0.06418531645035343,
    "volatility": 0.06383970626960743,
    "OBV_MA": 0.06058712002336599,
    "macd_signal": 0.059531693312859985,
    "OBV": 0.05896580247615092,
    "macd_hist": 0.05866797505076812,
    "macd": 0.05836496807170989,
    "K": 0.05770206089976739,
    "MA_200": 0.057367088690355575,
    "price_change_5d": 0.055753990295132866,
    "price_change_20d": 0.05283291995889806,
    "rsi": 0.05094646621851269,
    "bb_position": 0.04834765677526095,
    "D": 0.04806882462853091
  }
}