{
  "ticker": "2484.TW",
  "analysis_date": "2026-05-09",
  "model_accuracy": 0.5067961165048543,
  "feature_importance": {
    "MA_50": 0.07012796230369184,
    "MA50_slope": 0.06956406813017411,
    "ATR": 0.06942456554744883,
    "volatility": 0.062357651934862715,
    "MA_20": 0.06184445913527382,
    "macd": 0.06048933216180731,
    "macd_hist": 0.059031200629722086,
    "OBV_MA": 0.05887842842170755,
    "macd_signal": 0.05878507769421651,
    "OBV": 0.05872603604835448,
    "K": 0.057119988892832436,
    "price_change_5d": 0.05655803972922817,
    "MA_200": 0.055063399750779174,
    "price_change_20d": 0.05255950791949496,
    "rsi": 0.05217878800154879,
    "bb_position": 0.04924856662859239,
    "D": 0.04804292707026491
  }
}