{
  "ticker": "2485.TW",
  "model_type": "XGBoost",
  "model_accuracy": 0.6270161290322581,
  "feature_importance": {
    "sma_30": 0.07390850782394409,
    "sma_10": 0.06354580074548721,
    "sma_50": 0.06201732158660889,
    "macd_signal": 0.06007568910717964,
    "sma_200": 0.059620462357997894,
    "obv": 0.05719093233346939,
    "macd": 0.05687202513217926,
    "obv_ma20": 0.05386541783809662,
    "bb_position": 0.05006328597664833,
    "K": 0.04998260363936424,
    "price_change_5d": 0.049368295818567276,
    "price_change_20d": 0.047922611236572266,
    "volatility": 0.047662362456321716,
    "ma50_slope": 0.04722924530506134,
    "D": 0.04687918350100517,
    "rsi": 0.046830303966999054,
    "atr": 0.04444552958011627,
    "macd_hist": 0.04439138248562813,
    "price_change_10d": 0.038129035383462906
  }
}