{
  "ticker": "2489.TW",
  "company": "成霖",
  "model_type": "XGBoost",
  "model_accuracy": 0.7716390423572744,
  "feature_importance": {
    "sma_200": 0.07704981416463852,
    "volatility": 0.06849440932273865,
    "sma_50": 0.06177769601345062,
    "obv": 0.05974559485912323,
    "sma_10": 0.05875011906027794,
    "macd": 0.058716244995594025,
    "obv_ma20": 0.056436702609062195,
    "sma_30": 0.05573488026857376,
    "ma50_slope": 0.05115152522921562,
    "price_change_20d": 0.051145680248737335,
    "price_change_10d": 0.05027061700820923,
    "atr": 0.04837226867675781,
    "D": 0.04775146767497063,
    "macd_hist": 0.04641355201601982,
    "macd_signal": 0.04561451077461243,
    "price_change_5d": 0.04489000514149666,
    "rsi": 0.04004034399986267,
    "K": 0.03996047005057335,
    "bb_position": 0.03768407925963402
  }
}