{
  "ticker": "2492.TW",
  "analysis_date": "2026-01-28",
  "model_accuracy": 0.5320388349514563,
  "feature_importance": {
    "OBV_MA": 0.07557708286323331,
    "OBV": 0.07308373160569641,
    "volatility": 0.07168443515396136,
    "MA_20": 0.06871682062320933,
    "MA50_slope": 0.06723693955518918,
    "MA_50": 0.06695000002834152,
    "MA_200": 0.06597195803919173,
    "macd_signal": 0.061614982453259644,
    "ATR": 0.05960727338280075,
    "macd_hist": 0.05687563287487183,
    "macd": 0.0540245825809921,
    "price_change_20d": 0.05365508227232559,
    "rsi": 0.04891555153454878,
    "price_change_5d": 0.04715681044009229,
    "bb_position": 0.04704568397608706,
    "D": 0.04470216374153694,
    "K": 0.03718126887466201
  }
}