{
  "ticker": "2492.TW",
  "analysis_date": "2026-05-09",
  "model_accuracy": 0.516504854368932,
  "feature_importance": {
    "OBV_MA": 0.07718562721031483,
    "volatility": 0.07229117688313282,
    "OBV": 0.07081754855229265,
    "MA_50": 0.06826220779537771,
    "MA_20": 0.06715211686256178,
    "MA50_slope": 0.06659512313299784,
    "MA_200": 0.0647720900227868,
    "macd_signal": 0.06313718272432568,
    "ATR": 0.06257730735170558,
    "macd_hist": 0.056505434021485,
    "price_change_20d": 0.05301926072679732,
    "macd": 0.052532100405780546,
    "price_change_5d": 0.048310865434628605,
    "rsi": 0.04757221310002929,
    "bb_position": 0.046889673049352175,
    "D": 0.04533041883507836,
    "K": 0.037049653891353125
  }
}