{
  "ticker": "2603.TW",
  "analysis_date": "2026-05-09",
  "model_accuracy": 0.4679611650485437,
  "feature_importance": {
    "OBV_MA": 0.07200009678010726,
    "MA_200": 0.07046051874551092,
    "OBV": 0.06970899349796707,
    "MA_20": 0.06891533202963035,
    "MA_50": 0.06529122202330678,
    "macd_signal": 0.062398410922942335,
    "MA50_slope": 0.06194027898469331,
    "macd": 0.06078686443462156,
    "ATR": 0.06013371898155993,
    "macd_hist": 0.05993091331573975,
    "volatility": 0.059049909513137294,
    "price_change_20d": 0.0529301881213693,
    "bb_position": 0.049879037427251145,
    "price_change_5d": 0.04986833657884467,
    "rsi": 0.049633409550677375,
    "K": 0.04387271682041246,
    "D": 0.04320005227222854
  }
}