{
  "ticker": "2603.TW",
  "analysis_date": "2026-01-11",
  "model_accuracy": 0.47572815533980584,
  "feature_importance": {
    "MA_200": 0.07099514563534176,
    "OBV": 0.07053979005167313,
    "MA_20": 0.06951893764924412,
    "OBV_MA": 0.06951811537308468,
    "MA_50": 0.06773801736824739,
    "MA50_slope": 0.06360079562877212,
    "macd": 0.06296962005852492,
    "macd_signal": 0.062272321669294174,
    "volatility": 0.06150331469356381,
    "ATR": 0.06089199629703756,
    "macd_hist": 0.05867193570165354,
    "price_change_20d": 0.050209862147939086,
    "price_change_5d": 0.05009792524508261,
    "rsi": 0.04965035795195848,
    "bb_position": 0.04738599354194654,
    "D": 0.04279477092838126,
    "K": 0.041641100058254825
  }
}