{
  "ticker": "2603.TW",
  "analysis_date": "2026-01-28",
  "model_accuracy": 0.4854368932038835,
  "feature_importance": {
    "MA_200": 0.07510135458776959,
    "OBV_MA": 0.06943208859263747,
    "MA_20": 0.06917004501715135,
    "OBV": 0.0673650917022547,
    "macd": 0.06406181194504898,
    "MA_50": 0.06401219265135223,
    "MA50_slope": 0.061737993073303986,
    "volatility": 0.06135675553583316,
    "macd_signal": 0.06085357990420282,
    "macd_hist": 0.06078816220215799,
    "ATR": 0.0605271926965167,
    "price_change_20d": 0.05245291844864819,
    "price_change_5d": 0.049580654978794755,
    "rsi": 0.04931664518281846,
    "bb_position": 0.047471639795629246,
    "K": 0.04370063669435646,
    "D": 0.04307123699152381
  }
}