{
  "ticker": "2610.TW",
  "analysis_date": "2026-05-09",
  "model_accuracy": 0.5242718446601942,
  "feature_importance": {
    "MA_20": 0.07262904146924336,
    "MA_200": 0.07087905019897346,
    "MA_50": 0.06838415013438222,
    "OBV": 0.0679409709501248,
    "ATR": 0.06453073568937298,
    "OBV_MA": 0.06364034893404698,
    "macd_signal": 0.0627933362674702,
    "volatility": 0.06198126109817322,
    "MA50_slope": 0.06160747596032106,
    "price_change_5d": 0.05693250162717989,
    "macd": 0.05667294421780765,
    "macd_hist": 0.05410051517441259,
    "price_change_20d": 0.05143576209884588,
    "bb_position": 0.049560992260198986,
    "rsi": 0.047063044303488906,
    "D": 0.046089084091155745,
    "K": 0.0437587855248022
  }
}