{
  "ticker": "2610.TW",
  "analysis_date": "2026-01-28",
  "model_accuracy": 0.5223300970873787,
  "feature_importance": {
    "MA_200": 0.0712811691990838,
    "MA_20": 0.07117672909548879,
    "OBV": 0.06936108594220936,
    "MA_50": 0.06873556702941763,
    "ATR": 0.06419426220605533,
    "MA50_slope": 0.06189697289526435,
    "OBV_MA": 0.061722444805235824,
    "macd_signal": 0.0608003100291776,
    "volatility": 0.060510772105067216,
    "macd": 0.05843968552948913,
    "price_change_5d": 0.05410921767505681,
    "price_change_20d": 0.05369896950630219,
    "macd_hist": 0.053664351393965505,
    "bb_position": 0.04964693791738049,
    "rsi": 0.048976162462366246,
    "D": 0.04601543856682812,
    "K": 0.04576992364161171
  }
}