{
  "ticker": "2618.TW",
  "analysis_date": "2026-01-28",
  "model_accuracy": 0.5009708737864078,
  "feature_importance": {
    "MA50_slope": 0.0754574492347316,
    "MA_200": 0.07429216670571469,
    "macd_signal": 0.06760421269227002,
    "volatility": 0.06503896523022831,
    "MA_50": 0.06391579758781973,
    "MA_20": 0.06339589958340168,
    "OBV": 0.06290074357796001,
    "ATR": 0.06221647479105263,
    "OBV_MA": 0.06079658197594782,
    "macd": 0.06023234927936075,
    "macd_hist": 0.056689501727414396,
    "rsi": 0.05366454870677697,
    "price_change_20d": 0.05189189695960425,
    "bb_position": 0.04707962530132475,
    "D": 0.04549620933734328,
    "K": 0.04485773315515401,
    "price_change_5d": 0.04446984415389516
  }
}