{
  "ticker": "2618.TW",
  "analysis_date": "2026-05-09",
  "model_accuracy": 0.49514563106796117,
  "feature_importance": {
    "MA50_slope": 0.07638145257084845,
    "MA_200": 0.07297117711574996,
    "volatility": 0.06751238658402577,
    "MA_20": 0.06687666270053848,
    "macd_signal": 0.06475490245383048,
    "MA_50": 0.06442991320636798,
    "ATR": 0.062158671311963384,
    "OBV_MA": 0.06105308384354162,
    "OBV": 0.0600211078675599,
    "macd": 0.0599945332859149,
    "macd_hist": 0.056324518684050945,
    "price_change_20d": 0.05107052438912189,
    "rsi": 0.05006269929944602,
    "bb_position": 0.04836177252720374,
    "K": 0.04730780479211263,
    "D": 0.046147013310754596,
    "price_change_5d": 0.0445717760569692
  }
}