{
  "ticker": "2634.TW",
  "analysis_date": "2026-01-24",
  "model_accuracy": 0.5087378640776699,
  "feature_importance": {
    "MA_20": 0.07389276828465881,
    "OBV_MA": 0.07269794422600097,
    "MA50_slope": 0.06665886223958455,
    "MA_50": 0.06605496575881988,
    "MA_200": 0.06348011996745845,
    "volatility": 0.06192257196531254,
    "ATR": 0.06177697503079185,
    "macd_signal": 0.06128046351700913,
    "OBV": 0.060295868398724625,
    "price_change_20d": 0.05586362882604922,
    "macd_hist": 0.05416427594387394,
    "macd": 0.05225209038037798,
    "rsi": 0.05202523980616955,
    "D": 0.0500779126693617,
    "bb_position": 0.0498842558714706,
    "K": 0.04894315250942265,
    "price_change_5d": 0.04872890460491363
  }
}