{
  "ticker": "2634.TW",
  "analysis_date": "2026-05-09",
  "model_accuracy": 0.5067961165048543,
  "feature_importance": {
    "MA_20": 0.07441610307748353,
    "OBV_MA": 0.07435250364025041,
    "MA_50": 0.06575480767333482,
    "MA50_slope": 0.06544311539076202,
    "MA_200": 0.06408349451357404,
    "macd_signal": 0.06268790507638071,
    "OBV": 0.06143859678273163,
    "ATR": 0.06003195031595597,
    "volatility": 0.060023720774745944,
    "price_change_20d": 0.05873036764681649,
    "rsi": 0.052831248076135866,
    "macd_hist": 0.05225686898679441,
    "macd": 0.051704256203280854,
    "bb_position": 0.050032073488670586,
    "D": 0.04976103963311875,
    "K": 0.049147319335689506,
    "price_change_5d": 0.04730462938427446
  }
}