{
  "ticker": "2634.TW",
  "analysis_date": "2026-01-12",
  "model_accuracy": 0.5359223300970873,
  "feature_importance": {
    "MA_20": 0.07477717226582292,
    "OBV_MA": 0.07372118265038911,
    "MA_50": 0.06765603299391479,
    "MA50_slope": 0.06522261950729487,
    "MA_200": 0.06409709482392388,
    "macd_signal": 0.0618720094456183,
    "OBV": 0.06152502133560174,
    "volatility": 0.06121483244899358,
    "ATR": 0.060579666488021024,
    "price_change_20d": 0.056483660496394375,
    "macd_hist": 0.05447118878690786,
    "macd": 0.05147107543614538,
    "rsi": 0.05100527462218214,
    "D": 0.05016910470941938,
    "bb_position": 0.04938444381112568,
    "price_change_5d": 0.04865195404930912,
    "K": 0.04769766612893595
  }
}