{
  "ticker": "2645.TW",
  "analysis_date": "2026-01-10",
  "model_accuracy": 0.49404761904761907,
  "feature_importance": {
    "MA_20": 0.09170260133130433,
    "OBV_MA": 0.07970992063818676,
    "ATR": 0.07348963404507344,
    "OBV": 0.069196518838084,
    "MA_50": 0.06728154889636515,
    "volatility": 0.0670706208563875,
    "macd": 0.05614386575803916,
    "macd_hist": 0.05541497300609398,
    "price_change_5d": 0.05392460249139096,
    "macd_signal": 0.053209576554753814,
    "MA50_slope": 0.05280085197316278,
    "rsi": 0.05135984069223072,
    "price_change_20d": 0.05134753319398297,
    "MA_200": 0.04867767445921228,
    "bb_position": 0.04615885419196776,
    "D": 0.042208016130154354,
    "K": 0.040303366943610176
  }
}