{
  "ticker": "2645.TW",
  "analysis_date": "2026-05-09",
  "model_accuracy": 0.5297619047619048,
  "feature_importance": {
    "MA_20": 0.08986134810539624,
    "OBV_MA": 0.08276047628430701,
    "ATR": 0.0718515299272241,
    "OBV": 0.06933232630901641,
    "volatility": 0.06775846466389814,
    "MA_50": 0.06689820489013973,
    "macd_hist": 0.05707162344331655,
    "macd": 0.05547047772333603,
    "MA50_slope": 0.0535815514605913,
    "price_change_5d": 0.053201604931193615,
    "macd_signal": 0.05157419227441116,
    "rsi": 0.05095247403622169,
    "price_change_20d": 0.04984096369185462,
    "MA_200": 0.04959894272645915,
    "bb_position": 0.048248610027769985,
    "D": 0.04213112122557482,
    "K": 0.03986608827928942
  }
}