{
  "ticker": "2881.TW",
  "analysis_date": "2026-01-24",
  "model_accuracy": 0.4524271844660194,
  "feature_importance": {
    "MA_200": 0.07767422169613075,
    "MA_20": 0.07659668833267712,
    "OBV_MA": 0.06800805154542966,
    "MA_50": 0.0665503778981717,
    "OBV": 0.06575862682531922,
    "MA50_slope": 0.06515007212598009,
    "volatility": 0.06325517428069602,
    "macd_hist": 0.05936037717668942,
    "macd_signal": 0.057443271432757535,
    "ATR": 0.05587705851877302,
    "price_change_5d": 0.052886667487668765,
    "macd": 0.05244595282348269,
    "rsi": 0.04978363054988315,
    "price_change_20d": 0.04886211447940319,
    "bb_position": 0.048593104470116444,
    "D": 0.046585521816933095,
    "K": 0.0451690885398881
  }
}