{
  "ticker": "2882.TW",
  "analysis_date": "2026-06-08",
  "model_accuracy": 0.4893203883495146,
  "feature_importance": {
    "MA_20": 0.07415023323856211,
    "OBV_MA": 0.07362749545972269,
    "MA_200": 0.06983069360942695,
    "volatility": 0.06855224210484795,
    "MA_50": 0.06691825912195082,
    "ATR": 0.06559420532739088,
    "MA50_slope": 0.061819368857325245,
    "OBV": 0.061102409369215446,
    "macd_signal": 0.060798556473001475,
    "rsi": 0.0561043240301923,
    "macd": 0.05551501409280533,
    "price_change_20d": 0.05199074512353867,
    "macd_hist": 0.05140707251668186,
    "price_change_5d": 0.05133499512329227,
    "D": 0.04568115575292837,
    "K": 0.04341120717306778,
    "bb_position": 0.04216202262605003
  }
}