{
  "ticker": "2884.TW",
  "analysis_date": "2026-01-12",
  "model_accuracy": 0.4330097087378641,
  "feature_importance": {
    "MA_200": 0.07305228754321552,
    "OBV_MA": 0.06716535811652836,
    "macd_signal": 0.0671056369080602,
    "MA_50": 0.06557396896204688,
    "ATR": 0.06538271491298964,
    "MA50_slope": 0.06490198203765728,
    "MA_20": 0.06390809402950906,
    "volatility": 0.06220696447975949,
    "OBV": 0.0609988634893572,
    "macd": 0.06001839820022127,
    "price_change_20d": 0.05623205107082349,
    "D": 0.0512740446417491,
    "macd_hist": 0.05096119570131263,
    "rsi": 0.049439731056137096,
    "K": 0.04908228773938675,
    "bb_position": 0.047743229027499605,
    "price_change_5d": 0.044953192083746506
  }
}