{
  "ticker": "2886.TW",
  "company": "兆豐金",
  "model_type": "XGBoost",
  "model_accuracy": 0.9760589318600368,
  "feature_importance": {
    "sma_30": 0.08664624392986298,
    "sma_50": 0.07053311169147491,
    "atr": 0.06549162417650223,
    "sma_200": 0.06373719871044159,
    "macd_signal": 0.062326956540346146,
    "volatility": 0.06164383143186569,
    "obv_ma20": 0.05607929825782776,
    "price_change_10d": 0.05585210397839546,
    "ma50_slope": 0.05234752967953682,
    "price_change_5d": 0.05202263966202736,
    "obv": 0.04935939237475395,
    "macd": 0.04895206168293953,
    "sma_10": 0.04810645803809166,
    "rsi": 0.043579235672950745,
    "price_change_20d": 0.039794545620679855,
    "macd_hist": 0.03877850994467735,
    "D": 0.03571546822786331,
    "bb_position": 0.03549562767148018,
    "K": 0.03353814035654068
  }
}