{
  "ticker": "2890.TW",
  "analysis_date": "2026-02-09",
  "model_accuracy": 0.47572815533980584,
  "feature_importance": {
    "macd_signal": 0.07151617316409843,
    "OBV_MA": 0.06934821609236841,
    "MA_50": 0.06848630287903555,
    "MA_20": 0.06767904281849865,
    "MA_200": 0.06556642903044765,
    "MA50_slope": 0.06527868536066475,
    "OBV": 0.06221507512017555,
    "ATR": 0.06130869420512373,
    "macd": 0.059642421178577675,
    "price_change_20d": 0.05890657860634401,
    "volatility": 0.057491636938034815,
    "rsi": 0.0544742841906771,
    "bb_position": 0.05359852028553065,
    "macd_hist": 0.05100334332406,
    "price_change_5d": 0.048330805968368154,
    "D": 0.04296125513798705,
    "K": 0.04219253570000789
  }
}