{
  "ticker": "2890.TW",
  "analysis_date": "2026-06-08",
  "model_accuracy": 0.48349514563106794,
  "feature_importance": {
    "MA_20": 0.07054145493626245,
    "MA50_slope": 0.0682532569754405,
    "macd_signal": 0.0676535722762766,
    "OBV_MA": 0.0672226324216768,
    "MA_200": 0.06598182562040873,
    "MA_50": 0.06452095618684721,
    "macd": 0.06227329909518798,
    "ATR": 0.06159637895101927,
    "OBV": 0.05928602829389003,
    "volatility": 0.05859151177675184,
    "price_change_20d": 0.056319375546084335,
    "macd_hist": 0.055031242316453344,
    "rsi": 0.05462769067825521,
    "bb_position": 0.05182523606587473,
    "price_change_5d": 0.050855373013194045,
    "D": 0.04375665483077617,
    "K": 0.0416635110156008
  }
}