{
  "ticker": "2891.TW",
  "analysis_date": "2026-02-03",
  "model_accuracy": 0.6368932038834951,
  "best_horizon_days": 1,
  "feature_importance": {
    "return_3d": 0.07926484942436218,
    "MA_200": 0.06414203345775604,
    "bb_position": 0.06403848528862,
    "return_2d": 0.05938102304935455,
    "MA50_slope": 0.05516128987073898,
    "volatility_10": 0.05492621660232544,
    "MA_50": 0.05394582077860832,
    "macd_hist": 0.05335583537817001,
    "volatility_50": 0.051602352410554886,
    "return_1d": 0.05093054100871086,
    "ATR": 0.050196778029203415,
    "volume_change_1d": 0.04990658164024353,
    "price_change_5d": 0.04781518504023552,
    "rsi": 0.04413977265357971,
    "price_change_20d": 0.04384583234786987,
    "K": 0.04155036062002182,
    "MA_20": 0.03949172422289848,
    "volatility": 0.03828488662838936,
    "macd": 0.031803444027900696,
    "D": 0.02621709741652012,
    "macd_signal": 0.0,
    "OBV": 0.0,
    "OBV_MA": 0.0,
    "return_5d": 0.0,
    "volume_ma_5": 0.0,
    "volume_ma_20": 0.0
  }
}