{
  "ticker": "3004.TW",
  "analysis_date": "2026-02-03",
  "model_accuracy": 0.5029126213592233,
  "feature_importance": {
    "MA50_slope": 0.07116340164747878,
    "macd_signal": 0.06770753462102984,
    "MA_50": 0.06705304602340874,
    "MA_200": 0.06497843152210989,
    "MA_20": 0.06468604932105654,
    "volatility": 0.06414348102093657,
    "OBV_MA": 0.06410877045035168,
    "macd": 0.06208001056389736,
    "ATR": 0.061916671486938676,
    "OBV": 0.06131365730684775,
    "macd_hist": 0.05687371858818888,
    "price_change_5d": 0.05347246604847023,
    "price_change_20d": 0.052362395710846964,
    "bb_position": 0.05064185799669163,
    "rsi": 0.04645608086110952,
    "K": 0.045571879176294294,
    "D": 0.04547054765434262
  }
}