{
  "ticker": "3004.TW",
  "model_type": "XGBoost",
  "model_accuracy": 0.6975806451612904,
  "feature_importance": {
    "obv_ma20": 0.07089678943157196,
    "sma_10": 0.06977606564760208,
    "obv": 0.06403122842311859,
    "sma_200": 0.060288213193416595,
    "sma_30": 0.05813908204436302,
    "macd_signal": 0.05564263090491295,
    "sma_50": 0.05484125390648842,
    "price_change_20d": 0.05428476259112358,
    "macd": 0.054211925715208054,
    "ma50_slope": 0.0538819320499897,
    "volatility": 0.0512874498963356,
    "bb_position": 0.049388039857149124,
    "atr": 0.04876195639371872,
    "macd_hist": 0.04545251280069351,
    "price_change_10d": 0.04418123513460159,
    "price_change_5d": 0.043784014880657196,
    "D": 0.04212627187371254,
    "K": 0.040974974632263184,
    "rsi": 0.03804964944720268
  }
}