{
  "ticker": "3006.TW",
  "analysis_date": "2026-01-28",
  "model_accuracy": 0.4815533980582524,
  "feature_importance": {
    "MA_20": 0.07968235754979006,
    "MA_50": 0.07249717977542876,
    "OBV_MA": 0.07120675408569185,
    "MA_200": 0.06701486775864526,
    "ATR": 0.06398653505332222,
    "OBV": 0.0622140940963123,
    "volatility": 0.06149088559136151,
    "MA50_slope": 0.05786703203328707,
    "macd_signal": 0.057766390727319004,
    "macd_hist": 0.056919839406352,
    "price_change_5d": 0.05300447934051055,
    "bb_position": 0.05158320897925261,
    "rsi": 0.051165924177268216,
    "macd": 0.05037366352803095,
    "price_change_20d": 0.049617351216134704,
    "D": 0.047413839580707086,
    "K": 0.04619559710058599
  }
}