{
  "ticker": "3006.TW",
  "company": "晶豪科",
  "model_type": "XGBoost",
  "model_accuracy": 0.6011029411764706,
  "feature_importance": {
    "sma_30": 0.0780387595295906,
    "sma_50": 0.07105027139186859,
    "obv_ma20": 0.06562957167625427,
    "atr": 0.05738483741879463,
    "sma_10": 0.05705108866095543,
    "sma_200": 0.05614082142710686,
    "ma50_slope": 0.05571622774004936,
    "bb_position": 0.05494312569499016,
    "macd_signal": 0.05327323451638222,
    "obv": 0.050154879689216614,
    "volatility": 0.05008270964026451,
    "macd_hist": 0.04684397578239441,
    "macd": 0.04654907435178757,
    "price_change_5d": 0.046033039689064026,
    "price_change_20d": 0.04593625292181969,
    "price_change_10d": 0.04534308239817619,
    "rsi": 0.04450569674372673,
    "K": 0.03816071152687073,
    "D": 0.03716263920068741
  }
}