{
  "ticker": "3006.TW",
  "analysis_date": "2026-01-12",
  "model_accuracy": 0.47766990291262135,
  "feature_importance": {
    "MA_20": 0.08010574122195985,
    "OBV_MA": 0.07190484089212791,
    "MA_50": 0.07073440316077714,
    "MA_200": 0.06711361434303482,
    "volatility": 0.06307952798672266,
    "ATR": 0.06291161517496299,
    "OBV": 0.06135463302799743,
    "MA50_slope": 0.059236542974172135,
    "macd_signal": 0.058843797013867015,
    "macd_hist": 0.05667353351369681,
    "bb_position": 0.05379882348201667,
    "rsi": 0.05225836221618055,
    "macd": 0.051342260654177796,
    "price_change_5d": 0.051228903977678014,
    "price_change_20d": 0.04910765655729059,
    "K": 0.04561857658587675,
    "D": 0.04468716721746097
  }
}