{
  "ticker": "3008.TW",
  "model_type": "XGBoost",
  "model_accuracy": 0.5972762645914397,
  "feature_importance": {
    "sma_30": 0.07045397907495499,
    "sma_50": 0.06438636034727097,
    "sma_10": 0.06275052577257156,
    "sma_200": 0.061493344604969025,
    "obv_ma20": 0.06039999797940254,
    "atr": 0.05767814442515373,
    "macd": 0.05551217123866081,
    "macd_signal": 0.05356508865952492,
    "obv": 0.05320778489112854,
    "ma50_slope": 0.05298832431435585,
    "volatility": 0.052805330604314804,
    "price_change_20d": 0.04737166315317154,
    "bb_position": 0.04603517800569534,
    "rsi": 0.045024897903203964,
    "price_change_5d": 0.04407164454460144,
    "price_change_10d": 0.04390865936875343,
    "K": 0.04298396781086922,
    "macd_hist": 0.04270103573799133,
    "D": 0.04266197606921196
  }
}