{
  "ticker": "3008.TW",
  "analysis_date": "2026-05-09",
  "model_accuracy": 0.4388349514563107,
  "feature_importance": {
    "MA_20": 0.07968892875845057,
    "MA_50": 0.07141709098098929,
    "MA_200": 0.06703830981162885,
    "volatility": 0.06528961465184611,
    "OBV_MA": 0.06453834769105159,
    "MA50_slope": 0.0640522728818178,
    "OBV": 0.061462518891776195,
    "macd_signal": 0.059831305286620284,
    "macd": 0.05977466602018869,
    "ATR": 0.05756252428758811,
    "rsi": 0.05662389423279434,
    "macd_hist": 0.05249600410563506,
    "price_change_20d": 0.05125488939417266,
    "price_change_5d": 0.05000864958205359,
    "bb_position": 0.04879017074321629,
    "D": 0.04582145049960332,
    "K": 0.04434936218056708
  }
}