{
  "ticker": "3008.TW",
  "model_type": "trend_following_v2",
  "analysis_date": "2026-02-05",
  "model_accuracy": 0.49907578558225507,
  "note": "RSI removed from features - trend following model",
  "feature_importance": {
    "macd": 0.11777984460506837,
    "macd_signal": 0.1093979911005359,
    "macd_hist": 0.11469463432436665,
    "bb_position": 0.10189188405281213,
    "volume_ratio": 0.10291379478048165,
    "price_momentum": 0.1025955903692583,
    "ma50_slope": 0.1268550612794053,
    "atr_pct": 0.12420155325812149,
    "price_change_1d": 0.09966964622995024
  }
}