{
  "ticker": "301005.SZ",
  "analysis_date": "2026-01-24",
  "model_accuracy": 0.5369458128078818,
  "feature_importance": {
    "MA50_slope": 0.0772290657476765,
    "OBV": 0.07372952270272642,
    "macd_signal": 0.06600438407862902,
    "ATR": 0.06471629926352972,
    "OBV_MA": 0.06323407360402072,
    "MA_20": 0.061797931293194816,
    "macd": 0.060850228001728096,
    "MA_50": 0.05906977357710865,
    "price_change_5d": 0.05906601164326217,
    "MA_200": 0.05862033202736581,
    "macd_hist": 0.05770584497371134,
    "volatility": 0.0573390408316977,
    "bb_position": 0.05665746625925065,
    "price_change_20d": 0.048339588973632594,
    "D": 0.04676839780189645,
    "rsi": 0.045992370921981475,
    "K": 0.042879668298587935
  }
}