{
  "ticker": "3017.TW",
  "name": "奇鋐",
  "analysis_date": "2025-12-25",
  "model_accuracy": 0.4966442953020134,
  "data_points": 2234,
  "feature_importance": {
    "macd_signal": 0.06673211986280479,
    "MA_200": 0.0661684223589726,
    "macd": 0.065646842154547,
    "volatility": 0.06546517039282529,
    "MA50_slope": 0.06477553093842867,
    "MA_20": 0.06264073537978847,
    "OBV_MA": 0.062347736429175446,
    "MA_50": 0.061510991714853754,
    "OBV": 0.059803870360209926,
    "bb_position": 0.057424853040366,
    "ATR": 0.05532438245208153,
    "macd_hist": 0.05386843941774635,
    "D": 0.05273703112401538,
    "rsi": 0.05247361948691329,
    "price_change_20d": 0.05143316672532037,
    "price_change_5d": 0.0510622545652484,
    "K": 0.050584833596702766
  }
}