{
  "ticker": "3017.TW",
  "analysis_date": "2026-01-28",
  "model_accuracy": 0.5048543689320388,
  "feature_importance": {
    "MA50_slope": 0.0702294698522342,
    "MA_20": 0.0669858681661711,
    "MA_50": 0.06693339962889519,
    "OBV_MA": 0.06654356260163007,
    "macd_signal": 0.06578451325563796,
    "OBV": 0.06504286935381283,
    "macd": 0.0636773274731669,
    "MA_200": 0.06091067073802406,
    "ATR": 0.05736584158956619,
    "macd_hist": 0.05652677040159432,
    "bb_position": 0.05549635639012056,
    "D": 0.054220430365701434,
    "price_change_5d": 0.052108292939534596,
    "volatility": 0.051460236096978265,
    "price_change_20d": 0.051195807090163664,
    "rsi": 0.048906232443600234,
    "K": 0.04661235161316849
  }
}