{
  "ticker": "3017.TW",
  "analysis_date": "2026-02-25",
  "model_accuracy": 0.5048543689320388,
  "feature_importance": {
    "MA50_slope": 0.07140193646751201,
    "MA_20": 0.06759609663500284,
    "macd_signal": 0.06610247098634962,
    "OBV": 0.06598798327433486,
    "MA_50": 0.065969844389376,
    "OBV_MA": 0.06545507933061896,
    "macd": 0.06086542739849874,
    "MA_200": 0.06055972146879942,
    "macd_hist": 0.05918990465775722,
    "D": 0.0569421085195408,
    "ATR": 0.0552102843610555,
    "bb_position": 0.05393180696237538,
    "volatility": 0.05240404007174753,
    "price_change_5d": 0.05228023558940359,
    "price_change_20d": 0.05017902270428592,
    "K": 0.04825946080362406,
    "rsi": 0.0476645763797175
  }
}