{
  "ticker": "3022.TW",
  "analysis_date": "2026-01-12",
  "model_accuracy": 0.5184466019417475,
  "feature_importance": {
    "OBV_MA": 0.0746901187898518,
    "OBV": 0.07075527323059727,
    "MA_200": 0.06820951164852093,
    "MA_50": 0.06786089562089512,
    "MA_20": 0.0660232052247788,
    "macd_signal": 0.059921213698512936,
    "ATR": 0.05909287267287524,
    "volatility": 0.05832405362523567,
    "macd_hist": 0.058264803583371785,
    "price_change_5d": 0.05783633107564384,
    "macd": 0.055332309042102255,
    "price_change_20d": 0.05441042152963829,
    "MA50_slope": 0.05401921419265931,
    "rsi": 0.0508361638569807,
    "bb_position": 0.049027816427341844,
    "D": 0.04852167772875791,
    "K": 0.046874118052236326
  }
}