{
  "ticker": "3028.TW",
  "model_type": "XGBoost",
  "model_accuracy": 0.6634241245136187,
  "feature_importance": {
    "obv_ma20": 0.07262083142995834,
    "sma_10": 0.06880135834217072,
    "sma_30": 0.06687290221452713,
    "obv": 0.06610298901796341,
    "sma_50": 0.06559336185455322,
    "macd_signal": 0.061896804720163345,
    "sma_200": 0.06120085343718529,
    "atr": 0.05783368647098541,
    "volatility": 0.05334772169589996,
    "macd": 0.04772132262587547,
    "price_change_20d": 0.04723837226629257,
    "price_change_5d": 0.04495854675769806,
    "bb_position": 0.043644219636917114,
    "rsi": 0.04255453124642372,
    "ma50_slope": 0.042228687554597855,
    "K": 0.041963912546634674,
    "D": 0.040275052189826965,
    "macd_hist": 0.0387129969894886,
    "price_change_10d": 0.03643191233277321
  }
}