{
  "ticker": "3030.TW",
  "model_type": "XGBoost",
  "model_accuracy": 0.5866935483870968,
  "feature_importance": {
    "sma_10": 0.06868697702884674,
    "sma_200": 0.06867460161447525,
    "obv_ma20": 0.06564918905496597,
    "sma_50": 0.06467791646718979,
    "obv": 0.06413440406322479,
    "sma_30": 0.062106601893901825,
    "atr": 0.061820194125175476,
    "ma50_slope": 0.052204206585884094,
    "macd_signal": 0.05198930576443672,
    "volatility": 0.05009443312883377,
    "D": 0.048090361058712006,
    "bb_position": 0.04748951271176338,
    "price_change_5d": 0.04738093912601471,
    "macd_hist": 0.04354489594697952,
    "macd": 0.04344925284385681,
    "K": 0.04204385727643967,
    "price_change_10d": 0.04019974172115326,
    "price_change_20d": 0.03933658450841904,
    "rsi": 0.038426995277404785
  }
}