{
  "ticker": "3030.TW",
  "analysis_date": "2026-01-12",
  "model_accuracy": 0.47766990291262135,
  "feature_importance": {
    "OBV_MA": 0.07311598659591646,
    "OBV": 0.06933806038197102,
    "ATR": 0.06838443524634814,
    "MA_50": 0.06789803719814806,
    "MA_200": 0.06766578196628958,
    "MA50_slope": 0.062308906172186325,
    "macd_signal": 0.06214538623007602,
    "MA_20": 0.06110327158507352,
    "price_change_5d": 0.05878530732475627,
    "macd_hist": 0.05560944916168844,
    "macd": 0.05474736905995301,
    "volatility": 0.0543188757454113,
    "price_change_20d": 0.05366278841439282,
    "rsi": 0.04968473477734204,
    "bb_position": 0.047404651891016815,
    "D": 0.04735162094506014,
    "K": 0.046475337304370055
  }
}