{
  "ticker": "3034.TW",
  "analysis_date": "2026-01-28",
  "model_accuracy": 0.5067961165048543,
  "feature_importance": {
    "MA_50": 0.0740377767557192,
    "MA_200": 0.06906481800902978,
    "ATR": 0.0685469444131745,
    "OBV_MA": 0.06751545406136512,
    "MA50_slope": 0.06706612872376719,
    "macd_signal": 0.06497028522573632,
    "MA_20": 0.0637442913133343,
    "volatility": 0.062253588586116744,
    "macd_hist": 0.05625009627305259,
    "D": 0.05574436096959514,
    "OBV": 0.05413917059632777,
    "price_change_5d": 0.05271698838117698,
    "macd": 0.052196209763486955,
    "K": 0.05084296352066246,
    "rsi": 0.05006987466903966,
    "price_change_20d": 0.0480693662990564,
    "bb_position": 0.042771682439358985
  }
}