{
  "ticker": "3034.TW",
  "model_type": "XGBoost",
  "model_accuracy": 0.4494163424124514,
  "feature_importance": {
    "sma_50": 0.07248879224061966,
    "sma_200": 0.07122247666120529,
    "macd_signal": 0.06215827539563179,
    "sma_30": 0.06007353588938713,
    "obv_ma20": 0.05864596366882324,
    "sma_10": 0.05827814340591431,
    "ma50_slope": 0.05433889105916023,
    "obv": 0.05427192524075508,
    "atr": 0.05369212105870247,
    "volatility": 0.04977740719914436,
    "macd_hist": 0.04972459748387337,
    "macd": 0.04935628920793533,
    "D": 0.048650700598955154,
    "price_change_10d": 0.04628423601388931,
    "K": 0.043701037764549255,
    "bb_position": 0.043288737535476685,
    "price_change_20d": 0.04328544810414314,
    "price_change_5d": 0.041475050151348114,
    "rsi": 0.03928627818822861
  }
}