{
  "ticker": "3035.TW",
  "model_type": "XGBoost",
  "model_accuracy": 0.5505836575875487,
  "feature_importance": {
    "sma_10": 0.06988789886236191,
    "obv_ma20": 0.0630011260509491,
    "sma_50": 0.06297612935304642,
    "obv": 0.05767463147640228,
    "atr": 0.05716216191649437,
    "sma_30": 0.05709649622440338,
    "sma_200": 0.05698014795780182,
    "macd_signal": 0.05567721650004387,
    "ma50_slope": 0.054621390998363495,
    "macd": 0.05034193769097328,
    "volatility": 0.049476686865091324,
    "macd_hist": 0.04919391870498657,
    "price_change_20d": 0.04757719486951828,
    "rsi": 0.04687564820051193,
    "bb_position": 0.04568712040781975,
    "price_change_10d": 0.045189954340457916,
    "D": 0.04515024647116661,
    "price_change_5d": 0.04395905137062073,
    "K": 0.04147103801369667
  }
}