{
  "ticker": "3037.TW",
  "model_type": "XGBoost",
  "model_accuracy": 0.5175097276264592,
  "feature_importance": {
    "sma_200": 0.06885240226984024,
    "sma_50": 0.0649237111210823,
    "macd": 0.06390620023012161,
    "sma_10": 0.06223868206143379,
    "volatility": 0.060399919748306274,
    "macd_signal": 0.057963307946920395,
    "atr": 0.05682479590177536,
    "obv_ma20": 0.05670052021741867,
    "sma_30": 0.05603703856468201,
    "obv": 0.05593389645218849,
    "ma50_slope": 0.04891985282301903,
    "macd_hist": 0.04823499172925949,
    "price_change_20d": 0.04777318239212036,
    "price_change_10d": 0.04762198403477669,
    "D": 0.04572480916976929,
    "bb_position": 0.04194316267967224,
    "K": 0.0395548976957798,
    "price_change_5d": 0.03919392079114914,
    "rsi": 0.03725264593958855
  }
}