{
  "ticker": "3037.TW",
  "analysis_date": "2026-01-31",
  "model_accuracy": 0.5009708737864078,
  "feature_importance": {
    "MA_200": 0.07714576298975478,
    "OBV_MA": 0.06921813902654848,
    "MA_20": 0.06906282419439332,
    "MA50_slope": 0.06667509595312526,
    "volatility": 0.06571775898999667,
    "MA_50": 0.06545287670193073,
    "macd": 0.06380667059571439,
    "ATR": 0.06267523932400616,
    "OBV": 0.060980876312737936,
    "macd_signal": 0.05891498362412424,
    "macd_hist": 0.054177173352849196,
    "bb_position": 0.052285270150164535,
    "price_change_20d": 0.05073249715833536,
    "price_change_5d": 0.04700888734039519,
    "rsi": 0.045978734419345475,
    "K": 0.04592354895242041,
    "D": 0.04424366091415786
  }
}