{
  "ticker": "3037.TW",
  "analysis_date": "2026-01-28",
  "model_accuracy": 0.516504854368932,
  "feature_importance": {
    "MA_200": 0.0770781564792315,
    "OBV_MA": 0.07138091399950708,
    "MA_20": 0.06763492728875313,
    "MA50_slope": 0.06640360894475507,
    "volatility": 0.06532907027156253,
    "MA_50": 0.06515848017364392,
    "macd": 0.06440860778440323,
    "ATR": 0.06417997740586634,
    "macd_signal": 0.060264880942482696,
    "OBV": 0.058880309980650386,
    "bb_position": 0.05348179900557324,
    "macd_hist": 0.052892974705381166,
    "price_change_20d": 0.050262770046829976,
    "price_change_5d": 0.04689018417227857,
    "D": 0.04569557651781509,
    "K": 0.04534719332013897,
    "rsi": 0.0447105689611272
  }
}