{
  "ticker": "3044.TW",
  "analysis_date": "2026-01-28",
  "model_accuracy": 0.4621359223300971,
  "feature_importance": {
    "MA_50": 0.07159241588636125,
    "MA50_slope": 0.07136400114113929,
    "MA_200": 0.06880436366391976,
    "macd_signal": 0.06540534140454499,
    "OBV_MA": 0.06432259067475085,
    "MA_20": 0.06303844061478966,
    "OBV": 0.06256713402843035,
    "bb_position": 0.060139892673145574,
    "macd_hist": 0.05635685172964681,
    "volatility": 0.055636021045946,
    "ATR": 0.055368328738486336,
    "price_change_20d": 0.055040867415743475,
    "rsi": 0.05371136934577163,
    "macd": 0.05295108363173635,
    "D": 0.04987734043162421,
    "price_change_5d": 0.047533123706655536,
    "K": 0.04629083386730804
  }
}