{
  "ticker": "3044.TW",
  "analysis_date": "2026-02-02",
  "model_accuracy": 0.5980582524271845,
  "best_horizon_days": 1,
  "feature_importance": {
    "volume_change_1d": 0.055342022049362664,
    "return_2d": 0.053844582473229124,
    "return_1d": 0.05028709403164362,
    "MA50_slope": 0.04783120240151644,
    "volatility_50": 0.04726553917546017,
    "volatility": 0.046628542683839196,
    "return_3d": 0.0465406587691031,
    "volatility_10": 0.04338587521807957,
    "macd_hist": 0.043315007360368855,
    "D": 0.043052064528091245,
    "bb_position": 0.042810173871772196,
    "price_change_5d": 0.042739202683546924,
    "rsi": 0.04269399877868154,
    "K": 0.042336014301378934,
    "macd_signal": 0.0417820061923942,
    "ATR": 0.04176608866455926,
    "price_change_20d": 0.04151044639991124,
    "return_5d": 0.04147325979232828,
    "MA_20": 0.04067777004659421,
    "macd": 0.04034970745235284,
    "MA_50": 0.04019805860350179,
    "MA_200": 0.03782137643915868,
    "volume_ma_5": 0.013368722907254042,
    "volume_ma_20": 0.008377324216915819,
    "OBV": 0.002467727810677583,
    "OBV_MA": 0.002135533148278524
  }
}