{
  "ticker": "3045.TW",
  "model_type": "XGBoost",
  "model_accuracy": 0.8657587548638133,
  "feature_importance": {
    "sma_10": 0.07018694281578064,
    "macd_signal": 0.06695838272571564,
    "sma_200": 0.06654530018568039,
    "sma_30": 0.06265250593423843,
    "ma50_slope": 0.06187926605343819,
    "K": 0.05606726557016373,
    "volatility": 0.055027615278959274,
    "sma_50": 0.05480630323290825,
    "macd": 0.053235169500112534,
    "D": 0.05138025060296059,
    "price_change_10d": 0.050738345831632614,
    "obv": 0.0470530204474926,
    "price_change_20d": 0.0461551807820797,
    "price_change_5d": 0.04576271027326584,
    "obv_ma20": 0.04347554221749306,
    "macd_hist": 0.043391697108745575,
    "bb_position": 0.04213254526257515,
    "atr": 0.04210517182946205,
    "rsi": 0.04044686630368233
  }
}