{
  "ticker": "3062.TW",
  "model_type": "XGBoost",
  "model_accuracy": 0.6459143968871596,
  "feature_importance": {
    "sma_10": 0.08499413728713989,
    "sma_200": 0.0619267039000988,
    "obv_ma20": 0.06042269617319107,
    "atr": 0.05830983817577362,
    "obv": 0.05755499005317688,
    "sma_30": 0.05571869760751724,
    "sma_50": 0.054244644939899445,
    "ma50_slope": 0.052677590399980545,
    "macd_signal": 0.05242741480469704,
    "volatility": 0.0514846108853817,
    "price_change_5d": 0.04987935721874237,
    "macd": 0.047658562660217285,
    "macd_hist": 0.047503963112831116,
    "K": 0.04688431695103645,
    "price_change_20d": 0.04672390967607498,
    "price_change_10d": 0.044875241816043854,
    "D": 0.04283953830599785,
    "bb_position": 0.042377859354019165,
    "rsi": 0.04149581491947174
  }
}