{
  "ticker": "3081.TWO",
  "model_type": "XGBoost",
  "model_accuracy": 0.4766536964980545,
  "feature_importance": {
    "sma_30": 0.07075486332178116,
    "sma_10": 0.06852903962135315,
    "price_change_20d": 0.068372942507267,
    "obv": 0.06795909255743027,
    "sma_200": 0.05770456790924072,
    "macd": 0.054455261677503586,
    "obv_ma20": 0.054380252957344055,
    "macd_hist": 0.05358978733420372,
    "sma_50": 0.051365818828344345,
    "ma50_slope": 0.050303470343351364,
    "atr": 0.05022392421960831,
    "price_change_5d": 0.04915040731430054,
    "macd_signal": 0.046746619045734406,
    "price_change_10d": 0.04588876664638519,
    "volatility": 0.045709483325481415,
    "K": 0.04512612521648407,
    "bb_position": 0.04062613099813461,
    "D": 0.03966287150979042,
    "rsi": 0.03945048898458481
  }
}