{
  "ticker": "3081.TWO",
  "analysis_date": "2026-02-03",
  "model_accuracy": 0.45740740740740743,
  "feature_importance": {
    "MA_20": 0.08334408928619913,
    "OBV": 0.08194388817533566,
    "MA_50": 0.07169832750688637,
    "OBV_MA": 0.07072809416556038,
    "volatility": 0.07007350955893052,
    "MA_200": 0.06743959704676254,
    "ATR": 0.06075273475858272,
    "macd_signal": 0.05956984830108708,
    "macd": 0.05785562958421203,
    "price_change_20d": 0.05382710934468104,
    "MA50_slope": 0.05241931681890137,
    "macd_hist": 0.0517035243448863,
    "price_change_5d": 0.048602890260746164,
    "bb_position": 0.04651850490599555,
    "D": 0.04238305609540212,
    "K": 0.04062090574576927,
    "rsi": 0.04051897410006182
  }
}