{
  "ticker": "3092.TW",
  "model_type": "XGBoost",
  "model_accuracy": 0.7459677419354839,
  "feature_importance": {
    "price_change_20d": 0.06711384654045105,
    "obv": 0.06670385599136353,
    "sma_50": 0.06358027458190918,
    "sma_200": 0.062240514904260635,
    "sma_30": 0.05987899377942085,
    "macd": 0.05720080807805061,
    "obv_ma20": 0.056628357619047165,
    "macd_signal": 0.05495385825634003,
    "sma_10": 0.053055278956890106,
    "volatility": 0.05287126079201698,
    "atr": 0.0493086501955986,
    "D": 0.047982994467020035,
    "price_change_5d": 0.0470435656607151,
    "macd_hist": 0.046358849853277206,
    "ma50_slope": 0.04600053280591965,
    "price_change_10d": 0.044077493250370026,
    "rsi": 0.04259612411260605,
    "bb_position": 0.04177345335483551,
    "K": 0.040631383657455444
  }
}