{
  "ticker": "3092.TW",
  "analysis_date": "2026-01-28",
  "model_accuracy": 0.5572815533980583,
  "feature_importance": {
    "OBV_MA": 0.06870686415716593,
    "OBV": 0.06656538597452415,
    "MA_200": 0.06500772040789378,
    "MA_50": 0.06494130577900896,
    "MA_20": 0.06465968049291783,
    "volatility": 0.0635327529783765,
    "ATR": 0.06262490334465975,
    "macd_signal": 0.05937425824810218,
    "macd_hist": 0.05817929078742709,
    "price_change_5d": 0.056828673361799205,
    "MA50_slope": 0.05630029331272422,
    "macd": 0.055993137636131944,
    "rsi": 0.05444137458022727,
    "K": 0.052560906076484185,
    "D": 0.051689815791234876,
    "price_change_20d": 0.04943748970445018,
    "bb_position": 0.049156147366871954
  }
}