{
  "ticker": "3105.TWO",
  "model_type": "XGBoost",
  "model_accuracy": 0.49221789883268485,
  "feature_importance": {
    "sma_200": 0.06996187567710876,
    "sma_10": 0.06605621427297592,
    "macd": 0.06355603039264679,
    "obv_ma20": 0.06351848691701889,
    "sma_30": 0.0630430281162262,
    "macd_signal": 0.05843518674373627,
    "sma_50": 0.05729895457625389,
    "obv": 0.05239669978618622,
    "K": 0.04994839429855347,
    "volatility": 0.049727603793144226,
    "atr": 0.049424294382333755,
    "ma50_slope": 0.049339085817337036,
    "rsi": 0.04826630651950836,
    "D": 0.04643165320158005,
    "price_change_20d": 0.044680576771497726,
    "price_change_10d": 0.04394322633743286,
    "bb_position": 0.04227752611041069,
    "price_change_5d": 0.041360631585121155,
    "macd_hist": 0.04033420979976654
  }
}