{
  "ticker": "3110.T",
  "analysis_date": "2026-01-10",
  "model_accuracy": 0.44061302681992337,
  "feature_importance": {
    "MA_20": 0.0743549051145866,
    "OBV_MA": 0.0725886438315131,
    "MA_50": 0.07240138161938701,
    "OBV": 0.07154763507996696,
    "MA_200": 0.06943033839494776,
    "volatility": 0.062138154709409504,
    "MA50_slope": 0.06026057997007821,
    "macd": 0.05929059037811198,
    "macd_signal": 0.05877574852184606,
    "ATR": 0.05789459540099829,
    "macd_hist": 0.055953160039476674,
    "price_change_20d": 0.05304731184501174,
    "rsi": 0.04921180210598819,
    "price_change_5d": 0.04799293005445083,
    "bb_position": 0.0471238612389728,
    "D": 0.04452162997372458,
    "K": 0.04346673172152969
  }
}