{
  "ticker": "3131.TWO",
  "model_type": "XGBoost",
  "model_accuracy": 0.5077821011673151,
  "feature_importance": {
    "obv_ma20": 0.07334984838962555,
    "ma50_slope": 0.06088217720389366,
    "obv": 0.05960061401128769,
    "sma_30": 0.05916833132505417,
    "volatility": 0.05797528475522995,
    "sma_200": 0.057351093739271164,
    "sma_50": 0.057201337069272995,
    "atr": 0.05570846050977707,
    "macd_signal": 0.05417203530669212,
    "macd": 0.05391828343272209,
    "macd_hist": 0.05308908596634865,
    "price_change_20d": 0.052691321820020676,
    "sma_10": 0.05037810653448105,
    "bb_position": 0.04575513303279877,
    "price_change_10d": 0.044305238872766495,
    "price_change_5d": 0.04412846639752388,
    "D": 0.042628008872270584,
    "K": 0.0401587150990963,
    "rsi": 0.03753846511244774
  }
}