{
  "ticker": "3135.TW",
  "analysis_date": "2026-01-12",
  "model_accuracy": 0.40782122905027934,
  "feature_importance": {
    "MA_20": 0.07506114056010163,
    "OBV": 0.07117841370573316,
    "MA_200": 0.07062057545797032,
    "ATR": 0.07031051971630728,
    "OBV_MA": 0.06944796604302989,
    "volatility": 0.06604882803094327,
    "macd_signal": 0.06289264739044093,
    "MA_50": 0.059693725692473984,
    "macd": 0.058189490752289734,
    "macd_hist": 0.057711031257419866,
    "price_change_20d": 0.05748554216596825,
    "MA50_slope": 0.05374710157806873,
    "bb_position": 0.04659204721639445,
    "K": 0.04625099716030439,
    "D": 0.046017700579171164,
    "price_change_5d": 0.04537808132348111,
    "rsi": 0.04337419136990186
  }
}