{
  "ticker": "3135.TW",
  "model_type": "XGBoost",
  "model_accuracy": 0.60625,
  "feature_importance": {
    "macd_signal": 0.07012030482292175,
    "price_change_20d": 0.07004611939191818,
    "sma_50": 0.06693018972873688,
    "sma_200": 0.061880145221948624,
    "sma_10": 0.06159249320626259,
    "macd": 0.05963500216603279,
    "sma_30": 0.057925011962652206,
    "volatility": 0.055590011179447174,
    "obv_ma20": 0.05327197164297104,
    "atr": 0.0521988719701767,
    "rsi": 0.048810575157403946,
    "ma50_slope": 0.0478549487888813,
    "macd_hist": 0.04741538316011429,
    "obv": 0.04413731023669243,
    "bb_position": 0.042793504893779755,
    "price_change_10d": 0.04198615252971649,
    "K": 0.041838258504867554,
    "D": 0.03800404444336891,
    "price_change_5d": 0.03796975314617157
  }
}