{
  "ticker": "3135.TW",
  "model_type": "XGBoost",
  "model_accuracy": 0.6125,
  "feature_importance": {
    "price_change_20d": 0.07111334055662155,
    "sma_50": 0.06985253840684891,
    "macd_signal": 0.06809243559837341,
    "sma_10": 0.06333044171333313,
    "sma_200": 0.06034525856375694,
    "sma_30": 0.06009722501039505,
    "macd": 0.056410789489746094,
    "volatility": 0.053026482462882996,
    "ma50_slope": 0.052327562123537064,
    "obv_ma20": 0.050986580550670624,
    "atr": 0.0506383553147316,
    "macd_hist": 0.04899272695183754,
    "rsi": 0.04580511152744293,
    "obv": 0.04332796484231949,
    "D": 0.04220820963382721,
    "price_change_10d": 0.041779905557632446,
    "bb_position": 0.04143713787198067,
    "K": 0.041249506175518036,
    "price_change_5d": 0.038978416472673416
  }
}