{
  "ticker": "3138.TW",
  "analysis_date": "2026-01-10",
  "model_accuracy": 0.4640776699029126,
  "feature_importance": {
    "MA_20": 0.07409161531419257,
    "MA_50": 0.06980330848934732,
    "volatility": 0.06746812135623301,
    "MA_200": 0.06744633695741387,
    "MA50_slope": 0.06420306410466431,
    "ATR": 0.0628189228359627,
    "OBV_MA": 0.061168018631892945,
    "macd_hist": 0.06100326530410552,
    "macd_signal": 0.06007239629214162,
    "OBV": 0.05825108555004657,
    "price_change_20d": 0.05651179961441087,
    "macd": 0.05650912701627387,
    "bb_position": 0.05032803140643687,
    "rsi": 0.04933159386865533,
    "K": 0.04859030069323163,
    "price_change_5d": 0.04764739435367857,
    "D": 0.044755618211312576
  }
}