{
  "ticker": "3138.TW",
  "analysis_date": "2026-02-25",
  "model_accuracy": 0.4640776699029126,
  "feature_importance": {
    "MA_20": 0.07343365987261181,
    "MA_50": 0.07293499016213797,
    "volatility": 0.06735780522091385,
    "MA_200": 0.06649672664206024,
    "MA50_slope": 0.06469481966525739,
    "OBV_MA": 0.0637369096595405,
    "ATR": 0.06203900783689867,
    "macd_signal": 0.05994208019309363,
    "macd_hist": 0.05945775877159679,
    "OBV": 0.058854010324226415,
    "price_change_20d": 0.0583853718436933,
    "macd": 0.05545433498189598,
    "bb_position": 0.04935230763664121,
    "rsi": 0.049029330490151964,
    "K": 0.04797689789568087,
    "price_change_5d": 0.04628886826732436,
    "D": 0.04456512053627512
  }
}