{
  "ticker": "3138.TW",
  "model_type": "XGBoost",
  "model_accuracy": 0.4375,
  "feature_importance": {
    "sma_30": 0.0648137554526329,
    "sma_50": 0.06401962041854858,
    "obv_ma20": 0.06348727643489838,
    "sma_200": 0.06227342039346695,
    "atr": 0.060318395495414734,
    "sma_10": 0.05961209163069725,
    "obv": 0.05709799379110336,
    "volatility": 0.05606051906943321,
    "macd_signal": 0.05305891111493111,
    "ma50_slope": 0.052630845457315445,
    "macd": 0.05038560554385185,
    "price_change_20d": 0.0495772585272789,
    "macd_hist": 0.04832323640584946,
    "rsi": 0.044364966452121735,
    "D": 0.04419417679309845,
    "price_change_10d": 0.04407915100455284,
    "price_change_5d": 0.04359636455774307,
    "K": 0.041291460394859314,
    "bb_position": 0.04081491008400917
  }
}