{
  "ticker": "3152.TWO",
  "model_type": "XGBoost",
  "model_accuracy": 0.5992217898832685,
  "feature_importance": {
    "sma_50": 0.06451600044965744,
    "obv_ma20": 0.06425392627716064,
    "sma_200": 0.06180984154343605,
    "sma_30": 0.060573186725378036,
    "sma_10": 0.05979134514927864,
    "ma50_slope": 0.05913390964269638,
    "atr": 0.05908245965838432,
    "macd_signal": 0.056571509689092636,
    "obv": 0.05481044203042984,
    "volatility": 0.05110673978924751,
    "rsi": 0.05105578899383545,
    "price_change_10d": 0.0480639822781086,
    "macd_hist": 0.04764644801616669,
    "macd": 0.0472688190639019,
    "D": 0.04529912397265434,
    "price_change_20d": 0.04471664875745773,
    "price_change_5d": 0.04441434517502785,
    "bb_position": 0.040691930800676346,
    "K": 0.03919345140457153
  }
}