{
  "ticker": "3189.TW",
  "model_type": "XGBoost",
  "model_accuracy": 0.5389105058365758,
  "feature_importance": {
    "macd_signal": 0.07078853994607925,
    "obv_ma20": 0.06877954304218292,
    "sma_10": 0.062013156712055206,
    "sma_50": 0.05833149328827858,
    "obv": 0.05716753005981445,
    "volatility": 0.056343767791986465,
    "sma_200": 0.05483686923980713,
    "price_change_20d": 0.05419401824474335,
    "price_change_5d": 0.051770586520433426,
    "price_change_10d": 0.051765523850917816,
    "sma_30": 0.05096840858459473,
    "macd_hist": 0.04999227449297905,
    "ma50_slope": 0.048976343125104904,
    "atr": 0.048610493540763855,
    "D": 0.04636851325631142,
    "macd": 0.04610544815659523,
    "K": 0.04195387661457062,
    "bb_position": 0.04166705906391144,
    "rsi": 0.03936653956770897
  }
}