{
  "ticker": "3221.TWO",
  "model_type": "XGBoost",
  "model_accuracy": 0.7459677419354839,
  "feature_importance": {
    "obv_ma20": 0.07142046093940735,
    "sma_10": 0.07139287143945694,
    "obv": 0.06446252018213272,
    "sma_200": 0.06253665685653687,
    "sma_50": 0.06169991195201874,
    "sma_30": 0.05407785624265671,
    "bb_position": 0.05167602002620697,
    "ma50_slope": 0.0508565716445446,
    "price_change_20d": 0.05058089271187782,
    "volatility": 0.050054699182510376,
    "price_change_5d": 0.0493273064494133,
    "macd_hist": 0.048788219690322876,
    "macd_signal": 0.04789832979440689,
    "price_change_10d": 0.046620987355709076,
    "macd": 0.04618009179830551,
    "K": 0.045342523604631424,
    "D": 0.04475780948996544,
    "atr": 0.04394844174385071,
    "rsi": 0.038377758115530014
  }
}