{
  "ticker": "3231.TW",
  "analysis_date": "2026-01-12",
  "model_accuracy": 0.5009708737864078,
  "feature_importance": {
    "OBV_MA": 0.07722689920645244,
    "MA_20": 0.07446772043555082,
    "MA_50": 0.07329886455121501,
    "MA_200": 0.06806449345308978,
    "macd_signal": 0.06554589578381871,
    "volatility": 0.06304829414589644,
    "MA50_slope": 0.06229287635954964,
    "OBV": 0.059071368460430235,
    "ATR": 0.05832061900731446,
    "macd": 0.05788200040561623,
    "price_change_20d": 0.054372614297968906,
    "bb_position": 0.050418478716109036,
    "D": 0.04987428310385818,
    "macd_hist": 0.04874025902860244,
    "price_change_5d": 0.04743124722138433,
    "rsi": 0.04520057774444327,
    "K": 0.04474350807870024
  }
}