{
  "ticker": "3234.TWO",
  "model_type": "XGBoost",
  "model_accuracy": 0.6391129032258065,
  "feature_importance": {
    "sma_30": 0.06871631741523743,
    "ma50_slope": 0.061591047793626785,
    "obv_ma20": 0.060457658022642136,
    "price_change_10d": 0.05673830211162567,
    "sma_10": 0.05670913681387901,
    "sma_200": 0.055248063057661057,
    "macd_signal": 0.05519495904445648,
    "volatility": 0.053985558450222015,
    "obv": 0.05334710702300072,
    "sma_50": 0.052682992070913315,
    "D": 0.05137766897678375,
    "price_change_20d": 0.050560422241687775,
    "bb_position": 0.04923650249838829,
    "macd": 0.048371266573667526,
    "price_change_5d": 0.04769008979201317,
    "rsi": 0.04691820219159126,
    "atr": 0.04628671333193779,
    "K": 0.04353466257452965,
    "macd_hist": 0.04135334864258766
  }
}