{
  "ticker": "3260.TWO",
  "analysis_date": "2026-01-28",
  "model_accuracy": 0.5203883495145631,
  "feature_importance": {
    "OBV_MA": 0.06970744248546898,
    "macd_signal": 0.06847507043991376,
    "MA_20": 0.06804242560587434,
    "OBV": 0.0672187043019977,
    "MA_200": 0.06678896471428447,
    "MA_50": 0.06615493409454157,
    "MA50_slope": 0.06569557855426063,
    "volatility": 0.06267734854321182,
    "ATR": 0.06100597748972865,
    "macd": 0.05999542190576454,
    "price_change_5d": 0.053615827620917836,
    "price_change_20d": 0.05179383327026318,
    "macd_hist": 0.0515009266279806,
    "rsi": 0.0500437373051155,
    "D": 0.04880661773777937,
    "bb_position": 0.04568186947361071,
    "K": 0.042795319829286436
  }
}