{
  "ticker": "3260.TWO",
  "analysis_date": "2026-01-31",
  "model_accuracy": 0.5339805825242718,
  "feature_importance": {
    "OBV_MA": 0.06935166324020418,
    "macd_signal": 0.06871849645300812,
    "MA_20": 0.06814346553197334,
    "OBV": 0.06760209737162493,
    "MA_200": 0.06681426222918582,
    "MA_50": 0.06620648744429486,
    "MA50_slope": 0.06469032417118359,
    "volatility": 0.06232706161006062,
    "ATR": 0.06087310974414191,
    "macd": 0.06003870141318318,
    "price_change_5d": 0.05323680443365514,
    "price_change_20d": 0.052391258071846115,
    "macd_hist": 0.05092766176527758,
    "rsi": 0.05055792761739783,
    "D": 0.049576527006142894,
    "bb_position": 0.045851825298441895,
    "K": 0.0426923265983778
  }
}