{
  "ticker": "3260.TWO",
  "analysis_date": "2026-02-04",
  "model_accuracy": 0.5320388349514563,
  "feature_importance": {
    "OBV_MA": 0.06946250411206391,
    "MA_20": 0.06889689390564686,
    "macd_signal": 0.06780603773120868,
    "MA_200": 0.06748033312435227,
    "OBV": 0.0669103234178932,
    "MA_50": 0.06506905784181431,
    "MA50_slope": 0.06410902637457809,
    "volatility": 0.06339411397234723,
    "macd": 0.06081398675797249,
    "ATR": 0.06006685329371338,
    "price_change_5d": 0.053105300453303105,
    "price_change_20d": 0.052841702978939156,
    "macd_hist": 0.05246868876065043,
    "rsi": 0.04961365875499971,
    "D": 0.048533575891549344,
    "bb_position": 0.04602926273911071,
    "K": 0.04339867988985698
  }
}