{
  "ticker": "3308.TW",
  "analysis_date": "2026-01-28",
  "model_accuracy": 0.5106796116504855,
  "feature_importance": {
    "MA50_slope": 0.0692690720782809,
    "MA_200": 0.06754056907040346,
    "macd_hist": 0.06655859653131137,
    "OBV_MA": 0.06599851175542551,
    "MA_50": 0.06496399991786737,
    "OBV": 0.06228118784407279,
    "MA_20": 0.06136308117057087,
    "ATR": 0.06042018077443944,
    "volatility": 0.06018586450348829,
    "K": 0.056176227487781484,
    "macd_signal": 0.055836867900233574,
    "macd": 0.055700808442349536,
    "bb_position": 0.05392997061331263,
    "rsi": 0.05376459827546901,
    "price_change_5d": 0.05137729520247623,
    "price_change_20d": 0.0474117478406598,
    "D": 0.047221420591857646
  }
}