{
  "ticker": "3363.TWO",
  "model_type": "XGBoost",
  "model_accuracy": 0.5584677419354839,
  "feature_importance": {
    "atr": 0.06857980787754059,
    "sma_10": 0.06706299632787704,
    "sma_50": 0.0664612427353859,
    "obv_ma20": 0.06283137947320938,
    "sma_200": 0.05986136943101883,
    "macd": 0.057331383228302,
    "price_change_20d": 0.057206377387046814,
    "ma50_slope": 0.0564379021525383,
    "obv": 0.05429597944021225,
    "macd_signal": 0.05331634730100632,
    "sma_30": 0.052421774715185165,
    "volatility": 0.04843745008111,
    "D": 0.04710423946380615,
    "price_change_5d": 0.046829089522361755,
    "macd_hist": 0.04449934884905815,
    "price_change_10d": 0.04051978513598442,
    "bb_position": 0.03911839425563812,
    "K": 0.03886641934514046,
    "rsi": 0.03881872072815895
  }
}