{
  "ticker": "3363.TWO",
  "model_type": "XGBoost",
  "model_accuracy": 0.5544747081712063,
  "feature_importance": {
    "sma_10": 0.06979905813932419,
    "atr": 0.06672383099794388,
    "sma_50": 0.06214906647801399,
    "sma_200": 0.06040160357952118,
    "obv_ma20": 0.05907582864165306,
    "ma50_slope": 0.057643864303827286,
    "macd": 0.05694454908370972,
    "macd_signal": 0.05653074011206627,
    "price_change_20d": 0.055266380310058594,
    "sma_30": 0.05467669665813446,
    "obv": 0.05061659961938858,
    "price_change_5d": 0.04790196195244789,
    "macd_hist": 0.04703112691640854,
    "D": 0.04484426975250244,
    "price_change_10d": 0.044825077056884766,
    "volatility": 0.044693171977996826,
    "bb_position": 0.04464789852499962,
    "rsi": 0.03843039274215698,
    "K": 0.037797849625349045
  }
}