{
  "ticker": "3380.TW",
  "model_type": "XGBoost",
  "model_accuracy": 0.6556420233463035,
  "feature_importance": {
    "sma_200": 0.06356970220804214,
    "sma_50": 0.06337180733680725,
    "obv_ma20": 0.05918325111269951,
    "atr": 0.0588444359600544,
    "sma_30": 0.05878111347556114,
    "macd_signal": 0.057595375925302505,
    "macd": 0.05717098340392113,
    "sma_10": 0.05687641724944115,
    "ma50_slope": 0.055762555450201035,
    "obv": 0.055329274386167526,
    "price_change_20d": 0.05249953269958496,
    "volatility": 0.049796588718891144,
    "macd_hist": 0.04688505455851555,
    "bb_position": 0.04646577313542366,
    "K": 0.04567573964595795,
    "rsi": 0.0440559983253479,
    "price_change_5d": 0.04315716400742531,
    "D": 0.04292007163167,
    "price_change_10d": 0.04205915331840515
  }
}