{
  "ticker": "3432.TW",
  "analysis_date": "2026-01-28",
  "model_accuracy": 0.6058252427184466,
  "feature_importance": {
    "MA_20": 0.0729209511641106,
    "MA_50": 0.07062653455766979,
    "OBV": 0.06874676988365352,
    "ATR": 0.06496385747202987,
    "OBV_MA": 0.0646648879633722,
    "MA50_slope": 0.06387950191704612,
    "volatility": 0.06355233113603523,
    "MA_200": 0.06320972124073947,
    "macd_signal": 0.06258665167438435,
    "macd": 0.06251227638143321,
    "macd_hist": 0.053949840729134696,
    "price_change_20d": 0.05327672892405959,
    "price_change_5d": 0.05320541455958212,
    "bb_position": 0.05224211745025177,
    "D": 0.04446885452269912,
    "K": 0.04362918535907156,
    "rsi": 0.04156437506472677
  }
}