{
  "ticker": "3443.TW",
  "model_type": "XGBoost",
  "model_accuracy": 0.5019455252918288,
  "feature_importance": {
    "sma_30": 0.06506853550672531,
    "sma_50": 0.06298250705003738,
    "volatility": 0.06017525866627693,
    "sma_200": 0.05956951156258583,
    "atr": 0.059277378022670746,
    "obv": 0.05775831267237663,
    "obv_ma20": 0.05763119086623192,
    "macd_signal": 0.056413788348436356,
    "ma50_slope": 0.05611589550971985,
    "sma_10": 0.05454462021589279,
    "macd": 0.05024903640151024,
    "price_change_20d": 0.04911026731133461,
    "bb_position": 0.04724063351750374,
    "price_change_5d": 0.04674110189080238,
    "macd_hist": 0.046684909611940384,
    "D": 0.04591800644993782,
    "price_change_10d": 0.04272446036338806,
    "K": 0.04175625741481781,
    "rsi": 0.04003831744194031
  }
}