{
  "ticker": "3443.TW",
  "analysis_date": "2026-02-03",
  "model_accuracy": 0.4679611650485437,
  "feature_importance": {
    "MA_20": 0.0706849572948039,
    "MA_200": 0.07017205070439621,
    "MA50_slope": 0.06994293692855028,
    "volatility": 0.0662511302827495,
    "MA_50": 0.06535442406763389,
    "ATR": 0.06481267422813805,
    "OBV_MA": 0.0645246550757871,
    "macd_signal": 0.06278938118272107,
    "OBV": 0.0611214486909735,
    "macd": 0.056577723072616076,
    "price_change_20d": 0.05583822725132416,
    "macd_hist": 0.05286585137373706,
    "price_change_5d": 0.05242491950130928,
    "bb_position": 0.0516279782589927,
    "rsi": 0.046568321504810085,
    "D": 0.04524213503062555,
    "K": 0.043201185550831564
  }
}