{
  "ticker": "3443.TW",
  "analysis_date": "2026-01-12",
  "model_accuracy": 0.4893203883495146,
  "feature_importance": {
    "MA_200": 0.07170343542700464,
    "MA_20": 0.07085343314987821,
    "MA50_slope": 0.0705965991644348,
    "MA_50": 0.06602116876822292,
    "OBV_MA": 0.06516035663020486,
    "volatility": 0.06482652476829788,
    "ATR": 0.06398698262726057,
    "OBV": 0.06236870549211973,
    "macd_signal": 0.06035260382027453,
    "macd": 0.05721342806112302,
    "price_change_20d": 0.054649888192575206,
    "price_change_5d": 0.05385285672383632,
    "bb_position": 0.05170654707163533,
    "macd_hist": 0.050863970613289754,
    "rsi": 0.04688854116306815,
    "D": 0.04464735608779777,
    "K": 0.04430760223897631
  }
}