{
  "ticker": "3449.T",
  "analysis_date": "2026-01-31",
  "model_accuracy": 0.5760869565217391,
  "feature_importance": {
    "MA_50": 0.07040808104413254,
    "OBV_MA": 0.06876130842798053,
    "OBV": 0.06764455940416915,
    "macd_signal": 0.06604795306868601,
    "ATR": 0.06356178479107351,
    "MA_20": 0.06263832413271371,
    "MA_200": 0.06041371911238685,
    "rsi": 0.05798895785367511,
    "bb_position": 0.057233983223721675,
    "macd": 0.0572249656062126,
    "MA50_slope": 0.056427986774730446,
    "price_change_5d": 0.05608510024519674,
    "K": 0.054492030973531384,
    "macd_hist": 0.051700885966135805,
    "volatility": 0.05066206953942459,
    "price_change_20d": 0.050649043811199446,
    "D": 0.04805924602502998
  }
}