{
  "ticker": "3450.TW",
  "model_type": "XGBoost",
  "model_accuracy": 0.5423387096774194,
  "feature_importance": {
    "sma_200": 0.07105263322591782,
    "sma_10": 0.06644223630428314,
    "obv": 0.059641119092702866,
    "obv_ma20": 0.05957622081041336,
    "sma_50": 0.05812692642211914,
    "price_change_20d": 0.056577417999506,
    "sma_30": 0.05523324012756348,
    "macd": 0.054252739995718,
    "volatility": 0.05392736569046974,
    "macd_hist": 0.05177781730890274,
    "ma50_slope": 0.04960904270410538,
    "macd_signal": 0.04885894060134888,
    "atr": 0.048450127243995667,
    "price_change_5d": 0.047757986932992935,
    "price_change_10d": 0.04754829406738281,
    "D": 0.04494472220540047,
    "bb_position": 0.0425892099738121,
    "rsi": 0.04206300899386406,
    "K": 0.04157084971666336
  }
}