{
  "ticker": "3481.TW",
  "model_type": "XGBoost",
  "model_accuracy": 0.6206225680933852,
  "feature_importance": {
    "obv_ma20": 0.07135538756847382,
    "sma_30": 0.0674164891242981,
    "sma_10": 0.06414499878883362,
    "sma_50": 0.06075095385313034,
    "obv": 0.05894019454717636,
    "sma_200": 0.057523369789123535,
    "volatility": 0.05526118725538254,
    "atr": 0.053129855543375015,
    "ma50_slope": 0.051016222685575485,
    "macd": 0.049989860504865646,
    "macd_hist": 0.049985311925411224,
    "macd_signal": 0.04925064370036125,
    "price_change_20d": 0.04858895391225815,
    "rsi": 0.04735269770026207,
    "K": 0.045306555926799774,
    "price_change_5d": 0.04455185681581497,
    "D": 0.042977225035429,
    "bb_position": 0.042448557913303375,
    "price_change_10d": 0.040009770542383194
  }
}