{
  "ticker": "3481.TW",
  "analysis_date": "2026-01-31",
  "model_accuracy": 0.5475728155339806,
  "feature_importance": {
    "MA_200": 0.06829544950358774,
    "OBV_MA": 0.06814798052717165,
    "MA_50": 0.06713681217124479,
    "volatility": 0.06709146118116102,
    "OBV": 0.0663100506430321,
    "macd_hist": 0.06438892778156236,
    "MA_20": 0.06422129263162933,
    "ATR": 0.06285621357785307,
    "MA50_slope": 0.06217083980591783,
    "macd_signal": 0.0559153055074038,
    "macd": 0.05510570663239115,
    "bb_position": 0.05270759553942959,
    "price_change_5d": 0.05245417072153243,
    "rsi": 0.05041317611029458,
    "K": 0.05005212187738265,
    "price_change_20d": 0.04914233176488644,
    "D": 0.04359056402351956
  }
}