{
  "ticker": "3481.TW",
  "analysis_date": "2026-01-12",
  "model_accuracy": 0.5805825242718446,
  "feature_importance": {
    "OBV_MA": 0.0694988525042879,
    "MA_50": 0.06775172094970097,
    "volatility": 0.06643273691198304,
    "MA_200": 0.06628133204991417,
    "OBV": 0.06618524514037315,
    "macd_hist": 0.0647577505161803,
    "MA_20": 0.06355176295528371,
    "ATR": 0.06195018861701993,
    "MA50_slope": 0.060240568423693665,
    "macd": 0.05885833492341187,
    "macd_signal": 0.05760576914560481,
    "bb_position": 0.053521719684342196,
    "price_change_5d": 0.05338098261116084,
    "rsi": 0.05078073526081807,
    "price_change_20d": 0.04763676120416095,
    "K": 0.04603168072661286,
    "D": 0.04553385837545174
  }
}