{
  "ticker": "3491.TWO",
  "model_type": "XGBoost",
  "model_accuracy": 0.5058365758754864,
  "feature_importance": {
    "sma_30": 0.07057207077741623,
    "sma_10": 0.06752105802297592,
    "sma_200": 0.06390693038702011,
    "atr": 0.0636625736951828,
    "sma_50": 0.06363437324762344,
    "obv_ma20": 0.06095566600561142,
    "ma50_slope": 0.05990539863705635,
    "obv": 0.05466435104608536,
    "macd_signal": 0.05300723388791084,
    "macd": 0.051596783101558685,
    "bb_position": 0.047135692089796066,
    "volatility": 0.04602082073688507,
    "macd_hist": 0.04586784169077873,
    "rsi": 0.04572474583983421,
    "price_change_20d": 0.04477660357952118,
    "K": 0.04242334142327309,
    "price_change_10d": 0.041537053883075714,
    "D": 0.04041152074933052,
    "price_change_5d": 0.03667602688074112
  }
}