{
  "ticker": "3491.TWO",
  "analysis_date": "2026-01-31",
  "model_accuracy": 0.5262135922330097,
  "feature_importance": {
    "MA_20": 0.07568734707777482,
    "MA_50": 0.07259803298230667,
    "OBV_MA": 0.07146513408627372,
    "MA50_slope": 0.06988585410669841,
    "OBV": 0.06676964880630648,
    "MA_200": 0.06548802490372271,
    "macd_signal": 0.058260212881688825,
    "macd_hist": 0.05697181548394413,
    "volatility": 0.056637410156995534,
    "ATR": 0.05658412533156922,
    "macd": 0.05487460725081391,
    "rsi": 0.051724135283631546,
    "price_change_20d": 0.05141969100352408,
    "K": 0.04900221579109673,
    "bb_position": 0.04841860060462638,
    "price_change_5d": 0.0475521958475958,
    "D": 0.04666094840143103
  }
}