{
  "ticker": "3498.TWO",
  "model_type": "XGBoost",
  "model_accuracy": 0.6451612903225806,
  "feature_importance": {
    "sma_10": 0.07310798764228821,
    "sma_200": 0.0696178451180458,
    "obv_ma20": 0.06466768682003021,
    "macd": 0.06320832669734955,
    "macd_signal": 0.0621458999812603,
    "obv": 0.05714128538966179,
    "macd_hist": 0.05554903671145439,
    "atr": 0.05284283682703972,
    "sma_30": 0.05140931159257889,
    "ma50_slope": 0.050150398164987564,
    "bb_position": 0.04861829802393913,
    "volatility": 0.04823663458228111,
    "sma_50": 0.047409787774086,
    "price_change_5d": 0.04687175154685974,
    "price_change_10d": 0.0458502471446991,
    "rsi": 0.043844666332006454,
    "price_change_20d": 0.04073616862297058,
    "D": 0.04033157229423523,
    "K": 0.03826027736067772
  }
}