{
  "ticker": "3520.TWO",
  "analysis_date": "2026-06-09",
  "model_accuracy": 0.5514563106796116,
  "feature_importance": {
    "OBV_MA": 0.07519326905299448,
    "MA_50": 0.07195194501965607,
    "MA_20": 0.07033649345636003,
    "OBV": 0.06699460576952379,
    "MA_200": 0.06653410275197391,
    "ATR": 0.061290293407842124,
    "MA50_slope": 0.061180704636440916,
    "volatility": 0.05987260300157558,
    "macd_signal": 0.05512188032222584,
    "price_change_5d": 0.054125898404321256,
    "macd": 0.05253261883995685,
    "macd_hist": 0.052216685045156856,
    "price_change_20d": 0.0519174674891635,
    "K": 0.05188313624562919,
    "D": 0.05116196785877028,
    "bb_position": 0.04976747041589781,
    "rsi": 0.04791885828251154
  }
}