{
  "ticker": "3533.TW",
  "analysis_date": "2026-02-25",
  "model_accuracy": 0.46990291262135925,
  "feature_importance": {
    "OBV_MA": 0.06476732544542214,
    "MA50_slope": 0.06474647847199716,
    "MA_50": 0.06456906899329273,
    "volatility": 0.06455129977538411,
    "MA_20": 0.06451464154614171,
    "macd": 0.06340082943621263,
    "macd_signal": 0.06336664184263216,
    "ATR": 0.06310784411041045,
    "MA_200": 0.06108253460680431,
    "OBV": 0.06036305299827346,
    "price_change_20d": 0.05715453102730507,
    "macd_hist": 0.05573128455246355,
    "K": 0.05169312190666777,
    "price_change_5d": 0.05133734686581218,
    "rsi": 0.050609807255940505,
    "bb_position": 0.050480444836985786,
    "D": 0.04852374632825437
  }
}