{
  "ticker": "3535.TW",
  "model_type": "XGBoost",
  "model_accuracy": 0.5141129032258065,
  "feature_importance": {
    "sma_10": 0.06115742027759552,
    "sma_200": 0.059261854737997055,
    "price_change_5d": 0.058746252208948135,
    "price_change_20d": 0.057847410440444946,
    "macd": 0.05764184892177582,
    "price_change_10d": 0.05686087906360626,
    "ma50_slope": 0.05618241801857948,
    "macd_signal": 0.05541660264134407,
    "obv_ma20": 0.055077970027923584,
    "volatility": 0.054993730038404465,
    "sma_30": 0.05357607454061508,
    "sma_50": 0.05255582183599472,
    "obv": 0.05021097511053085,
    "atr": 0.04849572479724884,
    "macd_hist": 0.04792057350277901,
    "rsi": 0.045270729809999466,
    "bb_position": 0.043958909809589386,
    "D": 0.043570585548877716,
    "K": 0.04125421494245529
  }
}