{
  "ticker": "3563.TW",
  "model_type": "XGBoost",
  "model_accuracy": 0.6206225680933852,
  "feature_importance": {
    "sma_30": 0.06795211136341095,
    "ma50_slope": 0.06435889005661011,
    "obv_ma20": 0.06376376748085022,
    "sma_10": 0.06251418590545654,
    "obv": 0.06108097359538078,
    "sma_200": 0.05984955653548241,
    "sma_50": 0.05738469958305359,
    "macd_signal": 0.055013157427310944,
    "macd_hist": 0.05107859894633293,
    "rsi": 0.04891682788729668,
    "atr": 0.048332564532756805,
    "macd": 0.047604452818632126,
    "price_change_20d": 0.04711463302373886,
    "volatility": 0.045902591198682785,
    "D": 0.045816823840141296,
    "bb_position": 0.04438110813498497,
    "price_change_10d": 0.044094521552324295,
    "price_change_5d": 0.043548788875341415,
    "K": 0.04129185155034065
  }
}