{
  "ticker": "3576.TW",
  "model_type": "XGBoost",
  "model_accuracy": 0.6814516129032258,
  "feature_importance": {
    "sma_200": 0.06853927671909332,
    "sma_30": 0.06777500361204147,
    "obv": 0.06436831504106522,
    "obv_ma20": 0.061701450496912,
    "sma_10": 0.05898701772093773,
    "volatility": 0.057033270597457886,
    "sma_50": 0.05349542200565338,
    "macd": 0.05272304266691208,
    "price_change_20d": 0.05232417210936546,
    "macd_signal": 0.051546983420848846,
    "atr": 0.050010912120342255,
    "price_change_10d": 0.04891859367489815,
    "macd_hist": 0.04793393239378929,
    "ma50_slope": 0.04604893550276756,
    "D": 0.0451403371989727,
    "bb_position": 0.04478786885738373,
    "rsi": 0.04473123326897621,
    "price_change_5d": 0.04282363876700401,
    "K": 0.04111063480377197
  }
}