{
  "ticker": "3576.TW",
  "analysis_date": "2026-02-09",
  "model_accuracy": 0.5719626168224299,
  "feature_importance": {
    "MA50_slope": 0.07559783943367664,
    "MA_20": 0.07410509902657166,
    "MA_50": 0.07030645947040932,
    "MA_200": 0.07008892511616101,
    "OBV_MA": 0.06756164606847265,
    "OBV": 0.06645848344830833,
    "volatility": 0.06219789471004463,
    "macd": 0.06102298608174211,
    "macd_signal": 0.060012754814805315,
    "ATR": 0.056997380709659304,
    "macd_hist": 0.05338719075459876,
    "price_change_20d": 0.05287362345713432,
    "price_change_5d": 0.050160925790204335,
    "D": 0.04610325643818898,
    "rsi": 0.04604109911584126,
    "bb_position": 0.04558852803186757,
    "K": 0.04149590753231389
  }
}