{
  "ticker": "3615.TWO",
  "model_type": "XGBoost",
  "model_accuracy": 0.6754032258064516,
  "feature_importance": {
    "price_change_20d": 0.062246959656476974,
    "sma_30": 0.061758775264024734,
    "sma_200": 0.061073847115039825,
    "sma_50": 0.060925211757421494,
    "obv": 0.06023779138922691,
    "obv_ma20": 0.05979500710964203,
    "atr": 0.05723291635513306,
    "sma_10": 0.05607963725924492,
    "volatility": 0.05233786255121231,
    "ma50_slope": 0.051274824887514114,
    "macd": 0.05114634335041046,
    "macd_hist": 0.0510997474193573,
    "K": 0.04790748283267021,
    "price_change_10d": 0.04759174585342407,
    "macd_signal": 0.04622410982847214,
    "D": 0.043361153453588486,
    "bb_position": 0.04332779720425606,
    "rsi": 0.043212998658418655,
    "price_change_5d": 0.04316582903265953
  }
}