{
  "ticker": "3645.TW",
  "analysis_date": "2026-01-28",
  "model_accuracy": 0.5281553398058253,
  "feature_importance": {
    "MA_200": 0.07327518134230226,
    "volatility": 0.07153232406106985,
    "OBV_MA": 0.07138331915192117,
    "MA50_slope": 0.06955252254121334,
    "MA_20": 0.06808488673646634,
    "OBV": 0.06581786310073769,
    "MA_50": 0.06575508726200283,
    "macd_signal": 0.060104802904262705,
    "price_change_20d": 0.05749112992971798,
    "macd": 0.05647190579352071,
    "macd_hist": 0.05268194201327368,
    "ATR": 0.05085461219881871,
    "bb_position": 0.04974850447038684,
    "price_change_5d": 0.04913099858690415,
    "D": 0.04808727668729366,
    "rsi": 0.047627810687659054,
    "K": 0.042399832532449146
  }
}