{
  "ticker": "3653.TW",
  "analysis_date": "2025-12-30",
  "model_accuracy": 0.4897435897435897,
  "feature_importance": {
    "MA_20": 0.08285541453684803,
    "MA_50": 0.07364236742183135,
    "OBV_MA": 0.06990152394678882,
    "macd_signal": 0.06943271722241909,
    "OBV": 0.06701933400316519,
    "macd": 0.06351069296772963,
    "MA_200": 0.06172624188912408,
    "ATR": 0.06031778537614811,
    "MA50_slope": 0.05975404846979366,
    "volatility": 0.05566985214527334,
    "macd_hist": 0.05324630704908106,
    "price_change_20d": 0.0514100560391687,
    "rsi": 0.047660274535339706,
    "D": 0.04674548751093074,
    "K": 0.045912316418353256,
    "bb_position": 0.045710799005539454,
    "price_change_5d": 0.04548478146246581
  }
}