{
  "ticker": "3653.TW",
  "model_type": "XGBoost",
  "model_accuracy": 0.5,
  "feature_importance": {
    "macd_signal": 0.06893260031938553,
    "sma_200": 0.06728856265544891,
    "sma_50": 0.060304705053567886,
    "sma_10": 0.06005443260073662,
    "sma_30": 0.0598570853471756,
    "obv_ma20": 0.059621866792440414,
    "macd": 0.056409914046525955,
    "macd_hist": 0.0506691113114357,
    "bb_position": 0.04974246025085449,
    "atr": 0.04926170036196709,
    "obv": 0.04917857423424721,
    "price_change_20d": 0.04906519874930382,
    "ma50_slope": 0.048820920288562775,
    "volatility": 0.04864669218659401,
    "price_change_10d": 0.0475037544965744,
    "K": 0.04688066616654396,
    "D": 0.04462317004799843,
    "price_change_5d": 0.04285324737429619,
    "rsi": 0.04028528928756714
  }
}