{
  "ticker": "3653.TW",
  "analysis_date": "2026-02-25",
  "model_accuracy": 0.5262135922330097,
  "feature_importance": {
    "MA_20": 0.07481246012186589,
    "macd_signal": 0.07037070281665968,
    "MA_50": 0.06786420107370232,
    "volatility": 0.06671492956619457,
    "macd": 0.06565608625280163,
    "OBV_MA": 0.06363035499177117,
    "MA_200": 0.06074592524203032,
    "MA50_slope": 0.059415193851087504,
    "OBV": 0.05881525544689351,
    "macd_hist": 0.057571791993078145,
    "ATR": 0.05599507467607995,
    "price_change_20d": 0.053336556365576056,
    "D": 0.050552410718713144,
    "rsi": 0.0501507194319382,
    "bb_position": 0.048310844113721475,
    "K": 0.048171223149854586,
    "price_change_5d": 0.047886270188032015
  }
}