{
  "ticker": "3661.TW",
  "analysis_date": "2025-12-30",
  "model_accuracy": 0.4641025641025641,
  "feature_importance": {
    "OBV_MA": 0.08249855321247024,
    "volatility": 0.07270651846416672,
    "OBV": 0.07007278692485024,
    "MA_20": 0.06638063824429691,
    "MA_200": 0.06628850664388285,
    "MA_50": 0.061698183716564915,
    "macd": 0.06167352442058778,
    "macd_signal": 0.059694681853806386,
    "macd_hist": 0.05655299795002584,
    "MA50_slope": 0.05603598863742883,
    "price_change_20d": 0.055958634600551796,
    "bb_position": 0.05477873257315652,
    "price_change_5d": 0.05195600859777156,
    "ATR": 0.04840833649340044,
    "rsi": 0.04640918411683792,
    "D": 0.04546456288240946,
    "K": 0.043422160667791615
  }
}