{
  "ticker": "3665.TW",
  "accuracy": 0.49902912621359224,
  "features": {
    "rsi": 0.14816550519968738,
    "macd": 0.15856637139105306,
    "macd_signal": 0.16160926224522768,
    "sma_10": 0.16714069582671442,
    "sma_30": 0.1819548702754779,
    "sma_50": 0.18256329506183955
  }
}