{
  "ticker": "3665.TW",
  "accuracy": 0.4815533980582524,
  "features": {
    "rsi": 0.14876531578188915,
    "macd": 0.1570602969711185,
    "macd_signal": 0.1620874056424978,
    "sma_10": 0.16508141249221395,
    "sma_30": 0.18260378167917785,
    "sma_50": 0.18440178743310273
  }
}