{
  "ticker": "3665.TW",
  "model_type": "XGBoost",
  "model_accuracy": 0.5282258064516129,
  "feature_importance": {
    "sma_10": 0.06359942257404327,
    "obv": 0.058772359043359756,
    "sma_200": 0.058694988489151,
    "sma_30": 0.05734945461153984,
    "macd": 0.056485679000616074,
    "sma_50": 0.05637351796030998,
    "obv_ma20": 0.05613242834806442,
    "price_change_5d": 0.0554075725376606,
    "atr": 0.054218679666519165,
    "ma50_slope": 0.05354580655694008,
    "volatility": 0.05312008783221245,
    "macd_hist": 0.05117034539580345,
    "macd_signal": 0.05107172206044197,
    "K": 0.04796884208917618,
    "price_change_20d": 0.04782241955399513,
    "bb_position": 0.04625329375267029,
    "price_change_10d": 0.04438664764165878,
    "D": 0.044224075973033905,
    "rsi": 0.04340280219912529
  }
}