{
  "ticker": "3680.TWO",
  "model_type": "XGBoost",
  "model_accuracy": 0.519455252918288,
  "feature_importance": {
    "volatility": 0.0711175873875618,
    "sma_30": 0.06620168685913086,
    "obv_ma20": 0.06425471603870392,
    "obv": 0.06159171834588051,
    "sma_200": 0.0613698810338974,
    "sma_10": 0.05795901268720627,
    "ma50_slope": 0.05469810217618942,
    "sma_50": 0.054529838263988495,
    "macd_signal": 0.05362764373421669,
    "macd": 0.052278198301792145,
    "price_change_20d": 0.048844654113054276,
    "atr": 0.04872559383511543,
    "rsi": 0.04810832068324089,
    "macd_hist": 0.04807469993829727,
    "bb_position": 0.043861087411642075,
    "D": 0.04323248192667961,
    "price_change_5d": 0.04261728376150131,
    "price_change_10d": 0.03956863656640053,
    "K": 0.03933887183666229
  }
}