{
  "ticker": "3711.TW",
  "analysis_date": "2026-01-24",
  "model_accuracy": 0.47572815533980584,
  "feature_importance": {
    "ATR": 0.07275708610483321,
    "MA_50": 0.0703788921764202,
    "MA_200": 0.07021065324868804,
    "MA_20": 0.06964272005688156,
    "OBV_MA": 0.06956301740971446,
    "OBV": 0.06831003584316626,
    "macd_signal": 0.06677376897572837,
    "volatility": 0.06559311558917012,
    "MA50_slope": 0.05933240221051952,
    "macd": 0.05754518510444426,
    "price_change_5d": 0.05210497087591066,
    "macd_hist": 0.04781767025749616,
    "D": 0.04765127887548418,
    "price_change_20d": 0.047620891967815965,
    "rsi": 0.04685097145658496,
    "bb_position": 0.046630515785029414,
    "K": 0.04121682406211275
  }
}