{
  "ticker": "3711.TW",
  "name": "日月光投控",
  "analysis_date": "2025-12-25",
  "model_accuracy": 0.47651006711409394,
  "data_points": 2234,
  "feature_importance": {
    "MA_200": 0.0751145645069972,
    "volatility": 0.0747363999405826,
    "ATR": 0.0685628318736522,
    "OBV_MA": 0.06827491080636763,
    "MA_20": 0.0670297509709758,
    "MA_50": 0.06554042440392488,
    "OBV": 0.06507773004477876,
    "macd_signal": 0.06373608963825791,
    "macd": 0.06131361025794378,
    "MA50_slope": 0.056755760772129904,
    "D": 0.05471688239099671,
    "price_change_20d": 0.04851173646613265,
    "macd_hist": 0.04850004679343043,
    "rsi": 0.04788571704395281,
    "price_change_5d": 0.04591884654766678,
    "K": 0.04419554321611069,
    "bb_position": 0.04412915432609922
  }
}