{
  "ticker": "3711.TW",
  "model_type": "XGBoost",
  "model_accuracy": 0.5116731517509727,
  "feature_importance": {
    "sma_30": 0.06959927827119827,
    "obv": 0.06367235630750656,
    "sma_10": 0.06230402737855911,
    "sma_200": 0.06053605303168297,
    "macd_signal": 0.057912301272153854,
    "obv_ma20": 0.05708601325750351,
    "bb_position": 0.055092062801122665,
    "sma_50": 0.054916732013225555,
    "macd": 0.05225244536995888,
    "ma50_slope": 0.051401663571596146,
    "volatility": 0.051297493278980255,
    "K": 0.049994174391031265,
    "atr": 0.04922099784016609,
    "D": 0.047356028109788895,
    "price_change_20d": 0.04672805219888687,
    "price_change_5d": 0.04460027813911438,
    "rsi": 0.04433503746986389,
    "price_change_10d": 0.04102308303117752,
    "macd_hist": 0.04067201167345047
  }
}