{
  "ticker": "3714.TW",
  "analysis_date": "2026-06-09",
  "model_accuracy": 0.5630630630630631,
  "feature_importance": {
    "OBV_MA": 0.08203880716998309,
    "macd_signal": 0.07598595976714041,
    "volatility": 0.06873467631201188,
    "MA_50": 0.06800093608717055,
    "MA_20": 0.06738678270877535,
    "MA50_slope": 0.06426430803910475,
    "ATR": 0.05939782502621604,
    "OBV": 0.057326319747640644,
    "price_change_20d": 0.05686221944227058,
    "macd": 0.0540832141204414,
    "price_change_5d": 0.05347034543045766,
    "macd_hist": 0.05331678355223507,
    "MA_200": 0.050626784554547125,
    "rsi": 0.05021391599271137,
    "bb_position": 0.04954109799950054,
    "K": 0.045465752876934176,
    "D": 0.0432842711728594
  }
}