{
  "ticker": "3715.TW",
  "name": "定颖投控",
  "analysis_date": "2025-12-25",
  "model_accuracy": 0.6216216216216216,
  "data_points": 370,
  "feature_importance": {
    "MA_20": 0.10458683218987559,
    "MA_50": 0.09701453875448743,
    "OBV_MA": 0.09410836751013338,
    "OBV": 0.06993393800208399,
    "MA_200": 0.06804186734992503,
    "macd_signal": 0.05935194668820232,
    "macd": 0.057864286675022754,
    "volatility": 0.05600950046684082,
    "ATR": 0.050344966695022406,
    "MA50_slope": 0.05027412263498144,
    "bb_position": 0.05011886383514746,
    "D": 0.046138213353426855,
    "price_change_20d": 0.04504214345712343,
    "rsi": 0.04172883137953612,
    "price_change_5d": 0.03984576272374133,
    "macd_hist": 0.03880647005609079,
    "K": 0.030789348228358913
  }
}