{
  "ticker": "4533.TWO",
  "model_type": "XGBoost",
  "model_accuracy": 0.6854838709677419,
  "feature_importance": {
    "obv_ma20": 0.07050788402557373,
    "sma_10": 0.06522785127162933,
    "macd": 0.06429612636566162,
    "sma_30": 0.0638936385512352,
    "obv": 0.0627298504114151,
    "sma_200": 0.05963699519634247,
    "sma_50": 0.05643589794635773,
    "volatility": 0.05549696087837219,
    "macd_signal": 0.054888974875211716,
    "price_change_20d": 0.05209346488118172,
    "D": 0.05115765333175659,
    "atr": 0.048752665519714355,
    "K": 0.04496634006500244,
    "price_change_10d": 0.04494677484035492,
    "ma50_slope": 0.044861048460006714,
    "rsi": 0.04220050573348999,
    "price_change_5d": 0.04070154204964638,
    "bb_position": 0.03908832371234894,
    "macd_hist": 0.03811761364340782
  }
}