{
  "ticker": "4540.TW",
  "analysis_date": "2026-01-12",
  "model_accuracy": 0.49320388349514566,
  "feature_importance": {
    "MA_20": 0.07368747035711545,
    "OBV": 0.07141423551398816,
    "OBV_MA": 0.07082663632572155,
    "ATR": 0.06951562421831566,
    "MA_200": 0.06731880146129962,
    "MA_50": 0.06722849062838733,
    "macd_signal": 0.06262861359068127,
    "MA50_slope": 0.05954830084487186,
    "price_change_5d": 0.057991709329440935,
    "price_change_20d": 0.05450157472684539,
    "macd": 0.054334840154130426,
    "macd_hist": 0.053166971988051044,
    "volatility": 0.05248167124253392,
    "bb_position": 0.04867655622670088,
    "rsi": 0.04621620426892821,
    "D": 0.0458663897693882,
    "K": 0.04459590935360011
  }
}