{
  "ticker": "4540.TW",
  "analysis_date": "2026-01-31",
  "model_accuracy": 0.5048543689320388,
  "feature_importance": {
    "MA_20": 0.0746670826414881,
    "OBV": 0.07143635490302486,
    "OBV_MA": 0.06935171631606246,
    "ATR": 0.06879155020389541,
    "MA_50": 0.06712301210368164,
    "MA_200": 0.06682206600659249,
    "macd_signal": 0.062083929588069506,
    "MA50_slope": 0.05943316530942334,
    "price_change_20d": 0.056833563866832075,
    "price_change_5d": 0.05638554685567781,
    "macd_hist": 0.05393219294850447,
    "macd": 0.053908735373558524,
    "volatility": 0.053445879387958084,
    "bb_position": 0.048999033197529816,
    "rsi": 0.04699139578790532,
    "D": 0.045610781691939835,
    "K": 0.04418399381785636
  }
}