{
  "ticker": "4540.TW",
  "model_type": "XGBoost",
  "model_accuracy": 0.6505050505050505,
  "feature_importance": {
    "macd_signal": 0.06478608399629593,
    "sma_10": 0.06382229924201965,
    "sma_30": 0.06352891027927399,
    "atr": 0.06188340485095978,
    "obv": 0.06185470521450043,
    "obv_ma20": 0.06104917824268341,
    "sma_200": 0.05908939987421036,
    "sma_50": 0.056907594203948975,
    "macd": 0.053705912083387375,
    "ma50_slope": 0.05295202508568764,
    "volatility": 0.05267685651779175,
    "price_change_10d": 0.04742714762687683,
    "price_change_5d": 0.046086788177490234,
    "D": 0.045574530959129333,
    "macd_hist": 0.04427573084831238,
    "price_change_20d": 0.04270874708890915,
    "rsi": 0.041957538574934006,
    "bb_position": 0.04165427386760712,
    "K": 0.03805885091423988
  }
}