{
  "ticker": "4564.TW",
  "model_type": "XGBoost",
  "model_accuracy": 0.6531645569620254,
  "feature_importance": {
    "sma_10": 0.06513375043869019,
    "sma_200": 0.064281165599823,
    "obv": 0.06291535496711731,
    "obv_ma20": 0.06257238239049911,
    "macd": 0.05969316139817238,
    "atr": 0.05800488963723183,
    "price_change_20d": 0.05789046734571457,
    "macd_signal": 0.05652203783392906,
    "sma_30": 0.0563393197953701,
    "ma50_slope": 0.05461520701646805,
    "volatility": 0.05015924945473671,
    "price_change_10d": 0.04836712032556534,
    "sma_50": 0.04567169398069382,
    "D": 0.0445573516190052,
    "price_change_5d": 0.044144537299871445,
    "rsi": 0.043855033814907074,
    "macd_hist": 0.042899757623672485,
    "bb_position": 0.042278751730918884,
    "K": 0.040098827332258224
  }
}