{
  "ticker": "4577.TWO",
  "model_type": "XGBoost",
  "model_accuracy": 0.5141509433962265,
  "feature_importance": {
    "sma_10": 0.08324354887008667,
    "obv_ma20": 0.07872556895017624,
    "sma_200": 0.0776931419968605,
    "sma_50": 0.06697884947061539,
    "obv": 0.05564447492361069,
    "macd": 0.055191945284605026,
    "ma50_slope": 0.05508919432759285,
    "volatility": 0.053234610706567764,
    "sma_30": 0.05133834853768349,
    "macd_signal": 0.048273965716362,
    "atr": 0.04440118372440338,
    "D": 0.04408544301986694,
    "price_change_10d": 0.04384533315896988,
    "K": 0.04356444627046585,
    "rsi": 0.04299668222665787,
    "price_change_20d": 0.042011816054582596,
    "macd_hist": 0.03986756131052971,
    "bb_position": 0.03752860799431801,
    "price_change_5d": 0.036285217851400375
  }
}