{
  "ticker": "4722.TW",
  "analysis_date": "2026-01-12",
  "model_accuracy": 0.4498977505112474,
  "feature_importance": {
    "OBV_MA": 0.0728064981350675,
    "MA_200": 0.07001393059721828,
    "volatility": 0.06985778265002886,
    "MA_50": 0.06878351646075972,
    "MA_20": 0.06857817393516867,
    "MA50_slope": 0.06796909879694576,
    "macd_hist": 0.06744745446937127,
    "OBV": 0.06610588834983688,
    "macd": 0.06504018974005969,
    "macd_signal": 0.06331094818477051,
    "bb_position": 0.062119266939124534,
    "ATR": 0.0568589753483152,
    "price_change_5d": 0.05611712319560567,
    "K": 0.05007571553568452,
    "rsi": 0.048382238779307085,
    "D": 0.046533198882736,
    "price_change_20d": 0.0
  }
}