{
  "ticker": "4746.TW",
  "analysis_date": "2026-01-12",
  "model_accuracy": 0.5592233009708738,
  "feature_importance": {
    "OBV_MA": 0.0815259583274924,
    "OBV": 0.07779986729412029,
    "MA_200": 0.06480524500304771,
    "MA_50": 0.06444157724572198,
    "MA50_slope": 0.06415483511315095,
    "MA_20": 0.06370700629438525,
    "macd_signal": 0.0629505853996119,
    "volatility": 0.0627983672237554,
    "ATR": 0.059245811587463074,
    "macd": 0.05548229285412778,
    "price_change_20d": 0.05319882076872439,
    "rsi": 0.0522164006326095,
    "price_change_5d": 0.04918988274990968,
    "D": 0.04822691391812512,
    "bb_position": 0.04790427081425154,
    "K": 0.046534256864156916,
    "macd_hist": 0.04581790790934609
  }
}