{
  "ticker": "4768.TWO",
  "model_type": "XGBoost",
  "model_accuracy": 0.5097276264591439,
  "feature_importance": {
    "sma_10": 0.07033871114253998,
    "obv_ma20": 0.06860654801130295,
    "macd_signal": 0.0642191544175148,
    "obv": 0.06335944682359695,
    "volatility": 0.06193779408931732,
    "sma_50": 0.061434056609869,
    "ma50_slope": 0.05916561186313629,
    "sma_200": 0.05694492533802986,
    "sma_30": 0.05522387474775314,
    "price_change_20d": 0.05270526930689812,
    "atr": 0.051858868449926376,
    "K": 0.046377021819353104,
    "macd": 0.04541434720158577,
    "rsi": 0.04278570041060448,
    "price_change_10d": 0.04258626699447632,
    "macd_hist": 0.04224046692252159,
    "bb_position": 0.04108276590704918,
    "price_change_5d": 0.04028502479195595,
    "D": 0.03343416377902031
  }
}