{
  "ticker": "4908.TWO",
  "model_type": "XGBoost",
  "model_accuracy": 0.5080645161290323,
  "feature_importance": {
    "sma_50": 0.07239197194576263,
    "sma_200": 0.06610766053199768,
    "macd": 0.06350008398294449,
    "obv_ma20": 0.061830174177885056,
    "obv": 0.06144532188773155,
    "sma_10": 0.05750510096549988,
    "macd_signal": 0.05746278166770935,
    "sma_30": 0.055784136056900024,
    "atr": 0.05124617740511894,
    "volatility": 0.04953159764409065,
    "ma50_slope": 0.04942891746759415,
    "price_change_10d": 0.0480366013944149,
    "price_change_20d": 0.04522115737199783,
    "macd_hist": 0.04426169767975807,
    "rsi": 0.04394505172967911,
    "price_change_5d": 0.04393099620938301,
    "bb_position": 0.043892309069633484,
    "K": 0.04330812394618988,
    "D": 0.041170258074998856
  }
}