{
  "ticker": "4915.TW",
  "model_type": "XGBoost",
  "model_accuracy": 0.4474708171206226,
  "feature_importance": {
    "sma_50": 0.06596145778894424,
    "sma_200": 0.06580207496881485,
    "sma_30": 0.06474070996046066,
    "macd_signal": 0.05917913094162941,
    "obv_ma20": 0.05835039168596268,
    "obv": 0.05812366306781769,
    "macd": 0.057246558368206024,
    "sma_10": 0.05654957517981529,
    "macd_hist": 0.05496954545378685,
    "ma50_slope": 0.05341411009430885,
    "price_change_20d": 0.05175640434026718,
    "rsi": 0.04973072186112404,
    "K": 0.04808724671602249,
    "volatility": 0.04671361669898033,
    "atr": 0.04618827626109123,
    "bb_position": 0.04406081512570381,
    "D": 0.041933055967092514,
    "price_change_10d": 0.040943726897239685,
    "price_change_5d": 0.03624904155731201
  }
}