{
  "ticker": "4938.TW",
  "name": "和碩",
  "analysis_date": "2025-12-25",
  "model_accuracy": 0.4429530201342282,
  "data_points": 2234,
  "feature_importance": {
    "ATR": 0.08491943619703773,
    "MA_200": 0.07969955488143292,
    "volatility": 0.07163663634359946,
    "MA_50": 0.07148663072457657,
    "MA_20": 0.06690034696252739,
    "OBV_MA": 0.06237588738759814,
    "OBV": 0.05972807829995266,
    "macd_signal": 0.05751241814274488,
    "macd_hist": 0.0565963997095499,
    "MA50_slope": 0.05628900562391593,
    "macd": 0.055176173902714,
    "bb_position": 0.0524002433013989,
    "price_change_5d": 0.04896601971968689,
    "price_change_20d": 0.04508488068739524,
    "D": 0.044984451202833835,
    "K": 0.04365854063536803,
    "rsi": 0.04258529627766752
  }
}