{
  "ticker": "4939.TWO",
  "analysis_date": "2026-06-09",
  "model_accuracy": 0.566990291262136,
  "feature_importance": {
    "MA50_slope": 0.07444866538077856,
    "MA_20": 0.0705040731866759,
    "MA_50": 0.06635513759966784,
    "OBV": 0.06483069087980514,
    "MA_200": 0.0637315207177862,
    "OBV_MA": 0.06371203056647558,
    "macd": 0.06347883766571165,
    "macd_signal": 0.06279324552038436,
    "ATR": 0.0615963781350629,
    "volatility": 0.06057099993099818,
    "price_change_5d": 0.05713981940782485,
    "macd_hist": 0.05124190747359031,
    "D": 0.04985978662995927,
    "bb_position": 0.04897442215141689,
    "price_change_20d": 0.04767903566140204,
    "K": 0.04753087383683856,
    "rsi": 0.04555257525562177
  }
}