{
  "ticker": "4951.TWO",
  "analysis_date": "2026-04-29",
  "model_accuracy": 0.5631067961165048,
  "feature_importance": {
    "MA_200": 0.07184037359972183,
    "OBV_MA": 0.06675869611775492,
    "MA_50": 0.06607854721107145,
    "OBV": 0.0609413436997058,
    "macd_hist": 0.060669729087884046,
    "MA_20": 0.060149271292162854,
    "price_change_20d": 0.05974325762129061,
    "ATR": 0.059361908983245504,
    "volatility": 0.05859302907638106,
    "MA50_slope": 0.05708547710655201,
    "macd": 0.05665831673757476,
    "D": 0.056159326925015865,
    "bb_position": 0.054804377138988954,
    "macd_signal": 0.05443712224563803,
    "K": 0.05414118665881647,
    "rsi": 0.05324380841522388,
    "price_change_5d": 0.049334228082971845
  }
}