{
  "ticker": "4967.TW",
  "analysis_date": "2026-01-31",
  "model_accuracy": 0.5553398058252427,
  "feature_importance": {
    "MA_50": 0.07161707778017519,
    "OBV_MA": 0.07125999937474986,
    "MA_200": 0.06978323954382953,
    "volatility": 0.06805833630632084,
    "MA50_slope": 0.06731863954769968,
    "MA_20": 0.06332649013179356,
    "ATR": 0.06291738897151637,
    "OBV": 0.06094782515146712,
    "macd": 0.05622926692667126,
    "macd_signal": 0.05618686746760201,
    "rsi": 0.055692786303545946,
    "price_change_20d": 0.055068197477841724,
    "macd_hist": 0.051604144277358384,
    "K": 0.04974023813469572,
    "price_change_5d": 0.04942037678040651,
    "bb_position": 0.04697412730001535,
    "D": 0.04385499852431107
  }
}