{
  "ticker": "4971.TWO",
  "analysis_date": "2026-02-14",
  "model_accuracy": 0.5184466019417475,
  "feature_importance": {
    "OBV": 0.07209456874228622,
    "OBV_MA": 0.071484548948248,
    "MA_20": 0.07085425116284386,
    "MA_50": 0.06876862080490975,
    "MA_200": 0.06685290626115874,
    "MA50_slope": 0.058676824315875,
    "volatility": 0.05752577180430829,
    "macd_hist": 0.05721115911493122,
    "macd_signal": 0.057188612003148655,
    "ATR": 0.05688796211014411,
    "K": 0.054512005963522306,
    "macd": 0.052980907616507755,
    "price_change_20d": 0.05245010663170122,
    "D": 0.051768268250669686,
    "price_change_5d": 0.051699625034706514,
    "rsi": 0.05130309133835698,
    "bb_position": 0.047740769896681905
  }
}