{
  "ticker": "4979.TWO",
  "model_type": "XGBoost",
  "model_accuracy": 0.556420233463035,
  "feature_importance": {
    "obv": 0.0673246905207634,
    "volatility": 0.06440796703100204,
    "sma_10": 0.06159927695989609,
    "obv_ma20": 0.06012842804193497,
    "sma_30": 0.05925793573260307,
    "macd_signal": 0.0560169517993927,
    "sma_200": 0.055191293358802795,
    "sma_50": 0.05483071506023407,
    "macd_hist": 0.05323721468448639,
    "atr": 0.05098051577806473,
    "ma50_slope": 0.05061749741435051,
    "K": 0.04957554116845131,
    "macd": 0.049259252846241,
    "rsi": 0.0488232783973217,
    "bb_position": 0.04501008242368698,
    "price_change_20d": 0.04496585205197334,
    "price_change_10d": 0.044177427887916565,
    "D": 0.04245777055621147,
    "price_change_5d": 0.042138274759054184
  }
}