{
  "ticker": "4989.TW",
  "model_type": "XGBoost",
  "model_accuracy": 0.6424242424242425,
  "feature_importance": {
    "sma_50": 0.09991949051618576,
    "sma_30": 0.09841521829366684,
    "sma_10": 0.0666239857673645,
    "obv": 0.058416664600372314,
    "obv_ma20": 0.05574064329266548,
    "price_change_20d": 0.0528973825275898,
    "volatility": 0.049006130546331406,
    "atr": 0.04796334728598595,
    "ma50_slope": 0.04746125265955925,
    "D": 0.04510825499892235,
    "macd": 0.044709742069244385,
    "sma_200": 0.04390336200594902,
    "rsi": 0.043867889791727066,
    "price_change_5d": 0.04354161396622658,
    "macd_hist": 0.04348519816994667,
    "macd_signal": 0.042553044855594635,
    "bb_position": 0.042099729180336,
    "K": 0.0412566140294075,
    "price_change_10d": 0.03303045034408569
  }
}