{
  "ticker": "4989.TW",
  "analysis_date": "2026-01-28",
  "model_accuracy": 0.512621359223301,
  "feature_importance": {
    "MA_20": 0.10776576354764554,
    "MA_50": 0.10175333551229995,
    "MA_200": 0.10022693404075927,
    "volatility": 0.08063853655490932,
    "ATR": 0.07219965596278079,
    "rsi": 0.06659533029045957,
    "OBV_MA": 0.06406546126099559,
    "OBV": 0.05399063528052653,
    "macd_hist": 0.04340180593411163,
    "price_change_5d": 0.04301665911727688,
    "MA50_slope": 0.042166114867940044,
    "macd_signal": 0.039130521978646554,
    "bb_position": 0.03795795022219704,
    "price_change_20d": 0.037166976298430125,
    "K": 0.03695133191976335,
    "macd": 0.03672180789965273,
    "D": 0.036251179311605035
  }
}