{
  "ticker": "4991.TWO",
  "model_type": "XGBoost",
  "model_accuracy": 0.5383064516129032,
  "feature_importance": {
    "sma_200": 0.07393011450767517,
    "obv_ma20": 0.0632096379995346,
    "price_change_5d": 0.06138269603252411,
    "sma_30": 0.060835544019937515,
    "macd": 0.06011398136615753,
    "price_change_20d": 0.0580618791282177,
    "sma_10": 0.05770839378237724,
    "macd_signal": 0.05705104395747185,
    "macd_hist": 0.05566086992621422,
    "obv": 0.05280940607190132,
    "sma_50": 0.050929173827171326,
    "ma50_slope": 0.04888778179883957,
    "volatility": 0.046984586864709854,
    "atr": 0.0468505434691906,
    "price_change_10d": 0.044272758066654205,
    "D": 0.043778687715530396,
    "rsi": 0.039403609931468964,
    "bb_position": 0.03925755247473717,
    "K": 0.03887173905968666
  }
}