{
  "ticker": "5011.TWO",
  "model_type": "XGBoost",
  "model_accuracy": 0.75,
  "feature_importance": {
    "volatility": 0.06727764755487442,
    "sma_50": 0.0629577711224556,
    "obv_ma20": 0.06291510164737701,
    "sma_200": 0.0625767707824707,
    "sma_30": 0.061208344995975494,
    "atr": 0.058075468987226486,
    "sma_10": 0.057485491037368774,
    "macd_signal": 0.05389287322759628,
    "price_change_10d": 0.05386982858181,
    "price_change_20d": 0.052597157657146454,
    "obv": 0.05045264586806297,
    "rsi": 0.049388911575078964,
    "D": 0.049068376421928406,
    "macd_hist": 0.04858200252056122,
    "ma50_slope": 0.048324134200811386,
    "macd": 0.046757347881793976,
    "K": 0.04443669691681862,
    "bb_position": 0.035543520003557205,
    "price_change_5d": 0.034589920192956924
  }
}