{
  "ticker": "5269.TW",
  "analysis_date": "2026-01-11",
  "model_accuracy": 0.5067961165048543,
  "feature_importance": {
    "OBV_MA": 0.07958575135643065,
    "MA_20": 0.06705648892652039,
    "MA_200": 0.06643429418943099,
    "MA_50": 0.06548822536440728,
    "OBV": 0.06479213299909965,
    "MA50_slope": 0.06250999326058229,
    "ATR": 0.062164629150926486,
    "volatility": 0.060010474786376465,
    "macd": 0.057892645338780656,
    "price_change_20d": 0.057433571941964835,
    "macd_signal": 0.057111053265223075,
    "macd_hist": 0.05450055952743168,
    "bb_position": 0.05256072207111771,
    "rsi": 0.05142626296118535,
    "K": 0.04782505561668854,
    "D": 0.046862912359657026,
    "price_change_5d": 0.046345226884176964
  }
}