{
  "ticker": "5269.TW",
  "model_type": "XGBoost",
  "model_accuracy": 0.5797665369649806,
  "feature_importance": {
    "sma_50": 0.06568295508623123,
    "sma_200": 0.06421157717704773,
    "obv_ma20": 0.06344359368085861,
    "sma_30": 0.06327077001333237,
    "macd": 0.05984742194414139,
    "sma_10": 0.05661679059267044,
    "atr": 0.05635702610015869,
    "obv": 0.05471452325582504,
    "volatility": 0.05285708233714104,
    "macd_signal": 0.05050667002797127,
    "ma50_slope": 0.04980398342013359,
    "K": 0.04842446371912956,
    "price_change_5d": 0.04763156920671463,
    "price_change_20d": 0.047184254974126816,
    "macd_hist": 0.04664190486073494,
    "price_change_10d": 0.04627411067485809,
    "D": 0.04361195117235184,
    "bb_position": 0.04216759651899338,
    "rsi": 0.04075164720416069
  }
}