{
  "ticker": "5269.TW",
  "analysis_date": "2026-01-28",
  "model_accuracy": 0.49514563106796117,
  "feature_importance": {
    "OBV_MA": 0.08104497452990411,
    "MA_200": 0.06818048511791588,
    "MA_20": 0.06597432587801422,
    "MA_50": 0.06594644002405965,
    "OBV": 0.06478954980777928,
    "MA50_slope": 0.06353605729233586,
    "ATR": 0.061818237832723444,
    "price_change_20d": 0.0587033568488562,
    "macd": 0.05793409313763519,
    "macd_signal": 0.05763384465372598,
    "volatility": 0.057469463805412756,
    "bb_position": 0.05443260714655256,
    "macd_hist": 0.05282123794214036,
    "rsi": 0.05146026499499974,
    "D": 0.047367212485182913,
    "price_change_5d": 0.04551795765874725,
    "K": 0.045369890844014604
  }
}