{
  "ticker": "5371.TWO",
  "analysis_date": "2026-01-31",
  "model_accuracy": 0.516504854368932,
  "feature_importance": {
    "MA_50": 0.07393658517096142,
    "MA_200": 0.06788828466157014,
    "MA_20": 0.06779905266652195,
    "OBV_MA": 0.06741295135148541,
    "MA50_slope": 0.06618638454301598,
    "macd": 0.06406813766386288,
    "ATR": 0.06372223483269689,
    "macd_hist": 0.06289756196780692,
    "OBV": 0.060764838016206364,
    "volatility": 0.05880643924575792,
    "macd_signal": 0.055566376839861376,
    "bb_position": 0.05178291771852744,
    "price_change_20d": 0.050544924873335374,
    "rsi": 0.050137017962761196,
    "price_change_5d": 0.04963626226476521,
    "D": 0.04785789057395048,
    "K": 0.040992139646913124
  }
}