{
  "ticker": "5434.TW",
  "model_type": "XGBoost",
  "model_accuracy": 0.34824902723735407,
  "feature_importance": {
    "macd_signal": 0.07630690932273865,
    "sma_200": 0.06780935823917389,
    "sma_50": 0.06022307649254799,
    "sma_30": 0.05836694687604904,
    "obv": 0.05814928188920021,
    "obv_ma20": 0.055088575929403305,
    "atr": 0.05493311583995819,
    "sma_10": 0.053508415818214417,
    "volatility": 0.05256660282611847,
    "D": 0.052477192133665085,
    "bb_position": 0.04992574453353882,
    "ma50_slope": 0.04854332655668259,
    "macd": 0.04847472533583641,
    "macd_hist": 0.046158820390701294,
    "price_change_20d": 0.04458947107195854,
    "price_change_5d": 0.04418298229575157,
    "rsi": 0.04403756558895111,
    "K": 0.04281694069504738,
    "price_change_10d": 0.04184093326330185
  }
}