{
  "ticker": "5483.TWO",
  "analysis_date": "2026-01-31",
  "model_accuracy": 0.5606796116504854,
  "feature_importance": {
    "MA50_slope": 0.07034906731276863,
    "OBV_MA": 0.06998264391424358,
    "MA_20": 0.06840815339454767,
    "MA_50": 0.06813475748328028,
    "ATR": 0.06800885180510563,
    "MA_200": 0.06562162561292413,
    "volatility": 0.06452073601830707,
    "macd": 0.06432246254054923,
    "OBV": 0.06395975331344418,
    "macd_signal": 0.060786800781576916,
    "rsi": 0.051409706378242374,
    "price_change_5d": 0.05140009389344582,
    "macd_hist": 0.05133931439865193,
    "bb_position": 0.048743919554066234,
    "price_change_20d": 0.045926778454701715,
    "D": 0.04556948225709151,
    "K": 0.041515852887053215
  }
}