{
  "ticker": "5483.TWO",
  "model_type": "XGBoost",
  "model_accuracy": 0.6381322957198443,
  "feature_importance": {
    "sma_10": 0.07608524709939957,
    "obv_ma20": 0.06950797885656357,
    "sma_50": 0.057899050414562225,
    "obv": 0.057857926934957504,
    "sma_30": 0.056641969829797745,
    "macd_signal": 0.056618813425302505,
    "atr": 0.056413669139146805,
    "macd": 0.056162282824516296,
    "sma_200": 0.05581203103065491,
    "ma50_slope": 0.05389566347002983,
    "volatility": 0.05368083342909813,
    "macd_hist": 0.05226181074976921,
    "rsi": 0.04647376760840416,
    "K": 0.044251054525375366,
    "price_change_5d": 0.04271450638771057,
    "price_change_20d": 0.04179084300994873,
    "D": 0.041213396936655045,
    "bb_position": 0.041047219187021255,
    "price_change_10d": 0.039671920239925385
  }
}