{
  "ticker": "6108.TW",
  "analysis_date": "2026-04-29",
  "model_accuracy": 0.5766990291262136,
  "feature_importance": {
    "OBV_MA": 0.07330595389736837,
    "OBV": 0.07173968914407179,
    "MA_200": 0.06977415214236762,
    "MA_20": 0.06762454643626452,
    "MA_50": 0.0657720070109497,
    "macd": 0.06062779540245522,
    "ATR": 0.05800158899843371,
    "price_change_5d": 0.05758315111689942,
    "macd_signal": 0.05724674446402116,
    "macd_hist": 0.05471401044649147,
    "MA50_slope": 0.05429932752560787,
    "volatility": 0.05392768899588909,
    "D": 0.05326420035798554,
    "K": 0.05266245371047647,
    "bb_position": 0.0523801198365044,
    "price_change_20d": 0.050257933956272316,
    "rsi": 0.046818636557941315
  }
}