{
  "ticker": "6133.TW",
  "model_type": "XGBoost",
  "model_accuracy": 0.657258064516129,
  "feature_importance": {
    "obv_ma20": 0.07308837026357651,
    "obv": 0.06807195395231247,
    "volatility": 0.06413187831640244,
    "sma_200": 0.06352811306715012,
    "sma_50": 0.06045936048030853,
    "sma_30": 0.05831848084926605,
    "D": 0.05657514929771423,
    "sma_10": 0.05564374849200249,
    "atr": 0.055427636951208115,
    "price_change_5d": 0.05296700820326805,
    "macd": 0.052686676383018494,
    "macd_signal": 0.05085667967796326,
    "price_change_20d": 0.048266906291246414,
    "ma50_slope": 0.047648511826992035,
    "price_change_10d": 0.04142053425312042,
    "macd_hist": 0.040206488221883774,
    "rsi": 0.03897402808070183,
    "bb_position": 0.03865542262792587,
    "K": 0.033072907477617264
  }
}