{
  "ticker": "6133.TW",
  "analysis_date": "2026-01-28",
  "model_accuracy": 0.5300970873786408,
  "feature_importance": {
    "OBV_MA": 0.07549817957920174,
    "MA_20": 0.07342847587848766,
    "MA_50": 0.07303789144635821,
    "MA_200": 0.07181221353254746,
    "OBV": 0.0649965840372916,
    "macd_signal": 0.06368635164593026,
    "MA50_slope": 0.05943121125283092,
    "volatility": 0.057051163758588284,
    "K": 0.055247964760710075,
    "macd": 0.055027321397508225,
    "price_change_5d": 0.05409429399615447,
    "ATR": 0.0521498152265835,
    "bb_position": 0.050943912289899,
    "price_change_20d": 0.05050043776048923,
    "macd_hist": 0.04845415630297491,
    "rsi": 0.048442958506298414,
    "D": 0.04619706862814589
  }
}