{
  "ticker": "6134.TWO",
  "model_type": "XGBoost",
  "model_accuracy": 0.6270161290322581,
  "feature_importance": {
    "sma_50": 0.07047604024410248,
    "sma_30": 0.06660659611225128,
    "macd_signal": 0.06157888472080231,
    "obv_ma20": 0.060385070741176605,
    "ma50_slope": 0.05940372869372368,
    "sma_10": 0.05910109356045723,
    "obv": 0.055667877197265625,
    "macd": 0.05381040275096893,
    "sma_200": 0.053610607981681824,
    "price_change_20d": 0.05199989303946495,
    "atr": 0.05072927474975586,
    "D": 0.0504133477807045,
    "volatility": 0.049761150032281876,
    "macd_hist": 0.04747474193572998,
    "price_change_5d": 0.046399328857660294,
    "K": 0.042950794100761414,
    "bb_position": 0.04281435161828995,
    "price_change_10d": 0.04102195426821709,
    "rsi": 0.03579480201005936
  }
}