{
  "ticker": "6146.TWO",
  "model_type": "XGBoost",
  "model_accuracy": 0.7392996108949417,
  "feature_importance": {
    "macd_signal": 0.06933534890413284,
    "sma_200": 0.06439675390720367,
    "obv_ma20": 0.06314579397439957,
    "sma_50": 0.06189008802175522,
    "ma50_slope": 0.06056426465511322,
    "obv": 0.059901151806116104,
    "sma_10": 0.05956527218222618,
    "atr": 0.053891319781541824,
    "price_change_20d": 0.05366939678788185,
    "sma_30": 0.053317032754421234,
    "macd": 0.05270654335618019,
    "volatility": 0.05145417898893356,
    "D": 0.04649069160223007,
    "bb_position": 0.04525936022400856,
    "rsi": 0.04308289289474487,
    "price_change_5d": 0.042098600417375565,
    "K": 0.04101378470659256,
    "macd_hist": 0.04011883959174156,
    "price_change_10d": 0.03809863328933716
  }
}