{
  "ticker": "6147.TWO",
  "model_type": "XGBoost",
  "model_accuracy": 0.6731517509727627,
  "feature_importance": {
    "sma_30": 0.06531979888677597,
    "macd_signal": 0.06257802248001099,
    "ma50_slope": 0.06228937208652496,
    "sma_10": 0.06023203954100609,
    "obv": 0.05982225760817528,
    "sma_200": 0.056774672120809555,
    "obv_ma20": 0.05676639825105667,
    "volatility": 0.05601184070110321,
    "sma_50": 0.05540640279650688,
    "price_change_20d": 0.05461198836565018,
    "atr": 0.05416390672326088,
    "macd_hist": 0.04904217645525932,
    "D": 0.048900920897722244,
    "bb_position": 0.04778112471103668,
    "macd": 0.043888792395591736,
    "rsi": 0.04354556277394295,
    "price_change_10d": 0.04231611266732216,
    "price_change_5d": 0.04148031771183014,
    "K": 0.039068352431058884
  }
}