{
  "ticker": "6155.TW",
  "analysis_date": "2026-01-28",
  "model_accuracy": 0.5398058252427185,
  "feature_importance": {
    "MA_20": 0.07267265617256753,
    "MA_50": 0.06978172074951858,
    "MA_200": 0.06845413824954169,
    "MA50_slope": 0.06817681086046364,
    "macd_signal": 0.06540670752654415,
    "OBV_MA": 0.06453112971070432,
    "OBV": 0.060889498552071535,
    "macd": 0.05834823958638683,
    "ATR": 0.057394007940940316,
    "volatility": 0.05710495410693175,
    "price_change_20d": 0.05482652824684818,
    "price_change_5d": 0.054582059529285874,
    "bb_position": 0.0515201397170978,
    "rsi": 0.05072874832178268,
    "K": 0.05047398880384101,
    "macd_hist": 0.049424520018018565,
    "D": 0.045684151907455534
  }
}