{
  "ticker": "6163.TWO",
  "analysis_date": "2026-01-31",
  "model_accuracy": 0.512621359223301,
  "feature_importance": {
    "OBV_MA": 0.08026029314432817,
    "MA_200": 0.06553337617623119,
    "MA_50": 0.06541997757439232,
    "MA_20": 0.0652568285875752,
    "OBV": 0.0645812266284048,
    "ATR": 0.06356073109672881,
    "macd_signal": 0.06206732873175793,
    "MA50_slope": 0.060631069414873166,
    "volatility": 0.05702155855426935,
    "D": 0.055192923178991465,
    "macd": 0.05496730276537681,
    "price_change_20d": 0.05482032488813101,
    "price_change_5d": 0.05419846374993583,
    "rsi": 0.0524007621197254,
    "macd_hist": 0.04960758279160201,
    "bb_position": 0.04749728346393656,
    "K": 0.04698296713373983
  }
}