{
  "ticker": "6187.TWO",
  "analysis_date": "2026-02-03",
  "model_accuracy": 0.4330097087378641,
  "feature_importance": {
    "OBV_MA": 0.07758438738403062,
    "OBV": 0.07407474507584148,
    "MA_20": 0.07219782125532334,
    "MA_200": 0.06954246014914325,
    "MA_50": 0.06926441544640607,
    "ATR": 0.0646216753686221,
    "MA50_slope": 0.059899997589521824,
    "macd": 0.059191296696146464,
    "macd_hist": 0.0582229240708616,
    "macd_signal": 0.05639909097994158,
    "volatility": 0.05300661077557384,
    "price_change_20d": 0.05138846690021985,
    "price_change_5d": 0.05128933458677737,
    "D": 0.04914789380554421,
    "bb_position": 0.048263037416864545,
    "K": 0.04379511542070334,
    "rsi": 0.04211072707847851
  }
}