{
  "ticker": "6187.TWO",
  "model_type": "XGBoost",
  "model_accuracy": 0.5685483870967742,
  "feature_importance": {
    "sma_10": 0.07117199897766113,
    "sma_200": 0.06344465911388397,
    "obv_ma20": 0.0633026733994484,
    "macd_signal": 0.06323359906673431,
    "sma_50": 0.06093145161867142,
    "sma_30": 0.05996245890855789,
    "macd": 0.05899772420525551,
    "obv": 0.05772583186626434,
    "atr": 0.05362170189619064,
    "bb_position": 0.048822008073329926,
    "ma50_slope": 0.048612795770168304,
    "volatility": 0.04778699949383736,
    "price_change_20d": 0.045637357980012894,
    "K": 0.044006798416376114,
    "D": 0.04383210092782974,
    "price_change_10d": 0.0437692329287529,
    "price_change_5d": 0.042636267840862274,
    "macd_hist": 0.04142384976148605,
    "rsi": 0.04108038544654846
  }
}