{
  "ticker": "6205.TW",
  "model_type": "XGBoost",
  "model_accuracy": 0.6895161290322581,
  "feature_importance": {
    "volatility": 0.07606673240661621,
    "ma50_slope": 0.06394066661596298,
    "sma_50": 0.06385859847068787,
    "rsi": 0.06054046005010605,
    "sma_200": 0.05723528563976288,
    "sma_30": 0.055336833000183105,
    "obv_ma20": 0.05517476052045822,
    "obv": 0.05390432849526405,
    "sma_10": 0.05356660485267639,
    "macd": 0.05279799923300743,
    "price_change_5d": 0.051779184490442276,
    "price_change_10d": 0.05051173269748688,
    "macd_hist": 0.0494861863553524,
    "price_change_20d": 0.04690537974238396,
    "atr": 0.04632849991321564,
    "bb_position": 0.04481886699795723,
    "macd_signal": 0.042135827243328094,
    "D": 0.039784785360097885,
    "K": 0.03582729399204254
  }
}