{
  "ticker": "6209.TW",
  "analysis_date": "2026-01-24",
  "model_accuracy": 0.5631067961165048,
  "feature_importance": {
    "MA_20": 0.07078097271844672,
    "OBV_MA": 0.06850176478988801,
    "MA_50": 0.06755468024956081,
    "OBV": 0.0671730905266828,
    "MA50_slope": 0.06574621319750835,
    "MA_200": 0.06469513012527286,
    "volatility": 0.06435989205499207,
    "price_change_20d": 0.061638039331230736,
    "macd_signal": 0.060836831841113784,
    "macd_hist": 0.05981881999475799,
    "ATR": 0.057227860495230105,
    "price_change_5d": 0.05491594483086741,
    "macd": 0.05301190159578026,
    "rsi": 0.04960134244815109,
    "bb_position": 0.048789344019370205,
    "D": 0.04276511185327105,
    "K": 0.04258305992787582
  }
}