{
  "ticker": "6209.TW",
  "name": "今國光",
  "analysis_date": "2025-12-25",
  "model_accuracy": 0.5704697986577181,
  "data_points": 2234,
  "feature_importance": {
    "MA_20": 0.0728813162843395,
    "MA50_slope": 0.06925901573202982,
    "MA_50": 0.06603124893767923,
    "price_change_20d": 0.06513907195307661,
    "ATR": 0.06371889243129794,
    "macd_signal": 0.06300717969900047,
    "OBV_MA": 0.061256483924706846,
    "MA_200": 0.06122748757516258,
    "OBV": 0.05853409173248937,
    "price_change_5d": 0.057011694700757044,
    "volatility": 0.05677144548709213,
    "macd": 0.0558586640258778,
    "macd_hist": 0.05541519152883583,
    "D": 0.054539797896050936,
    "bb_position": 0.04758415608625634,
    "K": 0.04735603846642375,
    "rsi": 0.04440822353892378
  }
}