{
  "ticker": "6220.TWO",
  "model_type": "XGBoost",
  "model_accuracy": 0.7560483870967742,
  "feature_importance": {
    "macd_signal": 0.07657252997159958,
    "sma_200": 0.07362426817417145,
    "obv_ma20": 0.06640002131462097,
    "sma_10": 0.06285785883665085,
    "obv": 0.05969155207276344,
    "sma_30": 0.05476239696145058,
    "sma_50": 0.05124684423208237,
    "macd": 0.0508975014090538,
    "volatility": 0.050761036574840546,
    "macd_hist": 0.050738245248794556,
    "D": 0.047928184270858765,
    "bb_position": 0.04787145555019379,
    "price_change_5d": 0.04687134176492691,
    "price_change_20d": 0.04633453115820885,
    "ma50_slope": 0.045068733394145966,
    "price_change_10d": 0.04358314722776413,
    "atr": 0.04234212636947632,
    "K": 0.04206004738807678,
    "rsi": 0.04038811847567558
  }
}