{
  "ticker": "6223.TWO",
  "analysis_date": "2026-02-04",
  "model_accuracy": 0.5514563106796116,
  "best_horizon_days": 1,
  "feature_importance": {
    "volume_change_1d": 0.05281577357446352,
    "volatility_10": 0.048698446767957516,
    "return_3d": 0.04760810375469616,
    "return_1d": 0.047254841585222536,
    "MA_20": 0.04699621921116635,
    "volatility": 0.046031349898741206,
    "return_2d": 0.04594024522836167,
    "ATR": 0.04522388918327026,
    "price_change_20d": 0.04441487821055703,
    "rsi": 0.044242989848417985,
    "K": 0.04392086358526271,
    "volatility_50": 0.04368167747289051,
    "macd_hist": 0.04336543047494736,
    "D": 0.0426061108226753,
    "price_change_5d": 0.04184484852021346,
    "return_5d": 0.0412598250556175,
    "macd_signal": 0.03992138667735527,
    "MA50_slope": 0.03941265524155364,
    "MA_200": 0.03934992447413064,
    "macd": 0.0390899243161283,
    "bb_position": 0.03862050032844872,
    "MA_50": 0.037636331105382816,
    "volume_ma_5": 0.018263914573001697,
    "volume_ma_20": 0.017708110290425405,
    "OBV": 0.002097295826071306,
    "OBV_MA": 0.0019944639730411747
  }
}