{
  "ticker": "6223.TWO",
  "model_type": "XGBoost",
  "model_accuracy": 0.48638132295719844,
  "feature_importance": {
    "obv_ma20": 0.06968381255865097,
    "sma_200": 0.06373108923435211,
    "sma_50": 0.06362243741750717,
    "sma_10": 0.06306569278240204,
    "volatility": 0.060407642275094986,
    "obv": 0.05911214277148247,
    "sma_30": 0.05810939520597458,
    "macd_signal": 0.057082343846559525,
    "atr": 0.053885459899902344,
    "ma50_slope": 0.05218874663114548,
    "macd_hist": 0.04848785325884819,
    "macd": 0.04835783690214157,
    "D": 0.046435195952653885,
    "K": 0.04538903385400772,
    "rsi": 0.044595539569854736,
    "price_change_20d": 0.04434448108077049,
    "price_change_10d": 0.043482378125190735,
    "price_change_5d": 0.04113093018531799,
    "bb_position": 0.036888010799884796
  }
}