{
  "ticker": "6230.TW",
  "model_type": "XGBoost",
  "model_accuracy": 0.6592741935483871,
  "feature_importance": {
    "obv": 0.07141324132680893,
    "sma_50": 0.06765975803136826,
    "sma_200": 0.06504727154970169,
    "sma_10": 0.0642000064253807,
    "obv_ma20": 0.060505516827106476,
    "sma_30": 0.06045528128743172,
    "volatility": 0.05453643575310707,
    "macd": 0.0520557276904583,
    "atr": 0.05161682143807411,
    "price_change_20d": 0.051202110946178436,
    "macd_signal": 0.04965011030435562,
    "rsi": 0.04790923371911049,
    "ma50_slope": 0.04766764119267464,
    "price_change_5d": 0.04536135122179985,
    "macd_hist": 0.044760510325431824,
    "D": 0.04357251524925232,
    "bb_position": 0.0432722344994545,
    "K": 0.040521152317523956,
    "price_change_10d": 0.03859305381774902
  }
}