{
  "ticker": "6239.TW",
  "analysis_date": "2026-01-31",
  "model_accuracy": 0.49320388349514566,
  "feature_importance": {
    "MA_50": 0.0720082953346573,
    "MA50_slope": 0.06917681253551854,
    "OBV_MA": 0.0667155669642041,
    "MA_20": 0.06648383751346651,
    "MA_200": 0.06582198548703393,
    "macd_signal": 0.06428736070211163,
    "ATR": 0.06407358401601025,
    "OBV": 0.06320870408120138,
    "macd": 0.06314578401171354,
    "volatility": 0.06235241892750023,
    "macd_hist": 0.053403342542752925,
    "price_change_20d": 0.051174870155397796,
    "bb_position": 0.04903303183994821,
    "D": 0.04752620290464667,
    "rsi": 0.0473584689125201,
    "price_change_5d": 0.047312162863209994,
    "K": 0.04691757120810691
  }
}