{
  "ticker": "6239.TW",
  "analysis_date": "2026-01-24",
  "model_accuracy": 0.4893203883495146,
  "feature_importance": {
    "MA_50": 0.07464418478749389,
    "MA_200": 0.06802921244302712,
    "MA_20": 0.06752041483691677,
    "OBV_MA": 0.06639251582245138,
    "MA50_slope": 0.0647984213625316,
    "OBV": 0.0642283610781423,
    "macd": 0.06416845369867108,
    "macd_signal": 0.06365835596439579,
    "volatility": 0.06352982749255144,
    "ATR": 0.062297533932859354,
    "macd_hist": 0.05273022979930887,
    "price_change_20d": 0.051760567866879895,
    "bb_position": 0.04886434298569348,
    "K": 0.04821715608802974,
    "price_change_5d": 0.04778806315188,
    "rsi": 0.04708598873755547,
    "D": 0.04428636995161193
  }
}