{
  "ticker": "6239.TW",
  "model_type": "XGBoost",
  "model_accuracy": 0.42023346303501946,
  "feature_importance": {
    "sma_30": 0.06445556879043579,
    "sma_50": 0.06398604810237885,
    "macd": 0.06093762442469597,
    "obv": 0.06030629575252533,
    "obv_ma20": 0.059128593653440475,
    "sma_200": 0.058701612055301666,
    "ma50_slope": 0.0581808015704155,
    "macd_signal": 0.057211361825466156,
    "atr": 0.05571663752198219,
    "volatility": 0.0539909191429615,
    "sma_10": 0.05347203090786934,
    "D": 0.05086228623986244,
    "bb_position": 0.05023957043886185,
    "price_change_10d": 0.04603993892669678,
    "rsi": 0.044258031994104385,
    "macd_hist": 0.043203599750995636,
    "price_change_20d": 0.04155602678656578,
    "K": 0.03973590210080147,
    "price_change_5d": 0.0380171537399292
  }
}