{
  "ticker": "6269.TW",
  "name": "台郡",
  "analysis_date": "2025-12-25",
  "model_accuracy": 0.5033557046979866,
  "data_points": 2234,
  "feature_importance": {
    "MA_50": 0.07079306663834134,
    "MA_200": 0.06940457402476956,
    "volatility": 0.06893504816807206,
    "MA_20": 0.06849832391126905,
    "OBV_MA": 0.06663069218522172,
    "MA50_slope": 0.06617552071872546,
    "OBV": 0.06249961901543624,
    "price_change_5d": 0.05935914930233922,
    "ATR": 0.05884679048190634,
    "macd": 0.056247672040072104,
    "macd_signal": 0.05465591333652334,
    "bb_position": 0.05218016735183669,
    "K": 0.0509623319106744,
    "price_change_20d": 0.05006461431570827,
    "D": 0.049858940657653956,
    "rsi": 0.0487281943629591,
    "macd_hist": 0.04615938157849124
  }
}