{
  "ticker": "6270.TWO",
  "analysis_date": "2026-06-09",
  "model_accuracy": 0.4854368932038835,
  "feature_importance": {
    "MA_20": 0.06716559714154874,
    "MA_50": 0.0663174526418898,
    "macd_signal": 0.06612683036573537,
    "OBV_MA": 0.06524256738852029,
    "MA_200": 0.06322937806032672,
    "ATR": 0.06308437431027304,
    "MA50_slope": 0.0628047323054379,
    "OBV": 0.05996404791653291,
    "volatility": 0.05929585678693172,
    "macd": 0.05707630830341379,
    "price_change_20d": 0.05655336850700182,
    "price_change_5d": 0.055092027971346075,
    "bb_position": 0.05342687236126955,
    "D": 0.05247585668353578,
    "macd_hist": 0.051390800365214456,
    "rsi": 0.05072364702728177,
    "K": 0.05003028186374026
  }
}