{
  "ticker": "6271.TW",
  "analysis_date": "2026-02-14",
  "model_accuracy": 0.541747572815534,
  "feature_importance": {
    "MA50_slope": 0.08000772384832686,
    "OBV_MA": 0.07056522932177209,
    "MA_20": 0.06694615275696093,
    "MA_200": 0.06516123780670019,
    "ATR": 0.06396154806619869,
    "MA_50": 0.06383240286598175,
    "volatility": 0.06182212672603406,
    "OBV": 0.060202039246090334,
    "macd_hist": 0.060069130007617245,
    "macd": 0.0572019546642881,
    "macd_signal": 0.05713444818118152,
    "price_change_20d": 0.05308858021117184,
    "price_change_5d": 0.05061971931083607,
    "rsi": 0.048918559300390935,
    "bb_position": 0.04785296352544026,
    "K": 0.04651990382001499,
    "D": 0.04609628034099415
  }
}