{
  "ticker": "6274.TWO",
  "model_type": "XGBoost",
  "model_accuracy": 0.45525291828793774,
  "feature_importance": {
    "sma_200": 0.06869755685329437,
    "sma_10": 0.06311778724193573,
    "obv": 0.06261921674013138,
    "obv_ma20": 0.06254933774471283,
    "atr": 0.05948629230260849,
    "sma_50": 0.057451408356428146,
    "sma_30": 0.055910829454660416,
    "macd_signal": 0.05364454165101051,
    "ma50_slope": 0.05357157811522484,
    "macd": 0.05251539871096611,
    "volatility": 0.05015863850712776,
    "D": 0.04844880849123001,
    "price_change_10d": 0.04834107682108879,
    "K": 0.04816831275820732,
    "macd_hist": 0.04774296656250954,
    "price_change_20d": 0.04541727155447006,
    "bb_position": 0.04387832432985306,
    "rsi": 0.04087590426206589,
    "price_change_5d": 0.03740474954247475
  }
}