{
  "ticker": "6282.TW",
  "analysis_date": "2026-01-28",
  "model_accuracy": 0.44660194174757284,
  "feature_importance": {
    "MA_50": 0.06957105150518453,
    "OBV_MA": 0.06924199419235998,
    "MA_20": 0.068701877636814,
    "OBV": 0.06804047333477409,
    "MA_200": 0.06281063675437501,
    "ATR": 0.061478069272110226,
    "volatility": 0.06143480412754887,
    "macd": 0.0583016782475926,
    "macd_signal": 0.05808858662144804,
    "MA50_slope": 0.05760618956565681,
    "price_change_5d": 0.05703639798613393,
    "bb_position": 0.05508572996665338,
    "price_change_20d": 0.054668187982154545,
    "rsi": 0.05173222432077156,
    "macd_hist": 0.051026281214646474,
    "D": 0.048082522656442896,
    "K": 0.04709329461533314
  }
}