{
  "ticker": "6285.TW",
  "model_type": "XGBoost",
  "model_accuracy": 0.5214007782101168,
  "feature_importance": {
    "sma_10": 0.07580732554197311,
    "sma_50": 0.06427360326051712,
    "sma_30": 0.06283511966466904,
    "macd_signal": 0.062163714319467545,
    "obv_ma20": 0.060480620712041855,
    "obv": 0.05739188939332962,
    "sma_200": 0.055424608290195465,
    "price_change_20d": 0.05061342194676399,
    "ma50_slope": 0.05056152865290642,
    "atr": 0.050065942108631134,
    "volatility": 0.049707844853401184,
    "rsi": 0.04816078767180443,
    "macd": 0.04751262813806534,
    "price_change_10d": 0.04673192277550697,
    "D": 0.04637327045202255,
    "macd_hist": 0.04471621289849281,
    "price_change_5d": 0.04452941566705704,
    "bb_position": 0.043554987758398056,
    "K": 0.03909517824649811
  }
}