{
  "ticker": "6285.TW",
  "analysis_date": "2026-02-02",
  "model_accuracy": 0.6310679611650486,
  "best_horizon_days": 1,
  "feature_importance": {
    "return_3d": 0.06959570944309235,
    "MA_20": 0.06148432567715645,
    "volume_change_1d": 0.060924362391233444,
    "macd": 0.05834544450044632,
    "volatility": 0.055956438183784485,
    "D": 0.055289119482040405,
    "macd_signal": 0.05277324467897415,
    "macd_hist": 0.05161631479859352,
    "MA_50": 0.050979115068912506,
    "volatility_10": 0.04714740067720413,
    "K": 0.04509889706969261,
    "MA_200": 0.044018831104040146,
    "volatility_50": 0.04062759503722191,
    "price_change_5d": 0.0403774194419384,
    "volume_ma_5": 0.03926641494035721,
    "bb_position": 0.03891024738550186,
    "return_2d": 0.038534607738256454,
    "MA50_slope": 0.036237750202417374,
    "ATR": 0.030423466116189957,
    "return_1d": 0.030241362750530243,
    "price_change_20d": 0.026433132588863373,
    "rsi": 0.025718793272972107,
    "OBV_MA": 0.0,
    "OBV": 0.0,
    "return_5d": 0.0,
    "volume_ma_20": 0.0
  }
}