{
  "ticker": "6414.TW",
  "model_type": "XGBoost",
  "model_accuracy": 0.4163424124513619,
  "feature_importance": {
    "sma_10": 0.07870747894048691,
    "obv_ma20": 0.06565176695585251,
    "sma_30": 0.061469726264476776,
    "sma_50": 0.06013023853302002,
    "sma_200": 0.059358421713113785,
    "macd_signal": 0.058075323700904846,
    "obv": 0.05719079077243805,
    "macd": 0.056890107691287994,
    "D": 0.05272749438881874,
    "price_change_20d": 0.052182070910930634,
    "volatility": 0.050293806940317154,
    "ma50_slope": 0.04775133356451988,
    "rsi": 0.04769746959209442,
    "macd_hist": 0.04626717418432236,
    "atr": 0.04401511326432228,
    "price_change_10d": 0.04322391003370285,
    "bb_position": 0.0430668406188488,
    "price_change_5d": 0.03962678462266922,
    "K": 0.03567412123084068
  }
}