{
  "ticker": "6415.TW",
  "model_type": "XGBoost",
  "model_accuracy": 0.6653696498054474,
  "feature_importance": {
    "obv_ma20": 0.06662435084581375,
    "sma_50": 0.06195360794663429,
    "sma_30": 0.06040043756365776,
    "sma_10": 0.05825228989124298,
    "obv": 0.058127280324697495,
    "sma_200": 0.05613914877176285,
    "D": 0.055560220032930374,
    "atr": 0.05364595726132393,
    "macd": 0.053189683705568314,
    "volatility": 0.052979547530412674,
    "ma50_slope": 0.05275242030620575,
    "macd_hist": 0.05239662155508995,
    "macd_signal": 0.05124711990356445,
    "K": 0.04691455513238907,
    "bb_position": 0.046870216727256775,
    "price_change_5d": 0.04416712373495102,
    "price_change_10d": 0.043425288051366806,
    "price_change_20d": 0.04318561777472496,
    "rsi": 0.042168572545051575
  }
}