{
  "ticker": "6426.TW",
  "model_type": "XGBoost",
  "model_accuracy": 0.6011673151750972,
  "feature_importance": {
    "volatility": 0.07377384603023529,
    "sma_200": 0.07185763120651245,
    "obv_ma20": 0.06231227517127991,
    "ma50_slope": 0.06007964909076691,
    "macd": 0.056879714131355286,
    "sma_10": 0.05545065924525261,
    "sma_50": 0.05504145473241806,
    "obv": 0.054827600717544556,
    "macd_signal": 0.05452296882867813,
    "sma_30": 0.05444640666246414,
    "price_change_20d": 0.05308574065566063,
    "atr": 0.050022903829813004,
    "price_change_10d": 0.04484898969531059,
    "rsi": 0.04407114535570145,
    "D": 0.04365912824869156,
    "bb_position": 0.043480049818754196,
    "macd_hist": 0.0425463430583477,
    "K": 0.04127831384539604,
    "price_change_5d": 0.0378151535987854
  }
}