{
  "ticker": "6442.TW",
  "model_type": "XGBoost",
  "model_accuracy": 0.4961089494163424,
  "feature_importance": {
    "sma_30": 0.07349362224340439,
    "macd_hist": 0.06847323477268219,
    "sma_200": 0.06387210637331009,
    "sma_10": 0.0637250691652298,
    "obv_ma20": 0.062207091599702835,
    "atr": 0.06065520644187927,
    "ma50_slope": 0.059651490300893784,
    "obv": 0.05736463889479637,
    "sma_50": 0.054993126541376114,
    "volatility": 0.04818146675825119,
    "macd_signal": 0.046144548803567886,
    "macd": 0.046020157635211945,
    "price_change_20d": 0.04554333537817001,
    "bb_position": 0.04339934140443802,
    "price_change_10d": 0.04166368767619133,
    "rsi": 0.04163625091314316,
    "price_change_5d": 0.041405923664569855,
    "D": 0.04103066772222519,
    "K": 0.04053910821676254
  }
}