{
  "ticker": "6442.TW",
  "analysis_date": "2025-12-30",
  "model_accuracy": 0.5,
  "feature_importance": {
    "MA_20": 0.09368462208299436,
    "OBV_MA": 0.07870731442365629,
    "OBV": 0.07237138963774767,
    "MA_50": 0.07112124386707347,
    "MA50_slope": 0.06669195495956974,
    "MA_200": 0.06389908428507658,
    "macd_signal": 0.06009002510008316,
    "ATR": 0.05574691181721415,
    "macd_hist": 0.05563299941703201,
    "macd": 0.05207528606828712,
    "price_change_5d": 0.05069488148052764,
    "volatility": 0.0496786573247813,
    "price_change_20d": 0.04943818019990394,
    "bb_position": 0.04817894791446281,
    "rsi": 0.04644762584005883,
    "D": 0.04392138258370725,
    "K": 0.041619492997823686
  }
}