{
  "ticker": "6443.TW",
  "name": "元晶",
  "analysis_date": "2025-12-25",
  "model_accuracy": 0.43847874720357943,
  "data_points": 2234,
  "feature_importance": {
    "OBV_MA": 0.07539452317088804,
    "MA_20": 0.07432524667993817,
    "MA_50": 0.07220621263097857,
    "MA_200": 0.07191866554440624,
    "OBV": 0.06662936924819149,
    "volatility": 0.06553299098299645,
    "MA50_slope": 0.06368428323261473,
    "ATR": 0.05996819551970533,
    "price_change_20d": 0.057707932948544725,
    "macd_signal": 0.05743610187674398,
    "macd_hist": 0.053144876326856876,
    "macd": 0.04978090481918769,
    "price_change_5d": 0.04903000727321575,
    "bb_position": 0.04743113544892941,
    "D": 0.04603459151951727,
    "K": 0.04562010103932888,
    "rsi": 0.04415486173795635
  }
}