{
  "ticker": "6446.TW",
  "analysis_date": "2026-01-24",
  "model_accuracy": 0.5436893203883495,
  "feature_importance": {
    "OBV_MA": 0.0765464436557924,
    "MA_20": 0.07383088071800178,
    "MA_50": 0.07302588551319401,
    "MA_200": 0.0718472283022849,
    "OBV": 0.06630062906889729,
    "MA50_slope": 0.06519855071969168,
    "ATR": 0.06410901267281952,
    "volatility": 0.05765431490562065,
    "macd_signal": 0.05724095969257762,
    "macd": 0.05508207759268232,
    "price_change_20d": 0.05212894978682827,
    "macd_hist": 0.05202701268837969,
    "D": 0.050458896092178296,
    "bb_position": 0.04905101817364176,
    "rsi": 0.04549509813260738,
    "K": 0.04533089908020107,
    "price_change_5d": 0.04467214320460131
  }
}