{
  "ticker": "6446.TW",
  "analysis_date": "2026-01-31",
  "model_accuracy": 0.5163265306122449,
  "feature_importance": {
    "MA_20": 0.07608395401058629,
    "MA_50": 0.07339731116940246,
    "MA_200": 0.07275216118004521,
    "OBV_MA": 0.07171475747736676,
    "MA50_slope": 0.06902669421095567,
    "OBV": 0.06756750231255225,
    "macd_signal": 0.06009966709207663,
    "ATR": 0.05970457590881149,
    "volatility": 0.0561756309020724,
    "bb_position": 0.05297724614037996,
    "macd": 0.05272023106015585,
    "macd_hist": 0.052281991495270866,
    "D": 0.05187348438193819,
    "price_change_20d": 0.048917786384442,
    "K": 0.04642139461276194,
    "rsi": 0.046081798647062154,
    "price_change_5d": 0.04220381301411997
  }
}