{
  "ticker": "6451.TW",
  "model_type": "XGBoost",
  "model_accuracy": 0.5518590998043053,
  "feature_importance": {
    "sma_10": 0.06564785540103912,
    "obv_ma20": 0.06298406422138214,
    "sma_30": 0.0623580664396286,
    "obv": 0.060390960425138474,
    "macd_signal": 0.06007000803947449,
    "sma_50": 0.05987695977091789,
    "sma_200": 0.05860627815127373,
    "volatility": 0.05794191360473633,
    "ma50_slope": 0.053765639662742615,
    "price_change_10d": 0.051945995539426804,
    "price_change_5d": 0.05164283514022827,
    "D": 0.049424175173044205,
    "atr": 0.0492732897400856,
    "macd": 0.04752963036298752,
    "price_change_20d": 0.04476172477006912,
    "bb_position": 0.044328395277261734,
    "macd_hist": 0.04205795004963875,
    "rsi": 0.041417524218559265,
    "K": 0.0359768345952034
  }
}