{
  "ticker": "6456.TW",
  "model_type": "XGBoost",
  "model_accuracy": 0.4189473684210526,
  "feature_importance": {
    "obv": 0.08034761995077133,
    "sma_10": 0.06522189825773239,
    "obv_ma20": 0.06202749162912369,
    "sma_50": 0.056860752403736115,
    "sma_30": 0.0553312823176384,
    "sma_200": 0.054248590022325516,
    "bb_position": 0.05301269143819809,
    "macd_signal": 0.05238226428627968,
    "ma50_slope": 0.05205240100622177,
    "macd": 0.051302384585142136,
    "atr": 0.0508124902844429,
    "price_change_20d": 0.04939457029104233,
    "K": 0.04879641905426979,
    "price_change_5d": 0.048493534326553345,
    "volatility": 0.0477214939892292,
    "D": 0.04745929688215256,
    "macd_hist": 0.04664487764239311,
    "price_change_10d": 0.039807990193367004,
    "rsi": 0.03808191046118736
  }
}