{
  "ticker": "6472.TW",
  "analysis_date": "2026-02-02",
  "model_accuracy": 0.6226415094339622,
  "best_horizon_days": 1,
  "feature_importance": {
    "volatility": 0.2488841861486435,
    "volatility_50": 0.1591271460056305,
    "volume_ma_5": 0.06650704890489578,
    "macd_signal": 0.057577840983867645,
    "rsi": 0.049698878079652786,
    "bb_position": 0.04912060871720314,
    "MA_200": 0.047455914318561554,
    "K": 0.04625895991921425,
    "macd_hist": 0.04435080662369728,
    "volatility_10": 0.039947912096977234,
    "D": 0.03569783642888069,
    "volume_change_1d": 0.03446534648537636,
    "ATR": 0.0290874894708395,
    "return_1d": 0.024502316489815712,
    "volume_ma_20": 0.020083678886294365,
    "return_3d": 0.01888388954102993,
    "MA_50": 0.017519790679216385,
    "MA50_slope": 0.00845912005752325,
    "OBV": 0.0023712427355349064,
    "MA_20": 0.0,
    "macd": 0.0,
    "OBV_MA": 0.0,
    "price_change_20d": 0.0,
    "price_change_5d": 0.0,
    "return_2d": 0.0,
    "return_5d": 0.0
  }
}