{
  "ticker": "6477.TW",
  "analysis_date": "2026-01-12",
  "model_accuracy": 0.5398058252427185,
  "feature_importance": {
    "MA_20": 0.07607796783707069,
    "OBV_MA": 0.07524037119794458,
    "MA_50": 0.07203519540281726,
    "OBV": 0.06973543255098287,
    "MA_200": 0.06709474791341705,
    "MA50_slope": 0.06171281404275639,
    "ATR": 0.058587176600316496,
    "price_change_5d": 0.05644818846515221,
    "macd_signal": 0.05547759066341975,
    "volatility": 0.05452740886236179,
    "macd_hist": 0.05364228643095656,
    "macd": 0.052647099788988266,
    "price_change_20d": 0.050591048623900035,
    "rsi": 0.05001269811157316,
    "D": 0.04997736368616104,
    "K": 0.04908447183222857,
    "bb_position": 0.047108137989953294
  }
}