{
  "ticker": "6488.TWO",
  "model_type": "XGBoost",
  "model_accuracy": 0.603112840466926,
  "feature_importance": {
    "sma_30": 0.06625373661518097,
    "sma_50": 0.06480539590120316,
    "sma_10": 0.06032194197177887,
    "obv_ma20": 0.058818519115448,
    "sma_200": 0.05801953375339508,
    "macd_signal": 0.05749914422631264,
    "atr": 0.056846268475055695,
    "obv": 0.054479025304317474,
    "price_change_20d": 0.05402405560016632,
    "macd": 0.05172138661146164,
    "ma50_slope": 0.05087123066186905,
    "macd_hist": 0.0502612479031086,
    "price_change_10d": 0.04958434775471687,
    "D": 0.046568699181079865,
    "rsi": 0.046155061572790146,
    "bb_position": 0.0456593781709671,
    "volatility": 0.04339942708611488,
    "K": 0.043019309639930725,
    "price_change_5d": 0.04169237241148949
  }
}