{
  "ticker": "6505.TW",
  "company": "台塑化",
  "model_type": "XGBoost",
  "model_accuracy": 0.7016574585635359,
  "feature_importance": {
    "sma_200": 0.06833570450544357,
    "sma_10": 0.06531163305044174,
    "obv": 0.06530781090259552,
    "sma_50": 0.06210242211818695,
    "sma_30": 0.061359703540802,
    "macd": 0.05813709273934364,
    "volatility": 0.055201221257448196,
    "price_change_20d": 0.05427573621273041,
    "atr": 0.05365259200334549,
    "ma50_slope": 0.05345667153596878,
    "obv_ma20": 0.051461003720760345,
    "macd_hist": 0.05024092644453049,
    "macd_signal": 0.04737135022878647,
    "bb_position": 0.04675694927573204,
    "D": 0.04273741692304611,
    "K": 0.04270993545651436,
    "rsi": 0.041560105979442596,
    "price_change_10d": 0.041361141949892044,
    "price_change_5d": 0.03866058215498924
  }
}