{
  "ticker": "6510.TWO",
  "model_type": "XGBoost",
  "model_accuracy": 0.5146771037181996,
  "feature_importance": {
    "sma_30": 0.06965351849794388,
    "sma_200": 0.06567426025867462,
    "sma_10": 0.06150977686047554,
    "sma_50": 0.06133481487631798,
    "ma50_slope": 0.05982179567217827,
    "obv": 0.058013916015625,
    "atr": 0.0557156465947628,
    "macd_signal": 0.05455019697546959,
    "obv_ma20": 0.053673915565013885,
    "macd_hist": 0.053344983607530594,
    "D": 0.05320293828845024,
    "price_change_10d": 0.04962211102247238,
    "macd": 0.045569054782390594,
    "bb_position": 0.04482104629278183,
    "price_change_20d": 0.04418288543820381,
    "volatility": 0.04395769536495209,
    "price_change_5d": 0.043173909187316895,
    "rsi": 0.04287532716989517,
    "K": 0.039302174001932144
  }
}