{
  "ticker": "6515.TW",
  "name": "穎崴",
  "analysis_date": "2025-12-25",
  "model_accuracy": 0.4666666666666667,
  "data_points": 1046,
  "feature_importance": {
    "MA_20": 0.07996780350947601,
    "MA_50": 0.07545508828748312,
    "macd_signal": 0.07517563497703744,
    "MA_200": 0.06870317030317889,
    "macd": 0.06521952366414178,
    "OBV_MA": 0.06506286451269258,
    "MA50_slope": 0.06305946105568952,
    "ATR": 0.059441202354665344,
    "OBV": 0.05893326713479739,
    "bb_position": 0.05545585687004751,
    "volatility": 0.05507674805694954,
    "price_change_20d": 0.05225786581100831,
    "rsi": 0.049926051377429496,
    "D": 0.04526979144023909,
    "price_change_5d": 0.04520504935821114,
    "macd_hist": 0.04436787677495193,
    "K": 0.04142274451200087
  }
}