{
  "ticker": "6515.TW",
  "company": "穎崴科技",
  "model_type": "XGBoost",
  "model_accuracy": 0.5228758169934641,
  "feature_importance": {
    "sma_30": 0.07558304816484451,
    "sma_10": 0.07539364695549011,
    "sma_50": 0.07071394473314285,
    "atr": 0.06565020233392715,
    "sma_200": 0.0620938241481781,
    "obv_ma20": 0.05994664132595062,
    "ma50_slope": 0.05493512004613876,
    "macd": 0.054132889956235886,
    "obv": 0.05371781066060066,
    "macd_signal": 0.051604390144348145,
    "volatility": 0.04984176903963089,
    "rsi": 0.04725657030940056,
    "price_change_5d": 0.04375065863132477,
    "bb_position": 0.04188773036003113,
    "macd_hist": 0.04125778004527092,
    "D": 0.04116168990731239,
    "price_change_20d": 0.04036024212837219,
    "K": 0.0353955402970314,
    "price_change_10d": 0.03531649336218834
  }
}