{
  "ticker": "6515.TW",
  "analysis_date": "2026-01-06",
  "model_accuracy": 0.40372670807453415,
  "feature_importance": {
    "MA_20": 0.08892232085578312,
    "MA_200": 0.0810749824743265,
    "macd_signal": 0.07936820774095771,
    "MA_50": 0.06783281171472477,
    "OBV_MA": 0.06696670218858161,
    "macd": 0.06220339670328934,
    "OBV": 0.06045536773403626,
    "ATR": 0.05969543683021998,
    "MA50_slope": 0.05926557685939173,
    "price_change_5d": 0.056574786762600145,
    "macd_hist": 0.05150146679699091,
    "volatility": 0.0506331359820762,
    "bb_position": 0.04663421589255051,
    "price_change_20d": 0.04571205477540456,
    "rsi": 0.04565762759359671,
    "D": 0.040536539457553256,
    "K": 0.03696536963791677
  }
}