{
  "ticker": "6526.TW",
  "model_type": "XGBoost",
  "model_accuracy": 0.4927536231884058,
  "feature_importance": {
    "obv": 0.10309591144323349,
    "bb_position": 0.07183551043272018,
    "price_change_5d": 0.0695454329252243,
    "sma_200": 0.06179312616586685,
    "price_change_20d": 0.05753564462065697,
    "sma_10": 0.057356398552656174,
    "ma50_slope": 0.05479924753308296,
    "volatility": 0.05306721106171608,
    "macd": 0.050798241049051285,
    "obv_ma20": 0.04982800409197807,
    "sma_30": 0.048990413546562195,
    "D": 0.0481405183672905,
    "macd_signal": 0.04610292986035347,
    "K": 0.043174516409635544,
    "atr": 0.04311646148562431,
    "sma_50": 0.03679501265287399,
    "rsi": 0.03531292825937271,
    "price_change_10d": 0.03521427884697914,
    "macd_hist": 0.033498313277959824
  }
}