{
  "ticker": "6530.TWO",
  "model_type": "XGBoost",
  "model_accuracy": 0.5915789473684211,
  "feature_importance": {
    "sma_200": 0.07711701095104218,
    "sma_30": 0.06366569548845291,
    "sma_50": 0.06029690057039261,
    "obv_ma20": 0.05860290303826332,
    "obv": 0.057627011090517044,
    "sma_10": 0.05711110681295395,
    "macd_signal": 0.05365980789065361,
    "atr": 0.05140366032719612,
    "volatility": 0.050404660403728485,
    "ma50_slope": 0.0494176410138607,
    "macd_hist": 0.04939105734229088,
    "price_change_20d": 0.0489041805267334,
    "D": 0.04888230934739113,
    "price_change_10d": 0.04806504398584366,
    "rsi": 0.0480380579829216,
    "bb_position": 0.047637347131967545,
    "price_change_5d": 0.047562699764966965,
    "macd": 0.04270359128713608,
    "K": 0.03950930014252663
  }
}