{
  "ticker": "6533.TW",
  "model_type": "XGBoost",
  "model_accuracy": 0.5237113402061856,
  "feature_importance": {
    "sma_30": 0.06895436346530914,
    "sma_10": 0.06833319365978241,
    "price_change_20d": 0.06270290911197662,
    "obv_ma20": 0.06193223223090172,
    "sma_50": 0.06143485754728317,
    "sma_200": 0.058053601533174515,
    "macd_signal": 0.05718497559428215,
    "volatility": 0.05596403032541275,
    "atr": 0.05476035177707672,
    "obv": 0.05222032219171524,
    "macd": 0.052082207053899765,
    "ma50_slope": 0.04938152804970741,
    "bb_position": 0.04522043466567993,
    "rsi": 0.04508552700281143,
    "K": 0.042963217943906784,
    "macd_hist": 0.04201087728142738,
    "D": 0.041728243231773376,
    "price_change_10d": 0.040271956473588943,
    "price_change_5d": 0.039715178310871124
  }
}