{
  "ticker": "6643.TWO",
  "model_type": "XGBoost",
  "model_accuracy": 0.5118110236220472,
  "feature_importance": {
    "sma_200": 0.06656798720359802,
    "sma_30": 0.06196693331003189,
    "obv_ma20": 0.06181486323475838,
    "sma_10": 0.060544680804014206,
    "sma_50": 0.05913020670413971,
    "macd_signal": 0.058989524841308594,
    "atr": 0.05528179928660393,
    "obv": 0.05332807078957558,
    "bb_position": 0.05251925438642502,
    "price_change_20d": 0.049740128219127655,
    "macd_hist": 0.04895821958780289,
    "volatility": 0.04815570265054703,
    "macd": 0.047740790992975235,
    "D": 0.04742395505309105,
    "rsi": 0.046613432466983795,
    "price_change_10d": 0.04661276936531067,
    "K": 0.04560692980885506,
    "price_change_5d": 0.04542900249361992,
    "ma50_slope": 0.043575726449489594
  }
}