{
  "ticker": "6668.TW",
  "analysis_date": "2026-01-12",
  "model_accuracy": 0.5201072386058981,
  "feature_importance": {
    "MA_20": 0.08335232874659892,
    "OBV": 0.0737751336734675,
    "MA_50": 0.07210899236425346,
    "OBV_MA": 0.0712265473624497,
    "macd": 0.06468753651959472,
    "MA_200": 0.06465223802877586,
    "ATR": 0.062396931935075825,
    "macd_signal": 0.06123064154370939,
    "MA50_slope": 0.05806373519108508,
    "volatility": 0.05602782634894487,
    "macd_hist": 0.051801435443416845,
    "price_change_5d": 0.05161158502827245,
    "bb_position": 0.05117787000587292,
    "price_change_20d": 0.04779368003613166,
    "K": 0.04562653876354477,
    "D": 0.04512543521094039,
    "rsi": 0.03934154379786554
  }
}