{
  "ticker": "6669.TW",
  "model_type": "XGBoost",
  "model_accuracy": 0.5588235294117647,
  "feature_importance": {
    "sma_10": 0.06531711667776108,
    "sma_50": 0.06221012771129608,
    "obv": 0.06147858500480652,
    "obv_ma20": 0.0592532679438591,
    "sma_200": 0.05899704620242119,
    "sma_30": 0.05858616158366203,
    "ma50_slope": 0.054287441074848175,
    "atr": 0.053972065448760986,
    "price_change_5d": 0.05168547481298447,
    "macd_hist": 0.05041404813528061,
    "macd": 0.05030424892902374,
    "K": 0.04951777681708336,
    "D": 0.048708509653806686,
    "price_change_20d": 0.048641934990882874,
    "price_change_10d": 0.04692608490586281,
    "macd_signal": 0.04653233662247658,
    "volatility": 0.046455733478069305,
    "bb_position": 0.044288270175457,
    "rsi": 0.04242374375462532
  }
}