{
  "ticker": "6669.TW",
  "analysis_date": "2026-01-12",
  "model_accuracy": 0.4533333333333333,
  "feature_importance": {
    "ATR": 0.07383325182307474,
    "MA_50": 0.07177284892182303,
    "MA50_slope": 0.0685192833962848,
    "MA_20": 0.06766918004229126,
    "OBV_MA": 0.06082938730292489,
    "OBV": 0.060154172443337595,
    "MA_200": 0.0601311702503948,
    "price_change_20d": 0.05951815872303926,
    "price_change_5d": 0.05899067302820869,
    "macd_hist": 0.05678669160378282,
    "volatility": 0.05663058168459159,
    "macd": 0.054775346063208,
    "macd_signal": 0.0547363741895824,
    "D": 0.05027331791465553,
    "bb_position": 0.05018927689825974,
    "K": 0.04864471790320496,
    "rsi": 0.046545567811335974
  }
}