{
  "ticker": "6683.TWO",
  "analysis_date": "2026-02-04",
  "model_accuracy": 0.5942857142857143,
  "best_horizon_days": 10,
  "feature_importance": {
    "MA_20": 0.10963144153356552,
    "volume_ma_20": 0.06767166405916214,
    "MA50_slope": 0.06212162598967552,
    "MA_50": 0.05961788073182106,
    "MA_200": 0.05661021173000336,
    "ATR": 0.05300644412636757,
    "volatility_50": 0.05144947022199631,
    "volatility_10": 0.04799081012606621,
    "macd_signal": 0.04528006911277771,
    "volatility": 0.04408148676156998,
    "macd_hist": 0.04124828055500984,
    "volume_ma_5": 0.039534520357847214,
    "macd": 0.03665335848927498,
    "price_change_20d": 0.03540089726448059,
    "bb_position": 0.031909164041280746,
    "return_3d": 0.026232866570353508,
    "K": 0.02531477063894272,
    "rsi": 0.023913327604532242,
    "return_1d": 0.022818967700004578,
    "OBV_MA": 0.02236826717853546,
    "OBV": 0.02137036994099617,
    "return_2d": 0.02060168795287609,
    "D": 0.020022200420498848,
    "price_change_5d": 0.019154785200953484,
    "volume_change_1d": 0.01599537394940853,
    "return_5d": 0.0
  }
}