{
  "ticker": "6706.TW",
  "model_type": "XGBoost",
  "model_accuracy": 0.5987654320987654,
  "feature_importance": {
    "ma50_slope": 0.06921543926000595,
    "obv_ma20": 0.06399510055780411,
    "macd_signal": 0.060711149126291275,
    "volatility": 0.06060314178466797,
    "sma_200": 0.05904403328895569,
    "obv": 0.05625734478235245,
    "sma_10": 0.055363062769174576,
    "sma_50": 0.054665639996528625,
    "sma_30": 0.05314414203166962,
    "macd": 0.05272972583770752,
    "bb_position": 0.05251576006412506,
    "rsi": 0.050443872809410095,
    "price_change_10d": 0.04752591997385025,
    "price_change_5d": 0.04689384624361992,
    "atr": 0.04655960202217102,
    "macd_hist": 0.04609890654683113,
    "D": 0.045135531574487686,
    "K": 0.03994522988796234,
    "price_change_20d": 0.039152514189481735
  }
}