{
  "ticker": "6770.TW",
  "analysis_date": "2026-01-28",
  "model_accuracy": 0.5422222222222223,
  "feature_importance": {
    "OBV": 0.06800429540142915,
    "macd_hist": 0.06581882293831884,
    "price_change_5d": 0.06489648748086548,
    "MA_200": 0.06444563208434381,
    "bb_position": 0.06382986235043286,
    "ATR": 0.06259505217383492,
    "volatility": 0.06176033173987462,
    "macd_signal": 0.060914872740481754,
    "MA_50": 0.06022235552757626,
    "OBV_MA": 0.06022073668873021,
    "MA_20": 0.0594952705880956,
    "MA50_slope": 0.05839187009866101,
    "macd": 0.05265749769644734,
    "D": 0.051483476459984766,
    "price_change_20d": 0.04954529418218203,
    "K": 0.048095539996809426,
    "rsi": 0.04762260185193203
  }
}