{
  "ticker": "6770.TW",
  "analysis_date": "2026-01-06",
  "model_accuracy": 0.4936708860759494,
  "feature_importance": {
    "MA_50": 0.073889271846838,
    "OBV": 0.07020527885500608,
    "macd_hist": 0.06986103154264234,
    "MA_20": 0.06982132832377758,
    "price_change_5d": 0.06746201741948778,
    "OBV_MA": 0.06037836642102297,
    "macd_signal": 0.05925339737267739,
    "bb_position": 0.059087489470620515,
    "volatility": 0.0573863934022047,
    "MA50_slope": 0.0565297263489954,
    "macd": 0.05484594615280848,
    "MA_200": 0.05471102050024984,
    "price_change_20d": 0.05393994618091679,
    "rsi": 0.05339218116331521,
    "ATR": 0.0488858241901603,
    "D": 0.04689356062937226,
    "K": 0.04345722017990434
  }
}