{
  "ticker": "6770.TW",
  "analysis_date": "2026-01-24",
  "model_accuracy": 0.5244444444444445,
  "feature_importance": {
    "OBV": 0.06934794237996927,
    "macd_hist": 0.06618844583174482,
    "price_change_5d": 0.06487895797007746,
    "bb_position": 0.06430523052686825,
    "MA_200": 0.06334229638101847,
    "ATR": 0.06300436913653,
    "volatility": 0.062077444543634445,
    "MA_50": 0.061448900128304056,
    "macd_signal": 0.061344355081460356,
    "OBV_MA": 0.05921405609217874,
    "MA_20": 0.058950958841878134,
    "MA50_slope": 0.058800948227374306,
    "macd": 0.05193262425566359,
    "D": 0.0513794996539203,
    "price_change_20d": 0.049014960173693306,
    "rsi": 0.04762177708685439,
    "K": 0.04714723368883008
  }
}