{
  "ticker": "6781.TW",
  "analysis_date": "2026-01-28",
  "model_accuracy": 0.4835680751173709,
  "feature_importance": {
    "MA_20": 0.08171623042197756,
    "OBV_MA": 0.07594971074716211,
    "macd_signal": 0.07151909753900311,
    "volatility": 0.06954196206566525,
    "OBV": 0.06672527780114501,
    "ATR": 0.06635464877550065,
    "MA_50": 0.06629577610119151,
    "MA_200": 0.06357001673651543,
    "macd": 0.058669491357137955,
    "macd_hist": 0.05675379145133167,
    "D": 0.05178825278076047,
    "price_change_20d": 0.047436647765780604,
    "rsi": 0.04725423363674095,
    "MA50_slope": 0.04666808767420663,
    "price_change_5d": 0.044839683439561615,
    "bb_position": 0.04413556307969732,
    "K": 0.04078152862662208
  }
}