{
  "ticker": "6781.TW",
  "analysis_date": "2025-12-30",
  "model_accuracy": 0.6216216216216216,
  "feature_importance": {
    "MA_20": 0.09106870918591878,
    "OBV_MA": 0.07672435118396466,
    "macd_signal": 0.07514722467417953,
    "ATR": 0.07057277809892984,
    "OBV": 0.06813978653838317,
    "MA_50": 0.06652662135335444,
    "macd": 0.06463400984969223,
    "macd_hist": 0.06111886343993805,
    "volatility": 0.05340108562040802,
    "rsi": 0.0525025699838902,
    "price_change_5d": 0.05067552933275388,
    "D": 0.04860756348526833,
    "bb_position": 0.04838317630273385,
    "price_change_20d": 0.04626633382040725,
    "MA_200": 0.046068437491867405,
    "MA50_slope": 0.04562561160981712,
    "K": 0.034537348028493384
  }
}