{
  "ticker": "6789.TW",
  "model_type": "XGBoost",
  "model_accuracy": 0.5952380952380952,
  "feature_importance": {
    "sma_200": 0.07385355979204178,
    "sma_50": 0.07305370271205902,
    "sma_10": 0.07282550632953644,
    "macd_signal": 0.05896324664354324,
    "sma_30": 0.05742941424250603,
    "macd": 0.05537259951233864,
    "obv": 0.0518270805478096,
    "atr": 0.050746601074934006,
    "volatility": 0.050252094864845276,
    "price_change_5d": 0.049776915460824966,
    "ma50_slope": 0.049099743366241455,
    "macd_hist": 0.047099657356739044,
    "bb_position": 0.045707445591688156,
    "obv_ma20": 0.045625872910022736,
    "price_change_20d": 0.045346856117248535,
    "D": 0.04506435617804527,
    "price_change_10d": 0.04375674948096275,
    "K": 0.042929474264383316,
    "rsi": 0.04126911982893944
  }
}