{
  "ticker": "6805.TW",
  "analysis_date": "2026-02-25",
  "model_accuracy": 0.4,
  "feature_importance": {
    "MA_20": 0.09829037742629904,
    "macd_signal": 0.08414472087949773,
    "OBV_MA": 0.07639425583658702,
    "ATR": 0.06745430696731135,
    "volatility": 0.06742970209370173,
    "MA_50": 0.06664007047488585,
    "macd_hist": 0.06033798802446657,
    "macd": 0.05605855997594864,
    "OBV": 0.05274154269480005,
    "bb_position": 0.05176855993667764,
    "MA_200": 0.05034396881612174,
    "MA50_slope": 0.049167796036362246,
    "rsi": 0.04661491494288273,
    "K": 0.04655140496211528,
    "price_change_20d": 0.04283941963398107,
    "price_change_5d": 0.041833445152940046,
    "D": 0.041388966145421285
  }
}