{
  "ticker": "6830.TW",
  "model_type": "XGBoost",
  "model_accuracy": 0.625,
  "feature_importance": {
    "sma_10": 0.08508899062871933,
    "sma_200": 0.06437752395868301,
    "sma_30": 0.06132819131016731,
    "sma_50": 0.05844935029745102,
    "atr": 0.05407722294330597,
    "macd": 0.053380317986011505,
    "D": 0.05318309739232063,
    "macd_signal": 0.05292404070496559,
    "price_change_20d": 0.0521167516708374,
    "obv_ma20": 0.05094277113676071,
    "price_change_10d": 0.050605326890945435,
    "volatility": 0.04965793713927269,
    "macd_hist": 0.0495687872171402,
    "K": 0.04658639803528786,
    "ma50_slope": 0.04600458964705467,
    "obv": 0.0455038845539093,
    "price_change_5d": 0.043718643486499786,
    "rsi": 0.04190516099333763,
    "bb_position": 0.04058093577623367
  }
}