{
  "ticker": "6834.TW",
  "analysis_date": "2026-06-09",
  "model_accuracy": 0.5235602094240838,
  "feature_importance": {
    "OBV": 0.08470028240234105,
    "macd_signal": 0.0735412226119988,
    "MA_20": 0.0728983516301458,
    "OBV_MA": 0.0714611966793523,
    "MA_50": 0.0682478982539273,
    "ATR": 0.06470772926600059,
    "macd": 0.06099689152074975,
    "volatility": 0.0595827942198403,
    "MA_200": 0.05844969697471053,
    "MA50_slope": 0.05564455398722527,
    "macd_hist": 0.0545529286641096,
    "price_change_20d": 0.0530097379280192,
    "rsi": 0.048164507891283896,
    "K": 0.045173036316612895,
    "D": 0.04412568355720664,
    "bb_position": 0.043851296556096174,
    "price_change_5d": 0.04089219154037994
  }
}