{
  "ticker": "6835.TW",
  "accuracy": 0.4329896907216495,
  "features": {
    "rsi": 0.1525062924636498,
    "macd": 0.16801809300907183,
    "macd_signal": 0.15196264040441818,
    "sma_10": 0.16687803324635667,
    "sma_30": 0.1770420643047122,
    "sma_50": 0.18359287657179135
  }
}