{
  "ticker": "6877.TWO",
  "model_type": "XGBoost",
  "model_accuracy": 0.7074829931972789,
  "feature_importance": {
    "sma_200": 0.0908081978559494,
    "sma_10": 0.07268282026052475,
    "obv": 0.06966172903776169,
    "macd": 0.06747735291719437,
    "obv_ma20": 0.06719310581684113,
    "macd_signal": 0.06716594099998474,
    "sma_30": 0.06070786714553833,
    "sma_50": 0.05884578078985214,
    "ma50_slope": 0.05080576613545418,
    "volatility": 0.048774056136608124,
    "atr": 0.046143077313899994,
    "bb_position": 0.044373780488967896,
    "price_change_10d": 0.04409405216574669,
    "price_change_20d": 0.041026659309864044,
    "rsi": 0.03833087533712387,
    "K": 0.03562222793698311,
    "price_change_5d": 0.034069232642650604,
    "macd_hist": 0.03179113194346428,
    "D": 0.030426369979977608
  }
}