{
  "ticker": "6894.TWO",
  "model_type": "XGBoost",
  "model_accuracy": 0.7086614173228346,
  "feature_importance": {
    "sma_200": 0.0866529569029808,
    "obv": 0.0840676873922348,
    "price_change_20d": 0.07408862560987473,
    "macd_signal": 0.06455401331186295,
    "macd": 0.057968977838754654,
    "sma_30": 0.05650632083415985,
    "volatility": 0.054488491266965866,
    "atr": 0.053890276700258255,
    "sma_50": 0.05113454908132553,
    "rsi": 0.04755955934524536,
    "price_change_5d": 0.04743184521794319,
    "sma_10": 0.046684399247169495,
    "K": 0.04667951166629791,
    "ma50_slope": 0.042574215680360794,
    "obv_ma20": 0.04213717579841614,
    "price_change_10d": 0.04095472767949104,
    "D": 0.03956172987818718,
    "macd_hist": 0.03310094773769379,
    "bb_position": 0.029964029788970947
  }
}