{
  "ticker": "6958.TW",
  "accuracy": 0.5490196078431373,
  "features": {
    "rsi": 0.14958939712263847,
    "macd": 0.17614552297304123,
    "macd_signal": 0.161862104337588,
    "sma_10": 0.19586394515942218,
    "sma_30": 0.15761722582956522,
    "sma_50": 0.15892180457774488
  }
}