{
  "ticker": "6994.TW",
  "model_type": "XGBoost",
  "model_accuracy": 0.7457627118644068,
  "feature_importance": {
    "macd_signal": 0.12095798552036285,
    "volatility": 0.08120699226856232,
    "sma_10": 0.07818778604269028,
    "obv": 0.059479422867298126,
    "sma_30": 0.05827280879020691,
    "sma_50": 0.05535474047064781,
    "macd_hist": 0.05447184294462204,
    "price_change_5d": 0.05048367753624916,
    "D": 0.048611465841531754,
    "obv_ma20": 0.0483027808368206,
    "macd": 0.04485573619604111,
    "price_change_20d": 0.04362894222140312,
    "ma50_slope": 0.040186408907175064,
    "rsi": 0.03937090188264847,
    "bb_position": 0.038769546896219254,
    "K": 0.03745546564459801,
    "sma_200": 0.03672246262431145,
    "price_change_10d": 0.03595155477523804,
    "atr": 0.02772945538163185
  }
}