{
  "ticker": "7709.TWO",
  "analysis_date": "2026-01-31",
  "model_accuracy": 0.5657894736842105,
  "feature_importance": {
    "MA_20": 0.10500918452786018,
    "volatility": 0.08846744523963343,
    "MA_50": 0.07133998525061158,
    "macd_hist": 0.06764689356867896,
    "OBV_MA": 0.06203714417250485,
    "K": 0.06073007083243767,
    "macd": 0.056673455309023096,
    "bb_position": 0.055761630687353396,
    "D": 0.05526131974836538,
    "ATR": 0.054989895973708534,
    "macd_signal": 0.0535355743090566,
    "OBV": 0.05344926832937828,
    "MA50_slope": 0.04777037142531675,
    "price_change_5d": 0.045104646880918885,
    "price_change_20d": 0.04318602890558119,
    "rsi": 0.04311862045715167,
    "MA_200": 0.035918464382419586
  }
}