{
  "ticker": "8021.TW",
  "model_type": "XGBoost",
  "model_accuracy": 0.6875,
  "feature_importance": {
    "volatility": 0.0874120220541954,
    "obv": 0.0663159042596817,
    "obv_ma20": 0.061045773327350616,
    "sma_200": 0.06056838855147362,
    "macd_signal": 0.05810084193944931,
    "sma_30": 0.057882364839315414,
    "sma_50": 0.056881263852119446,
    "macd": 0.0560205839574337,
    "sma_10": 0.05599205195903778,
    "price_change_20d": 0.05449472367763519,
    "ma50_slope": 0.05440622195601463,
    "atr": 0.053502973169088364,
    "rsi": 0.044494226574897766,
    "bb_position": 0.04234852269291878,
    "price_change_5d": 0.040898386389017105,
    "macd_hist": 0.040219224989414215,
    "price_change_10d": 0.03893577679991722,
    "D": 0.035492487251758575,
    "K": 0.034988291561603546
  }
}