{
  "ticker": "8021.TW",
  "analysis_date": "2026-01-11",
  "model_accuracy": 0.5145631067961165,
  "feature_importance": {
    "MA_50": 0.07331029439196772,
    "MA_200": 0.07201340416901837,
    "OBV_MA": 0.07153204306923756,
    "MA_20": 0.07132377770259364,
    "MA50_slope": 0.06739325104784577,
    "ATR": 0.06176037542041479,
    "OBV": 0.06120937013131415,
    "macd_signal": 0.06038200196247406,
    "volatility": 0.06029736113056754,
    "macd": 0.05988486672735178,
    "macd_hist": 0.054901838181123735,
    "price_change_5d": 0.050347073607331136,
    "D": 0.04951707392461695,
    "price_change_20d": 0.048008904254167414,
    "bb_position": 0.04782540026848751,
    "K": 0.046092941479841,
    "rsi": 0.044200022531646795
  }
}