{
  "ticker": "8021.TW",
  "analysis_date": "2026-01-31",
  "model_accuracy": 0.5398058252427185,
  "feature_importance": {
    "MA_50": 0.07374072413440211,
    "MA_20": 0.07217303744987359,
    "MA_200": 0.07199347480196959,
    "MA50_slope": 0.0695986211705735,
    "OBV_MA": 0.06830385747113007,
    "OBV": 0.06302545914890308,
    "macd_signal": 0.06161532924826919,
    "macd": 0.05944582590626542,
    "ATR": 0.05865417980751234,
    "volatility": 0.05817730765860418,
    "macd_hist": 0.05497744353140085,
    "D": 0.050342849523777294,
    "price_change_5d": 0.049851020052605166,
    "K": 0.04764322927748793,
    "bb_position": 0.047201993781331074,
    "rsi": 0.04682108363156369,
    "price_change_20d": 0.046434563404330824
  }
}