{
  "ticker": "8033.TW",
  "analysis_date": "2026-01-24",
  "model_accuracy": 0.5339805825242718,
  "feature_importance": {
    "MA_50": 0.07791087901322519,
    "OBV_MA": 0.0736579178287377,
    "MA_20": 0.07335800039198577,
    "MA_200": 0.0638767090253188,
    "bb_position": 0.061893854908924836,
    "OBV": 0.06186313239395535,
    "MA50_slope": 0.059536134132411656,
    "volatility": 0.058464135965232256,
    "price_change_20d": 0.057124611263973335,
    "D": 0.0556541904651154,
    "macd": 0.053704918581010855,
    "macd_signal": 0.05296825095779654,
    "K": 0.0522745682696371,
    "price_change_5d": 0.051999490655764896,
    "macd_hist": 0.05142181029822329,
    "ATR": 0.04748519705128406,
    "rsi": 0.046806198797402915
  }
}