{
  "ticker": "8039.TW",
  "model_type": "XGBoost",
  "model_accuracy": 0.6592741935483871,
  "feature_importance": {
    "obv_ma20": 0.06544876098632812,
    "sma_10": 0.0646846815943718,
    "sma_200": 0.06358857452869415,
    "obv": 0.061660248786211014,
    "volatility": 0.06155132129788399,
    "macd_signal": 0.05951675400137901,
    "sma_30": 0.057990122586488724,
    "sma_50": 0.05731813982129097,
    "price_change_20d": 0.05574581027030945,
    "atr": 0.05351001396775246,
    "D": 0.049059368669986725,
    "macd": 0.04873296990990639,
    "macd_hist": 0.0473247729241848,
    "K": 0.046856123954057693,
    "ma50_slope": 0.04512738063931465,
    "price_change_5d": 0.04223743453621864,
    "price_change_10d": 0.0421488992869854,
    "rsi": 0.04180988296866417,
    "bb_position": 0.03568868339061737
  }
}