{
  "ticker": "8046.TW",
  "analysis_date": "2026-02-25",
  "model_accuracy": 0.47572815533980584,
  "feature_importance": {
    "OBV_MA": 0.0743031550518835,
    "MA_200": 0.07262277952478693,
    "MA50_slope": 0.06699149542067351,
    "OBV": 0.06547227181167534,
    "MA_20": 0.06519812731335496,
    "MA_50": 0.0633462884161904,
    "macd_hist": 0.06254850026787209,
    "volatility": 0.061096250098060176,
    "macd": 0.05879525441031298,
    "macd_signal": 0.05774199975355654,
    "price_change_20d": 0.05774119910922562,
    "ATR": 0.055904045331058166,
    "price_change_5d": 0.0526434879575323,
    "D": 0.04923624822483298,
    "rsi": 0.04791426900036912,
    "bb_position": 0.04642633452193171,
    "K": 0.04201829378668387
  }
}