{
  "ticker": "8046.TW",
  "analysis_date": "2026-01-24",
  "model_accuracy": 0.47184466019417476,
  "feature_importance": {
    "OBV_MA": 0.07443466744946933,
    "MA_200": 0.06922656273685554,
    "MA50_slope": 0.06580850828033245,
    "MA_20": 0.06550745961847956,
    "OBV": 0.06498253678294721,
    "MA_50": 0.06272763480250834,
    "macd_hist": 0.06128783599671457,
    "macd": 0.05993628623942419,
    "volatility": 0.05977962067079722,
    "price_change_20d": 0.0581433956093991,
    "macd_signal": 0.05796316713860184,
    "ATR": 0.05767359952498749,
    "price_change_5d": 0.053671219390908353,
    "D": 0.050637278347443554,
    "rsi": 0.05009634285251264,
    "bb_position": 0.045632336324630776,
    "K": 0.04249154823398788
  }
}