{
  "ticker": "8046.TW",
  "analysis_date": "2026-01-28",
  "model_accuracy": 0.4679611650485437,
  "feature_importance": {
    "OBV_MA": 0.07502871911008635,
    "MA_200": 0.07093946070369028,
    "MA_20": 0.06503273182163416,
    "OBV": 0.06497966800081119,
    "MA50_slope": 0.06382621490401444,
    "MA_50": 0.062156822616639004,
    "macd_hist": 0.0616250474671978,
    "volatility": 0.06146631840429631,
    "macd": 0.060294133551703544,
    "price_change_20d": 0.058932030189582825,
    "macd_signal": 0.057926195946907295,
    "ATR": 0.05646424707647914,
    "price_change_5d": 0.0536846922917171,
    "D": 0.0503819906669844,
    "rsi": 0.049341311924872074,
    "bb_position": 0.04587473332334075,
    "K": 0.042045682000043424
  }
}