{
  "ticker": "8064.TWO",
  "model_type": "XGBoost",
  "model_accuracy": 0.5463709677419355,
  "feature_importance": {
    "macd": 0.06620091199874878,
    "sma_10": 0.06425285339355469,
    "sma_200": 0.0632752776145935,
    "macd_signal": 0.05799483507871628,
    "volatility": 0.056243568658828735,
    "obv_ma20": 0.055832259356975555,
    "obv": 0.05532786622643471,
    "sma_30": 0.05394909530878067,
    "ma50_slope": 0.0516817606985569,
    "atr": 0.051160991191864014,
    "sma_50": 0.050805866718292236,
    "price_change_5d": 0.05019474774599075,
    "D": 0.050041235983371735,
    "price_change_20d": 0.04954037815332413,
    "rsi": 0.048969365656375885,
    "bb_position": 0.0486491397023201,
    "K": 0.04491405934095383,
    "macd_hist": 0.04328250512480736,
    "price_change_10d": 0.03768319636583328
  }
}