{
  "ticker": "8069.TWO",
  "model_type": "XGBoost",
  "model_accuracy": 0.655241935483871,
  "feature_importance": {
    "sma_50": 0.0694805160164833,
    "sma_200": 0.06366678327322006,
    "obv_ma20": 0.0636267438530922,
    "sma_30": 0.06222132220864296,
    "sma_10": 0.05963100492954254,
    "obv": 0.057347916066646576,
    "volatility": 0.054049305617809296,
    "macd_signal": 0.05289355665445328,
    "price_change_20d": 0.050753675401210785,
    "ma50_slope": 0.05064956471323967,
    "rsi": 0.050069697201251984,
    "macd_hist": 0.04984850063920021,
    "D": 0.04957433044910431,
    "atr": 0.04927294701337814,
    "price_change_5d": 0.048016343265771866,
    "bb_position": 0.045099686831235886,
    "macd": 0.04502125829458237,
    "K": 0.039631374180316925,
    "price_change_10d": 0.03914548456668854
  }
}