{
  "ticker": "8086.TWO",
  "model_type": "XGBoost",
  "model_accuracy": 0.4475806451612903,
  "feature_importance": {
    "sma_200": 0.0665176585316658,
    "sma_50": 0.0648125484585762,
    "obv_ma20": 0.06459040939807892,
    "sma_30": 0.06079423055052757,
    "sma_10": 0.06040627509355545,
    "macd_signal": 0.057481203228235245,
    "volatility": 0.05536884814500809,
    "obv": 0.05437562242150307,
    "price_change_20d": 0.05344077944755554,
    "atr": 0.05310864746570587,
    "macd": 0.05303018540143967,
    "price_change_5d": 0.05118510127067566,
    "ma50_slope": 0.05080621689558029,
    "rsi": 0.04756417125463486,
    "D": 0.04415452852845192,
    "K": 0.04407884180545807,
    "bb_position": 0.041049595922231674,
    "macd_hist": 0.040425077080726624,
    "price_change_10d": 0.03681015223264694
  }
}