{
  "ticker": "8110.TW",
  "analysis_date": "2025-12-30",
  "model_accuracy": 0.46153846153846156,
  "feature_importance": {
    "MA_200": 0.06907995364576455,
    "MA50_slope": 0.06757051110409797,
    "macd_signal": 0.06725924644127107,
    "MA_20": 0.06723498655069533,
    "OBV_MA": 0.06572529916560951,
    "OBV": 0.06497984781913207,
    "macd": 0.06251494136876035,
    "volatility": 0.061080797577443446,
    "ATR": 0.06036142339277844,
    "MA_50": 0.058777313756066284,
    "price_change_5d": 0.05758140440665693,
    "macd_hist": 0.05590616413934016,
    "price_change_20d": 0.05319827181084958,
    "bb_position": 0.04915898715555497,
    "rsi": 0.04756618265809437,
    "K": 0.046736168926021275,
    "D": 0.045268500081863755
  }
}