{
  "ticker": "8110.TW",
  "company": "華東",
  "model_type": "XGBoost",
  "model_accuracy": 0.7224264705882353,
  "feature_importance": {
    "sma_200": 0.0648038238286972,
    "macd": 0.06369747966527939,
    "obv_ma20": 0.060976263135671616,
    "ma50_slope": 0.06070743501186371,
    "obv": 0.05966174602508545,
    "sma_30": 0.05700945109128952,
    "sma_50": 0.05680467188358307,
    "volatility": 0.05638353154063225,
    "atr": 0.056077368557453156,
    "price_change_20d": 0.05414062738418579,
    "macd_signal": 0.053712423890829086,
    "sma_10": 0.05168706923723221,
    "macd_hist": 0.04924260452389717,
    "D": 0.04703984409570694,
    "price_change_5d": 0.04514673352241516,
    "rsi": 0.04353431612253189,
    "price_change_10d": 0.042404912412166595,
    "bb_position": 0.03964639827609062,
    "K": 0.03732329234480858
  }
}