{
  "ticker": "8131.TW",
  "name": "福懋科",
  "analysis_date": "2025-12-25",
  "model_accuracy": 0.4608501118568233,
  "data_points": 2234,
  "feature_importance": {
    "MA50_slope": 0.06830662299357221,
    "ATR": 0.06736313890226436,
    "MA_20": 0.0658243080009887,
    "MA_200": 0.0651477320975354,
    "macd_signal": 0.06486852543143597,
    "OBV_MA": 0.0643251283777872,
    "volatility": 0.06311894413027212,
    "MA_50": 0.06023554304561457,
    "macd_hist": 0.059297895674130074,
    "macd": 0.0591166531827849,
    "OBV": 0.05368227083891108,
    "D": 0.053317961467055565,
    "price_change_5d": 0.05303057213261216,
    "K": 0.05145329187230002,
    "bb_position": 0.05142340752078213,
    "rsi": 0.05084642905489887,
    "price_change_20d": 0.04864157527705461
  }
}