{
  "ticker": "8131.TW",
  "analysis_date": "2026-01-09",
  "model_accuracy": 0.5990888382687927,
  "feature_importance": {
    "MA50_slope": 0.0750279290506119,
    "ATR": 0.06616077663563363,
    "volatility": 0.0657735825908539,
    "MA_50": 0.06484689013972873,
    "MA_20": 0.06326705621049981,
    "macd_hist": 0.06120005109317238,
    "macd_signal": 0.06078600245314084,
    "MA_200": 0.05869943666033864,
    "macd": 0.057908880870403,
    "OBV": 0.05720699114285939,
    "D": 0.05709467029905601,
    "bb_position": 0.05422873718340571,
    "OBV_MA": 0.05396583939595102,
    "price_change_5d": 0.0527746306013154,
    "K": 0.05250391173343382,
    "price_change_20d": 0.05028499895051095,
    "rsi": 0.04826961498908479
  }
}