{
  "ticker": "8150.TW",
  "analysis_date": "2026-02-25",
  "model_accuracy": 0.537864077669903,
  "feature_importance": {
    "MA_20": 0.08185019579005445,
    "OBV_MA": 0.07479353072326987,
    "OBV": 0.07041751482346198,
    "MA_50": 0.06836912768304973,
    "MA50_slope": 0.0650961632839457,
    "volatility": 0.06504601505838933,
    "MA_200": 0.064558172727507,
    "macd_hist": 0.06125149722121405,
    "ATR": 0.058477277277496686,
    "macd_signal": 0.05591463205375406,
    "macd": 0.05587625220406874,
    "rsi": 0.05187214805806789,
    "price_change_5d": 0.048357698028771656,
    "price_change_20d": 0.04833228502918683,
    "bb_position": 0.04566792067224372,
    "K": 0.0426532788943197,
    "D": 0.04146629047119861
  }
}