{
  "ticker": "8150.TW",
  "analysis_date": "2026-01-12",
  "model_accuracy": 0.5359223300970873,
  "feature_importance": {
    "MA_20": 0.08585544011544664,
    "OBV_MA": 0.07452965462026064,
    "OBV": 0.06911045788333813,
    "MA_200": 0.06690256245375518,
    "MA_50": 0.0663965156326187,
    "MA50_slope": 0.0645468460241856,
    "volatility": 0.06346967324527682,
    "macd_hist": 0.061460114280642804,
    "ATR": 0.057810833557342595,
    "macd_signal": 0.05680454168711512,
    "macd": 0.05613845494204526,
    "rsi": 0.052845724844124184,
    "price_change_20d": 0.047915862599921,
    "price_change_5d": 0.04622627545091236,
    "bb_position": 0.045998871182434536,
    "K": 0.042577536367037656,
    "D": 0.04141063511354276
  }
}