{
  "ticker": "8210.TW",
  "analysis_date": "2025-12-30",
  "model_accuracy": 0.5794871794871795,
  "feature_importance": {
    "OBV": 0.07428596528478112,
    "volatility": 0.07369323819268041,
    "MA_200": 0.07111490072892006,
    "MA_50": 0.06907464117255141,
    "MA_20": 0.06746039888535152,
    "OBV_MA": 0.06722542164362275,
    "MA50_slope": 0.06237374365501593,
    "ATR": 0.06127029171759798,
    "macd": 0.058263286121457016,
    "macd_signal": 0.057135833964444806,
    "D": 0.05242168452618373,
    "macd_hist": 0.05144688589275152,
    "price_change_20d": 0.05018079410824636,
    "rsi": 0.048317207115587804,
    "bb_position": 0.0472686138040737,
    "K": 0.047165514794908416,
    "price_change_5d": 0.041301578391825605
  }
}