{
  "ticker": "8210.TW",
  "analysis_date": "2026-01-24",
  "model_accuracy": 0.5475728155339806,
  "feature_importance": {
    "MA_50": 0.07402977550270509,
    "MA_20": 0.07190544103509529,
    "MA_200": 0.07039265081207931,
    "OBV_MA": 0.06988870379197488,
    "OBV": 0.06833893799675037,
    "MA50_slope": 0.0667306971572073,
    "ATR": 0.06669546162746609,
    "volatility": 0.06405467015016408,
    "macd_signal": 0.06371440365854174,
    "macd": 0.05534173067579846,
    "price_change_20d": 0.050703948653426964,
    "macd_hist": 0.04945310378831391,
    "bb_position": 0.04944867752624504,
    "D": 0.04701341128814178,
    "rsi": 0.04446035640561802,
    "price_change_5d": 0.04427973025189948,
    "K": 0.04354829967857226
  }
}