{
  "ticker": "8222.TW",
  "analysis_date": "2026-01-12",
  "model_accuracy": 0.5087378640776699,
  "feature_importance": {
    "OBV_MA": 0.07383917713950339,
    "MA_50": 0.07204982594637917,
    "OBV": 0.07175160495987255,
    "ATR": 0.06770918376130432,
    "MA_20": 0.06604810361329408,
    "MA50_slope": 0.06227643869888333,
    "MA_200": 0.06018279882821025,
    "macd_hist": 0.05756085560647809,
    "macd_signal": 0.05644768274253171,
    "volatility": 0.056139164485810605,
    "macd": 0.05439549105863224,
    "price_change_5d": 0.05300002375571153,
    "price_change_20d": 0.05284034021774784,
    "K": 0.050888794687090844,
    "rsi": 0.050429632470968745,
    "bb_position": 0.049748048286116314,
    "D": 0.04469283374146506
  }
}