{
  "ticker": "8299.TWO",
  "model_type": "XGBoost",
  "model_accuracy": 0.39299610894941633,
  "feature_importance": {
    "obv_ma20": 0.07176018506288528,
    "sma_50": 0.07112915068864822,
    "sma_30": 0.06514625996351242,
    "sma_200": 0.06097286567091942,
    "atr": 0.05646418407559395,
    "volatility": 0.05513583496212959,
    "macd_signal": 0.0536649264395237,
    "obv": 0.05242917314171791,
    "sma_10": 0.05031183734536171,
    "macd": 0.05022936314344406,
    "D": 0.0492408387362957,
    "macd_hist": 0.04866417497396469,
    "price_change_10d": 0.046262770891189575,
    "rsi": 0.0459536649286747,
    "ma50_slope": 0.045648541301488876,
    "price_change_20d": 0.045145098119974136,
    "bb_position": 0.04495785012841225,
    "price_change_5d": 0.04361383616924286,
    "K": 0.04326945170760155
  }
}