{
  "ticker": "8341.TW",
  "accuracy": 0.458252427184466,
  "features": {
    "rsi": 0.1252739973674007,
    "macd": 0.15945324042769685,
    "macd_signal": 0.15940776381804644,
    "sma_10": 0.1833769401557474,
    "sma_30": 0.18705919992745507,
    "sma_50": 0.18542885830365366
  }
}