{
  "ticker": "8438.TW",
  "model_type": "XGBoost",
  "model_accuracy": 0.539714867617108,
  "feature_importance": {
    "atr": 0.08785638213157654,
    "sma_10": 0.07706296443939209,
    "volatility": 0.06284992396831512,
    "sma_200": 0.05974237248301506,
    "macd": 0.05781702697277069,
    "obv": 0.05688922479748726,
    "macd_signal": 0.055653735995292664,
    "obv_ma20": 0.05187259986996651,
    "sma_50": 0.05109093710780144,
    "price_change_20d": 0.04702325910329819,
    "ma50_slope": 0.04623547941446304,
    "K": 0.04528980329632759,
    "macd_hist": 0.04515549913048744,
    "rsi": 0.04510732367634773,
    "D": 0.04309127479791641,
    "bb_position": 0.04302752763032913,
    "sma_30": 0.04240155592560768,
    "price_change_5d": 0.04125172272324562,
    "price_change_10d": 0.040581364184617996
  }
}