{
  "ticker": "8462.TW",
  "accuracy": 0.46990291262135925,
  "features": {
    "rsi": 0.1392133188791787,
    "macd": 0.1725123754337511,
    "macd_signal": 0.16488869206420775,
    "sma_10": 0.16713298724203998,
    "sma_30": 0.17789578031745534,
    "sma_50": 0.1783568460633671
  }
}