{
  "ticker": "8499.TW",
  "analysis_date": "2026-01-12",
  "model_accuracy": 0.6109510086455331,
  "feature_importance": {
    "MA_200": 0.07696630965426036,
    "OBV_MA": 0.07355708225170289,
    "MA_20": 0.07055799026192848,
    "ATR": 0.07053198564517078,
    "MA_50": 0.0687818629680405,
    "MA50_slope": 0.06678786756290882,
    "price_change_5d": 0.06565423283567391,
    "macd": 0.06225074262731999,
    "volatility": 0.06214383657342428,
    "macd_signal": 0.061992808245930967,
    "OBV": 0.061440753424865414,
    "macd_hist": 0.05674930119280657,
    "K": 0.056072681142275024,
    "bb_position": 0.049879094618321546,
    "D": 0.049295791830218566,
    "rsi": 0.047337659165151924,
    "price_change_20d": 0.0
  }
}