{
  "ticker": "8499.TW",
  "company": "鼎炫-KY",
  "model_type": "XGBoost",
  "model_accuracy": 0.7562189054726368,
  "feature_importance": {
    "obv_ma20": 0.07792636007070541,
    "obv": 0.07439970970153809,
    "sma_200": 0.07145945727825165,
    "price_change_5d": 0.06418639421463013,
    "macd": 0.060712527483701706,
    "sma_50": 0.05704053118824959,
    "atr": 0.05518031120300293,
    "sma_10": 0.05277665704488754,
    "macd_signal": 0.05137301981449127,
    "price_change_10d": 0.047704845666885376,
    "volatility": 0.046490490436553955,
    "sma_30": 0.046104367822408676,
    "ma50_slope": 0.04577668011188507,
    "price_change_20d": 0.045613378286361694,
    "bb_position": 0.04305776581168175,
    "K": 0.041831985116004944,
    "macd_hist": 0.040812332183122635,
    "rsi": 0.03922043368220329,
    "D": 0.03833276778459549
  }
}