{
  "ticker": "8908.TWO",
  "company": "欣雄",
  "model_type": "XGBoost",
  "model_accuracy": 0.9558011049723757,
  "feature_importance": {
    "macd": 0.07825593650341034,
    "sma_200": 0.07034537196159363,
    "obv": 0.06593532860279083,
    "sma_50": 0.06411045044660568,
    "volatility": 0.06156367063522339,
    "sma_30": 0.05941764637827873,
    "macd_signal": 0.05590322986245155,
    "bb_position": 0.05575242266058922,
    "ma50_slope": 0.053954895585775375,
    "sma_10": 0.05105257406830788,
    "atr": 0.048625923693180084,
    "obv_ma20": 0.047483157366514206,
    "D": 0.045034561306238174,
    "price_change_5d": 0.04488455131649971,
    "price_change_10d": 0.04327181354165077,
    "rsi": 0.041476037353277206,
    "price_change_20d": 0.03997235745191574,
    "K": 0.03677000105381012,
    "macd_hist": 0.03619003668427467
  }
}