{
  "ticker": "8917.TWO",
  "company": "欣泰",
  "model_type": "XGBoost",
  "model_accuracy": 0.9631675874769797,
  "feature_importance": {
    "bb_position": 0.0803275853395462,
    "price_change_5d": 0.07730285078287125,
    "macd_signal": 0.06385919451713562,
    "atr": 0.06359554082155228,
    "sma_10": 0.06211891770362854,
    "macd": 0.06157293543219566,
    "sma_30": 0.05656955763697624,
    "sma_50": 0.05655163154006004,
    "obv": 0.054974742233753204,
    "price_change_10d": 0.04945193976163864,
    "sma_200": 0.04828311875462532,
    "obv_ma20": 0.047673605382442474,
    "ma50_slope": 0.04520532861351967,
    "volatility": 0.042533934116363525,
    "macd_hist": 0.04012606665492058,
    "rsi": 0.03845766559243202,
    "price_change_20d": 0.038314636796712875,
    "D": 0.03767646476626396,
    "K": 0.03540431708097458
  }
}