{
  "ticker": "8927.TWO",
  "model_type": "XGBoost",
  "model_accuracy": 0.6774193548387096,
  "feature_importance": {
    "obv": 0.0987991914153099,
    "sma_10": 0.068119116127491,
    "obv_ma20": 0.060643553733825684,
    "atr": 0.0594649501144886,
    "sma_200": 0.05931903049349785,
    "sma_50": 0.056206535547971725,
    "sma_30": 0.053077105432748795,
    "ma50_slope": 0.05245688185095787,
    "volatility": 0.052310533821582794,
    "D": 0.051413923501968384,
    "macd_signal": 0.048794735223054886,
    "price_change_5d": 0.04770489037036896,
    "bb_position": 0.044168464839458466,
    "price_change_20d": 0.04415877163410187,
    "K": 0.0434749498963356,
    "price_change_10d": 0.04285057634115219,
    "macd_hist": 0.040093742311000824,
    "macd": 0.03919156268239021,
    "rsi": 0.03775152191519737
  }
}