{
  "ticker": "8996.TW",
  "analysis_date": "2026-02-03",
  "model_accuracy": 0.5166666666666667,
  "feature_importance": {
    "MA_20": 0.0710375154497104,
    "MA_200": 0.06941415188057681,
    "MA_50": 0.06883219851615772,
    "OBV_MA": 0.06793208475143792,
    "OBV": 0.06777879526436158,
    "ATR": 0.0626807048585565,
    "volatility": 0.06115170283018446,
    "price_change_5d": 0.06077708072553431,
    "MA50_slope": 0.05905985688154175,
    "macd_hist": 0.05837458324909536,
    "macd_signal": 0.05686813012290755,
    "rsi": 0.05237724849037571,
    "macd": 0.05146692986880774,
    "price_change_20d": 0.05043340704776777,
    "D": 0.04884732111355013,
    "K": 0.04678930994518818,
    "bb_position": 0.04617897900424615
  }
}