{
  "ticker": "8996.TW",
  "model_type": "trend_following_v2",
  "analysis_date": "2026-02-05",
  "model_accuracy": 0.5157116451016636,
  "note": "RSI removed from features - trend following model",
  "feature_importance": {
    "macd": 0.10779032786903063,
    "macd_signal": 0.11227189447297045,
    "macd_hist": 0.11996864935388604,
    "bb_position": 0.09842852935885205,
    "volume_ratio": 0.0965837274895725,
    "price_momentum": 0.11394696758410502,
    "ma50_slope": 0.12492115544512684,
    "atr_pct": 0.13586961895815297,
    "price_change_1d": 0.09021912946830359
  }
}