{
  "ticker": "9880.HK",
  "company": "Ubtech Robotics",
  "model_type": "XGBoost",
  "model_accuracy": 0.7222222222222222,
  "feature_importance": {
    "sma_30": 0.0772271528840065,
    "sma_10": 0.07446891069412231,
    "D": 0.06894438713788986,
    "obv_ma20": 0.06757643073797226,
    "volatility": 0.058487385511398315,
    "rsi": 0.05657559260725975,
    "bb_position": 0.054356951266527176,
    "obv": 0.053833913058042526,
    "sma_50": 0.05198036879301071,
    "macd": 0.05035482347011566,
    "sma_200": 0.04930341988801956,
    "atr": 0.04746348038315773,
    "macd_hist": 0.04696236923336983,
    "price_change_10d": 0.043580591678619385,
    "ma50_slope": 0.04325077310204506,
    "price_change_5d": 0.042748987674713135,
    "price_change_20d": 0.03946881368756294,
    "K": 0.03914346918463707,
    "macd_signal": 0.03427211567759514
  }
}