{
  "ticker": "9888.HK",
  "analysis_date": "2026-01-24",
  "model_accuracy": 0.5794392523364486,
  "feature_importance": {
    "OBV": 0.08564561519695033,
    "OBV_MA": 0.07530415264428487,
    "MA_200": 0.07312054634119136,
    "MA_50": 0.0698381314444167,
    "macd": 0.06923087282422465,
    "MA_20": 0.06786412539283301,
    "macd_signal": 0.06040987680869794,
    "macd_hist": 0.05818187488130694,
    "ATR": 0.05627773519809359,
    "rsi": 0.05425182873037885,
    "MA50_slope": 0.05306421409746712,
    "price_change_20d": 0.05096947332709822,
    "volatility": 0.0495281987228021,
    "price_change_5d": 0.046819328994703514,
    "D": 0.04510987093064401,
    "bb_position": 0.04462155427993118,
    "K": 0.03976260018497563
  }
}