{
  "ticker": "9918.TW",
  "company": "欣天然",
  "model_type": "XGBoost",
  "model_accuracy": 0.990791896869245,
  "feature_importance": {
    "obv_ma20": 0.0889703631401062,
    "sma_50": 0.08350889384746552,
    "sma_200": 0.0702211782336235,
    "price_change_5d": 0.0636729896068573,
    "sma_30": 0.06032825633883476,
    "price_change_10d": 0.05863674730062485,
    "sma_10": 0.055055975914001465,
    "macd_signal": 0.05490864813327789,
    "price_change_20d": 0.050315648317337036,
    "atr": 0.04811519384384155,
    "obv": 0.04707501456141472,
    "volatility": 0.04673967510461807,
    "rsi": 0.04628439620137215,
    "D": 0.04026196524500847,
    "ma50_slope": 0.03944754600524902,
    "bb_position": 0.03805512934923172,
    "macd_hist": 0.03778969123959541,
    "K": 0.035327181220054626,
    "macd": 0.03528541699051857
  }
}