{
  "ticker": "9931.TW",
  "company": "欣高",
  "model_type": "XGBoost",
  "model_accuracy": 0.988950276243094,
  "feature_importance": {
    "volatility": 0.08169765770435333,
    "price_change_10d": 0.07865824550390244,
    "rsi": 0.07840391248464584,
    "sma_200": 0.07743837684392929,
    "sma_10": 0.06285665929317474,
    "price_change_20d": 0.06084327772259712,
    "sma_50": 0.060306914150714874,
    "atr": 0.05530756339430809,
    "sma_30": 0.055302977561950684,
    "obv_ma20": 0.04613516852259636,
    "D": 0.044197287410497665,
    "macd_signal": 0.04295140877366066,
    "K": 0.042814359068870544,
    "macd": 0.04224516451358795,
    "obv": 0.04024342820048332,
    "ma50_slope": 0.03787001967430115,
    "macd_hist": 0.03377852961421013,
    "bb_position": 0.03137281537055969,
    "price_change_5d": 0.027576234191656113
  }
}