{
  "ticker": "9984.T",
  "model_type": "XGBoost",
  "model_accuracy": 0.5219123505976095,
  "feature_importance": {
    "sma_10": 0.07845495641231537,
    "sma_200": 0.06684818863868713,
    "obv_ma20": 0.06429272890090942,
    "obv": 0.061291374266147614,
    "macd_signal": 0.057843368500471115,
    "volatility": 0.05585256963968277,
    "sma_50": 0.055608879774808884,
    "macd": 0.0545850470662117,
    "sma_30": 0.054352134466171265,
    "ma50_slope": 0.05277973785996437,
    "macd_hist": 0.051945362240076065,
    "atr": 0.046847935765981674,
    "D": 0.04652808606624603,
    "bb_position": 0.04466960206627846,
    "rsi": 0.04444174841046333,
    "price_change_20d": 0.043731387704610825,
    "price_change_5d": 0.04293803498148918,
    "K": 0.03947032243013382,
    "price_change_10d": 0.037518635392189026
  }
}