{
  "ticker": "9984.T",
  "analysis_date": "2026-01-24",
  "model_accuracy": 0.4444444444444444,
  "feature_importance": {
    "OBV_MA": 0.07530872009118164,
    "MA_50": 0.07249769743544715,
    "MA_200": 0.06975257377450844,
    "MA_20": 0.06864789270287991,
    "volatility": 0.06424002420229692,
    "OBV": 0.062233252401539804,
    "MA50_slope": 0.0610314104354017,
    "ATR": 0.059927913621147536,
    "macd": 0.05851128201195564,
    "macd_signal": 0.058465397021604054,
    "macd_hist": 0.05729063416248652,
    "price_change_20d": 0.05431547791983008,
    "rsi": 0.052029897704140425,
    "price_change_5d": 0.05035519311375358,
    "bb_position": 0.04911114024529237,
    "K": 0.04329109581447455,
    "D": 0.04299039734205965
  }
}