{
  "ticker": "AAPL",
  "analysis_date": "2026-05-09",
  "model_accuracy": 0.5244360902255639,
  "feature_importance": {
    "MA_200": 0.07500936833247311,
    "OBV_MA": 0.0741405812346106,
    "ATR": 0.07116748467409287,
    "MA_50": 0.06922357002442488,
    "MA_20": 0.0673365235498903,
    "volatility": 0.0668599510916526,
    "macd_signal": 0.061444204649538585,
    "OBV": 0.05918840175701587,
    "D": 0.054918504825402094,
    "MA50_slope": 0.05434512051525178,
    "macd_hist": 0.05416325152823938,
    "macd": 0.054130243914328795,
    "price_change_20d": 0.05169338793257802,
    "rsi": 0.0504088724280583,
    "K": 0.04582313972098005,
    "price_change_5d": 0.04510339940030156,
    "bb_position": 0.045043994421161304
  }
}