{
  "ticker": "AAPL",
  "model_type": "trend_following_v2",
  "analysis_date": "2026-02-05",
  "model_accuracy": 0.46774193548387094,
  "note": "RSI removed from features - trend following model",
  "feature_importance": {
    "macd": 0.11398561644676702,
    "macd_signal": 0.1181632219896024,
    "macd_hist": 0.12025349292863984,
    "bb_position": 0.0970538287447429,
    "volume_ratio": 0.09308451055349914,
    "price_momentum": 0.09942942775321224,
    "ma50_slope": 0.13459139461584416,
    "atr_pct": 0.1382670658467394,
    "price_change_1d": 0.08517144112095293
  }
}