{
  "ticker": "AAPL",
  "name": "Apple",
  "analysis_date": "2025-12-25",
  "model_accuracy": 0.4698275862068966,
  "data_points": 2316,
  "feature_importance": {
    "OBV_MA": 0.08060038651139718,
    "MA_200": 0.07726373455481557,
    "MA_20": 0.07348698894266091,
    "MA_50": 0.06740667411735402,
    "ATR": 0.06271779572148631,
    "MA50_slope": 0.0606976073409701,
    "macd_signal": 0.058639195278454376,
    "volatility": 0.05688734128927914,
    "OBV": 0.05520476385023573,
    "D": 0.05504032457816268,
    "macd": 0.05451062026353082,
    "price_change_20d": 0.05378725242412799,
    "macd_hist": 0.05359478300124191,
    "K": 0.05122778146729975,
    "rsi": 0.04788429012319554,
    "price_change_5d": 0.04694543688221401,
    "bb_position": 0.04410502365357411
  }
}