{
  "ticker": "AEVA",
  "analysis_date": "2026-05-09",
  "model_accuracy": 0.48717948717948717,
  "feature_importance": {
    "MA_50": 0.07115744866696017,
    "OBV_MA": 0.07063003953996803,
    "MA_200": 0.06883165034660296,
    "OBV": 0.06750126851559089,
    "macd": 0.06684681309698001,
    "macd_signal": 0.06505657462823412,
    "MA_20": 0.06474849362659821,
    "volatility": 0.06200654304629431,
    "macd_hist": 0.059158164072299416,
    "MA50_slope": 0.05692929254324212,
    "bb_position": 0.05532845515491254,
    "ATR": 0.053456333795651755,
    "price_change_5d": 0.053008805030738015,
    "K": 0.048877908992073615,
    "price_change_20d": 0.04803276797434104,
    "D": 0.044539243658943184,
    "rsi": 0.04389019731056958
  }
}