{
  "ticker": "ALAB",
  "analysis_date": "2026-05-09",
  "model_accuracy": 0.34782608695652173,
  "feature_importance": {
    "MA_50": 0.07842411005562369,
    "price_change_5d": 0.07595007928316279,
    "macd_hist": 0.07465998600101569,
    "macd_signal": 0.07314890113948226,
    "volatility": 0.0705484892814,
    "OBV_MA": 0.06749229432293728,
    "MA50_slope": 0.06414831638215253,
    "MA_20": 0.062256948087994674,
    "macd": 0.059237166223752434,
    "price_change_20d": 0.05781183960304417,
    "OBV": 0.05705443082571873,
    "rsi": 0.05239784802516603,
    "ATR": 0.05165704789452803,
    "D": 0.050670901913094306,
    "K": 0.04751286483032847,
    "bb_position": 0.04394910662331118,
    "MA_200": 0.013079669507287624
  }
}