{
  "ticker": "AMD",
  "model_type": "trend_following_v2",
  "analysis_date": "2026-02-05",
  "model_accuracy": 0.5125448028673835,
  "note": "RSI removed from features - trend following model",
  "feature_importance": {
    "macd": 0.10964606470148817,
    "macd_signal": 0.11978072439152593,
    "macd_hist": 0.12369338380621714,
    "bb_position": 0.1001791757772843,
    "volume_ratio": 0.1012250773585151,
    "price_momentum": 0.10230971259780722,
    "ma50_slope": 0.12192502711755245,
    "atr_pct": 0.13134071444857204,
    "price_change_1d": 0.08990011980103778
  }
}