{
  "ticker": "AMD",
  "model_type": "XGBoost",
  "model_accuracy": 0.6070038910505836,
  "feature_importance": {
    "sma_30": 0.0669303759932518,
    "sma_50": 0.06669477373361588,
    "sma_200": 0.05876019224524498,
    "macd_signal": 0.05710641294717789,
    "ma50_slope": 0.05621872842311859,
    "sma_10": 0.055465128272771835,
    "obv_ma20": 0.05523589625954628,
    "obv": 0.05401753634214401,
    "atr": 0.05322856828570366,
    "macd": 0.05149819701910019,
    "macd_hist": 0.05149213969707489,
    "price_change_20d": 0.05060774087905884,
    "bb_position": 0.049430590122938156,
    "price_change_5d": 0.04855614900588989,
    "price_change_10d": 0.047334060072898865,
    "volatility": 0.04720303416252136,
    "D": 0.044638246297836304,
    "rsi": 0.043067462742328644,
    "K": 0.04251469299197197
  }
}