{
  "ticker": "AMD",
  "analysis_date": "2026-05-09",
  "model_accuracy": 0.5018796992481203,
  "feature_importance": {
    "MA_50": 0.07188837172819176,
    "MA_200": 0.07125018922079449,
    "MA_20": 0.06596585410857768,
    "MA50_slope": 0.06402007786348382,
    "macd_signal": 0.06309394423280722,
    "OBV_MA": 0.06225267054144633,
    "volatility": 0.060834453489217226,
    "OBV": 0.059851618443528015,
    "macd_hist": 0.05980557533205032,
    "ATR": 0.05910798728677198,
    "price_change_5d": 0.057729300858172516,
    "macd": 0.05696960938649304,
    "price_change_20d": 0.052320913670869336,
    "bb_position": 0.05032509368812346,
    "rsi": 0.049141119247041294,
    "K": 0.048637152344541565,
    "D": 0.04680606855788994
  }
}