{
  "ticker": "AMKR",
  "analysis_date": "2026-05-09",
  "model_accuracy": 0.575187969924812,
  "feature_importance": {
    "MA_20": 0.07040928192280488,
    "volatility": 0.0702886679478227,
    "MA_200": 0.06888904427672346,
    "OBV_MA": 0.06837118928316117,
    "MA50_slope": 0.06804415969509713,
    "macd_signal": 0.06639148177927791,
    "MA_50": 0.06534129863583439,
    "ATR": 0.06159342782831825,
    "macd": 0.05930431018977462,
    "macd_hist": 0.05606531937922399,
    "OBV": 0.054850575557094404,
    "price_change_5d": 0.0540340123331973,
    "rsi": 0.05326209433868341,
    "price_change_20d": 0.047692887179855745,
    "D": 0.04748785186237434,
    "K": 0.04459882017420371,
    "bb_position": 0.04337557761655261
  }
}