{
  "ticker": "AMKR",
  "analysis_date": "2026-01-06",
  "model_accuracy": 0.5483870967741935,
  "feature_importance": {
    "MA_20": 0.07280510345837751,
    "MA_50": 0.06987394050135542,
    "OBV_MA": 0.06969562626238913,
    "volatility": 0.06789176821143757,
    "MA50_slope": 0.06496960214785029,
    "MA_200": 0.06395075314147297,
    "macd_signal": 0.06302877238997813,
    "ATR": 0.061464136285682015,
    "macd_hist": 0.060727439652530295,
    "OBV": 0.056838901335565246,
    "macd": 0.056349077340607706,
    "D": 0.05319364933163692,
    "price_change_5d": 0.05289180840179661,
    "rsi": 0.05001944235329215,
    "price_change_20d": 0.0481002542755629,
    "bb_position": 0.04427892280696458,
    "K": 0.043920802103500606
  }
}