{
  "ticker": "AMZN",
  "model_type": "XGBoost",
  "model_accuracy": 0.6585365853658537,
  "feature_importance": {
    "sma_10": 0.07581865787506104,
    "sma_30": 0.06644102931022644,
    "volatility": 0.05936639383435249,
    "sma_200": 0.05878940969705582,
    "obv_ma20": 0.05790700390934944,
    "sma_50": 0.057822905480861664,
    "macd": 0.05429255589842796,
    "atr": 0.053702790290117264,
    "ma50_slope": 0.05218611657619476,
    "macd_hist": 0.05095592886209488,
    "obv": 0.04995592683553696,
    "D": 0.049455441534519196,
    "rsi": 0.04843767732381821,
    "macd_signal": 0.047879476100206375,
    "price_change_10d": 0.04589672014117241,
    "bb_position": 0.04499714449048042,
    "price_change_5d": 0.04317044839262962,
    "K": 0.042912933975458145,
    "price_change_20d": 0.04001147672533989
  }
}