{
  "ticker": "APLD",
  "analysis_date": "2026-05-09",
  "model_accuracy": 0.536144578313253,
  "feature_importance": {
    "volatility": 0.08309122188520256,
    "MA_50": 0.08231270792154144,
    "MA50_slope": 0.06958834764163237,
    "MA_20": 0.06846447917381929,
    "ATR": 0.06597505635114606,
    "OBV_MA": 0.06233681800210531,
    "price_change_20d": 0.0594606175060399,
    "MA_200": 0.058638648314671915,
    "macd_signal": 0.05420965944481988,
    "OBV": 0.05419497404466101,
    "macd": 0.0537845057786558,
    "macd_hist": 0.0535648347622697,
    "D": 0.049095207817374004,
    "rsi": 0.04821167009205965,
    "price_change_5d": 0.04681003314470503,
    "K": 0.046116791801736806,
    "bb_position": 0.04414442631755925
  }
}