{
  "ticker": "APLD",
  "model_type": "XGBoost",
  "model_accuracy": 0.47619047619047616,
  "feature_importance": {
    "sma_30": 0.07649974524974823,
    "atr": 0.06777834892272949,
    "sma_50": 0.06721608340740204,
    "obv_ma20": 0.06104159355163574,
    "rsi": 0.05879810079932213,
    "obv": 0.05610265955328941,
    "bb_position": 0.05413249507546425,
    "ma50_slope": 0.05366114526987076,
    "volatility": 0.053568046540021896,
    "sma_10": 0.05220839008688927,
    "sma_200": 0.05069432407617569,
    "macd_signal": 0.047740090638399124,
    "price_change_20d": 0.046800050884485245,
    "K": 0.04576126113533974,
    "macd": 0.045534275472164154,
    "D": 0.04495694115757942,
    "price_change_10d": 0.039916329085826874,
    "macd_hist": 0.039470870047807693,
    "price_change_5d": 0.03811916336417198
  }
}