{
  "ticker": "ARM",
  "analysis_date": "2026-06-14",
  "model_accuracy": 0.5408163265306123,
  "feature_importance": {
    "sma_50": 0.078748997875049,
    "sma_200": 0.07686955424273043,
    "sma_30": 0.07023405159755186,
    "sma_10": 0.06336792065848253,
    "obv": 0.060955218680281316,
    "macd": 0.058334199527396394,
    "ma50_slope": 0.05802899686600315,
    "price_change_5d": 0.05780821613560461,
    "macd_signal": 0.05324236267889259,
    "price_change_20d": 0.04987267650408403,
    "obv_ma20": 0.04687992824638607,
    "atr": 0.04625570886453562,
    "volatility": 0.04430997634554017,
    "K": 0.04192811995826666,
    "macd_hist": 0.04177145445262187,
    "bb_position": 0.04154713306495042,
    "rsi": 0.039872844657505964,
    "D": 0.037935044244054056,
    "price_change_10d": 0.032037595400063346
  }
}