{
  "ticker": "ARM",
  "model_type": "XGBoost",
  "model_accuracy": 0.6578947368421053,
  "feature_importance": {
    "sma_10": 0.0982019305229187,
    "obv": 0.06942901015281677,
    "macd": 0.06062138453125954,
    "sma_50": 0.05907565727829933,
    "K": 0.056154247373342514,
    "D": 0.053644586354494095,
    "obv_ma20": 0.05299530550837517,
    "macd_hist": 0.05221836641430855,
    "rsi": 0.051700759679079056,
    "sma_30": 0.05106998607516289,
    "ma50_slope": 0.04931403324007988,
    "macd_signal": 0.04884199798107147,
    "sma_200": 0.04872554913163185,
    "atr": 0.0479697547852993,
    "volatility": 0.04626554623246193,
    "price_change_5d": 0.0422779805958271,
    "price_change_20d": 0.04060545936226845,
    "bb_position": 0.03929975628852844,
    "price_change_10d": 0.031588610261678696
  }
}