{
  "ticker": "ARM",
  "analysis_date": "2026-05-09",
  "model_accuracy": 0.4787234042553192,
  "feature_importance": {
    "OBV": 0.09706423430794747,
    "MA_20": 0.08305331647035741,
    "macd": 0.07631681244433307,
    "MA50_slope": 0.07293658952705956,
    "macd_signal": 0.07165012066641063,
    "OBV_MA": 0.0675476484561312,
    "price_change_20d": 0.06633516683638534,
    "macd_hist": 0.06159662963524507,
    "MA_50": 0.057015080819248685,
    "volatility": 0.05622554489430764,
    "ATR": 0.05151648407185815,
    "D": 0.04969749477089539,
    "K": 0.04574964022209449,
    "price_change_5d": 0.04004562440764487,
    "rsi": 0.03980439180573786,
    "bb_position": 0.03842496919218149,
    "MA_200": 0.02502025147216186
  }
}