{
  "ticker": "AVAV",
  "analysis_date": "2026-05-09",
  "model_accuracy": 0.4548872180451128,
  "feature_importance": {
    "MA_200": 0.07372555260644632,
    "MA_50": 0.07323583342525357,
    "OBV_MA": 0.0725700645357863,
    "macd_signal": 0.06818139494284399,
    "MA_20": 0.0677539484839233,
    "OBV": 0.06229358119916849,
    "ATR": 0.061551235671318295,
    "volatility": 0.061248257322332085,
    "macd": 0.05981210460880155,
    "MA50_slope": 0.057156308448559984,
    "price_change_20d": 0.05082570561614895,
    "macd_hist": 0.050620049791257414,
    "D": 0.0502583050046547,
    "price_change_5d": 0.04943095500991466,
    "bb_position": 0.04880758883993163,
    "K": 0.046308472430367134,
    "rsi": 0.04622064206329168
  }
}