{
  "ticker": "AVGO",
  "name": "Broadcom",
  "analysis_date": "2025-12-25",
  "model_accuracy": 0.48060344827586204,
  "data_points": 2316,
  "feature_importance": {
    "MA_200": 0.07070256935361356,
    "MA_20": 0.068524652541909,
    "volatility": 0.06654722009651613,
    "OBV_MA": 0.06652371532353384,
    "MA50_slope": 0.06587732611006152,
    "ATR": 0.06373032686061378,
    "macd_signal": 0.0628858605490065,
    "MA_50": 0.06264118887476679,
    "OBV": 0.06145563931183817,
    "macd_hist": 0.060504555596496576,
    "bb_position": 0.054576568458991746,
    "macd": 0.05417575525885475,
    "price_change_20d": 0.05406021600507374,
    "price_change_5d": 0.049273022514196074,
    "rsi": 0.04872576948874009,
    "K": 0.04504809734366211,
    "D": 0.04474751631212578
  }
}