{
  "ticker": "AVGO",
  "model_type": "XGBoost",
  "model_accuracy": 0.525328330206379,
  "feature_importance": {
    "sma_50": 0.06644225120544434,
    "sma_10": 0.06455230712890625,
    "sma_200": 0.06150383502244949,
    "sma_30": 0.06044197455048561,
    "ma50_slope": 0.05763344466686249,
    "obv_ma20": 0.05733379349112511,
    "rsi": 0.055570732802152634,
    "atr": 0.052950434386730194,
    "obv": 0.05262871831655502,
    "macd_signal": 0.05143832787871361,
    "macd_hist": 0.05073816701769829,
    "K": 0.05014284700155258,
    "volatility": 0.049643464386463165,
    "macd": 0.049520574510097504,
    "price_change_20d": 0.04695834219455719,
    "bb_position": 0.04559953883290291,
    "price_change_10d": 0.04417875036597252,
    "price_change_5d": 0.04226914048194885,
    "D": 0.04045325890183449
  }
}