{
  "ticker": "AXON",
  "analysis_date": "2026-02-26",
  "model_type": "XGBoost",
  "model_accuracy": 0.5930902111324377,
  "feature_importance": {
    "sma_30": 0.06719376891851425,
    "sma_200": 0.06688963621854782,
    "sma_10": 0.06592556834220886,
    "sma_50": 0.061211053282022476,
    "macd_signal": 0.060248490422964096,
    "obv_ma20": 0.05754817649722099,
    "macd": 0.05544157698750496,
    "macd_hist": 0.052881449460983276,
    "atr": 0.05278858542442322,
    "obv": 0.05194561928510666,
    "ma50_slope": 0.0514647476375103,
    "volatility": 0.04989752545952797,
    "rsi": 0.0467185415327549,
    "price_change_10d": 0.04612526297569275,
    "price_change_20d": 0.044738199561834335,
    "D": 0.04461623728275299,
    "price_change_5d": 0.04407186806201935,
    "bb_position": 0.0413542315363884,
    "K": 0.03893950209021568
  }
}