{
  "ticker": "BAX",
  "model_type": "XGBoost",
  "model_accuracy": 0.7544483985765125,
  "feature_importance": {
    "obv_ma20": 0.07135545462369919,
    "ma50_slope": 0.0660930797457695,
    "sma_10": 0.06315384060144424,
    "D": 0.05915246531367302,
    "sma_50": 0.05628886818885803,
    "obv": 0.05581095442175865,
    "atr": 0.055740900337696075,
    "macd_signal": 0.053989339619874954,
    "sma_200": 0.052855879068374634,
    "price_change_20d": 0.05257178843021393,
    "sma_30": 0.052140627056360245,
    "volatility": 0.052023254334926605,
    "rsi": 0.048150889575481415,
    "macd_hist": 0.045720040798187256,
    "K": 0.045270517468452454,
    "price_change_5d": 0.04389695078134537,
    "macd": 0.0433531180024147,
    "bb_position": 0.04216638207435608,
    "price_change_10d": 0.04026557877659798
  }
}