{
  "ticker": "BKR",
  "analysis_date": "2026-05-09",
  "model_accuracy": 0.4849624060150376,
  "feature_importance": {
    "MA_200": 0.07717497500126709,
    "OBV_MA": 0.07334090219002448,
    "MA_20": 0.06955655849456367,
    "MA_50": 0.06900870991610235,
    "volatility": 0.06710418420709473,
    "MA50_slope": 0.06681306986077827,
    "OBV": 0.061912252047019216,
    "ATR": 0.060877203649165296,
    "macd_signal": 0.0600573812080896,
    "macd_hist": 0.05690064159453731,
    "macd": 0.05478581267370074,
    "price_change_5d": 0.05104024514846185,
    "rsi": 0.04872199296455659,
    "price_change_20d": 0.0477936122661684,
    "D": 0.047411601030806744,
    "K": 0.044534015553025205,
    "bb_position": 0.04296684219463853
  }
}