{
  "ticker": "CDNS",
  "model_type": "XGBoost",
  "model_accuracy": 0.5428015564202334,
  "feature_importance": {
    "sma_200": 0.06809702515602112,
    "sma_10": 0.06734653562307358,
    "sma_50": 0.06158183515071869,
    "sma_30": 0.061300020664930344,
    "macd_hist": 0.05957956984639168,
    "obv_ma20": 0.05781560763716698,
    "macd_signal": 0.05505402758717537,
    "obv": 0.05481202155351639,
    "macd": 0.053588464856147766,
    "D": 0.05089026689529419,
    "atr": 0.05065753310918808,
    "K": 0.047374412417411804,
    "price_change_20d": 0.04728994891047478,
    "ma50_slope": 0.04692879319190979,
    "bb_position": 0.046876825392246246,
    "price_change_5d": 0.044294070452451706,
    "volatility": 0.04363466054201126,
    "price_change_10d": 0.04320172965526581,
    "rsi": 0.03967658430337906
  }
}