{
  "ticker": "CIEN",
  "model_type": "XGBoost",
  "model_accuracy": 0.6298932384341637,
  "feature_importance": {
    "sma_50": 0.06860655546188354,
    "sma_200": 0.06764887273311615,
    "macd_signal": 0.0668380856513977,
    "sma_10": 0.06644269078969955,
    "sma_30": 0.062133483588695526,
    "volatility": 0.05627324432134628,
    "atr": 0.055099278688430786,
    "obv_ma20": 0.054857634007930756,
    "ma50_slope": 0.051435742527246475,
    "price_change_10d": 0.04898030683398247,
    "macd": 0.04810035973787308,
    "bb_position": 0.047520942986011505,
    "obv": 0.0473511703312397,
    "price_change_20d": 0.046754058450460434,
    "macd_hist": 0.04574257880449295,
    "price_change_5d": 0.0442546047270298,
    "rsi": 0.043758574873209,
    "K": 0.039672184735536575,
    "D": 0.038529619574546814
  }
}