{
  "ticker": "COIN",
  "model_type": "XGBoost",
  "model_accuracy": 0.6585365853658537,
  "feature_importance": {
    "sma_10": 0.07813102006912231,
    "sma_200": 0.0775512233376503,
    "sma_30": 0.07145575433969498,
    "volatility": 0.056510839611291885,
    "D": 0.05578508973121643,
    "sma_50": 0.05303220823407173,
    "macd": 0.05289863422513008,
    "obv": 0.05193231627345085,
    "ma50_slope": 0.05152035504579544,
    "macd_signal": 0.051086075603961945,
    "atr": 0.0504416823387146,
    "rsi": 0.04895792901515961,
    "macd_hist": 0.04836001619696617,
    "obv_ma20": 0.04651506617665291,
    "price_change_20d": 0.043837908655405045,
    "price_change_5d": 0.04213269054889679,
    "K": 0.041204117238521576,
    "bb_position": 0.03977701812982559,
    "price_change_10d": 0.03887006640434265
  }
}