{
  "ticker": "CRDO",
  "analysis_date": "2026-02-08",
  "model_accuracy": 0.618421052631579,
  "feature_importance": {
    "OBV_MA": 0.08545527627601571,
    "MA_50": 0.0684971000508206,
    "volatility": 0.06772016600149885,
    "MA_20": 0.06761219634188335,
    "macd_hist": 0.06408353074334439,
    "ATR": 0.06387235870208721,
    "price_change_5d": 0.06266223008175807,
    "macd_signal": 0.059822097856348656,
    "MA_200": 0.05975849006441771,
    "OBV": 0.05810109607388764,
    "MA50_slope": 0.05762791883982333,
    "rsi": 0.054406796811712,
    "price_change_20d": 0.05232344135606482,
    "macd": 0.051492789356561916,
    "D": 0.044044500512949156,
    "K": 0.0413743586407032,
    "bb_position": 0.0411456522901234
  }
}