{
  "ticker": "CRDO",
  "analysis_date": "2026-05-09",
  "model_accuracy": 0.4375,
  "feature_importance": {
    "MA_20": 0.06914550658289818,
    "MA_50": 0.06830783898838802,
    "OBV_MA": 0.06665275609731257,
    "OBV": 0.06554905952508588,
    "volatility": 0.06519042142568401,
    "macd_signal": 0.06480875105345946,
    "macd_hist": 0.06383505690164669,
    "MA_200": 0.06353948431910605,
    "MA50_slope": 0.06228943233935718,
    "ATR": 0.06193678977183123,
    "macd": 0.06074150792978095,
    "price_change_5d": 0.05838405253607672,
    "rsi": 0.056084287258430496,
    "price_change_20d": 0.05047639898850904,
    "D": 0.043456994055856624,
    "K": 0.041434509866135096,
    "bb_position": 0.038167152360441915
  }
}