{
  "ticker": "DDOG",
  "model_type": "XGBoost",
  "model_accuracy": 0.5362318840579711,
  "feature_importance": {
    "obv_ma20": 0.0649341270327568,
    "sma_10": 0.0643262043595314,
    "obv": 0.06426214426755905,
    "ma50_slope": 0.06276329606771469,
    "sma_30": 0.0608992800116539,
    "sma_200": 0.05883842334151268,
    "macd": 0.058709517121315,
    "sma_50": 0.05614703148603439,
    "atr": 0.055407874286174774,
    "price_change_10d": 0.050358790904283524,
    "volatility": 0.050296537578105927,
    "macd_hist": 0.048050109297037125,
    "macd_signal": 0.047676753252744675,
    "price_change_5d": 0.04513794928789139,
    "K": 0.04411827772855759,
    "rsi": 0.04360236972570419,
    "bb_position": 0.04323945567011833,
    "price_change_20d": 0.042537614703178406,
    "D": 0.03869425877928734
  }
}