{
  "ticker": "DECK",
  "model_type": "XGBoost",
  "model_accuracy": 0.36770428015564205,
  "feature_importance": {
    "sma_30": 0.06672891229391098,
    "sma_200": 0.06409186869859695,
    "sma_50": 0.06349064409732819,
    "obv_ma20": 0.06156986951828003,
    "atr": 0.057712048292160034,
    "obv": 0.057417627424001694,
    "macd": 0.05726778879761696,
    "sma_10": 0.05681593716144562,
    "ma50_slope": 0.05276966467499733,
    "macd_signal": 0.051340024918317795,
    "volatility": 0.050949472934007645,
    "D": 0.04845580458641052,
    "bb_position": 0.04721767455339432,
    "price_change_20d": 0.04659281671047211,
    "price_change_10d": 0.0465061254799366,
    "rsi": 0.045841798186302185,
    "macd_hist": 0.043194808065891266,
    "price_change_5d": 0.0428352914750576,
    "K": 0.03920184075832367
  }
}