{
  "ticker": "DOCN",
  "company": "DigitalOcean",
  "model_type": "XGBoost",
  "model_accuracy": 0.644,
  "feature_importance": {
    "sma_50": 0.0702119991183281,
    "sma_10": 0.06903298944234848,
    "sma_200": 0.06563950330018997,
    "obv_ma20": 0.06119052320718765,
    "ma50_slope": 0.061004962772130966,
    "sma_30": 0.06093810871243477,
    "volatility": 0.05818219482898712,
    "atr": 0.053640540689229965,
    "obv": 0.051460687071084976,
    "macd_signal": 0.05011305585503578,
    "price_change_20d": 0.049753572791814804,
    "macd": 0.04962240904569626,
    "macd_hist": 0.04567904770374298,
    "price_change_5d": 0.04552935063838959,
    "K": 0.04540415108203888,
    "price_change_10d": 0.042300622910261154,
    "rsi": 0.042104240506887436,
    "bb_position": 0.04007323086261749,
    "D": 0.03811878338456154
  }
}