{
  "ticker": "ETCMY",
  "model_type": "XGBoost",
  "model_accuracy": 0.6132264529058116,
  "feature_importance": {
    "K": 0.07464762777090073,
    "sma_200": 0.058361899107694626,
    "ma50_slope": 0.05783388018608093,
    "macd_hist": 0.05700432509183884,
    "sma_10": 0.054942741990089417,
    "atr": 0.05399573966860771,
    "bb_position": 0.053416844457387924,
    "obv": 0.05293085426092148,
    "obv_ma20": 0.051856186240911484,
    "macd_signal": 0.05135878175497055,
    "price_change_5d": 0.05122341960668564,
    "macd": 0.05107678845524788,
    "volatility": 0.05072089284658432,
    "price_change_20d": 0.048294782638549805,
    "sma_50": 0.04805061221122742,
    "D": 0.04801175743341446,
    "sma_30": 0.047481417655944824,
    "price_change_10d": 0.04613924026489258,
    "rsi": 0.0426521971821785
  }
}