{
  "ticker": "ETN",
  "analysis_date": "2026-01-10",
  "model_accuracy": 0.5808270676691729,
  "feature_importance": {
    "MA_200": 0.07788408886118414,
    "OBV_MA": 0.07584778908824766,
    "MA_50": 0.07423018905891902,
    "MA_20": 0.06451369462152659,
    "macd_signal": 0.06372922067678834,
    "ATR": 0.06292206124293934,
    "MA50_slope": 0.062074216865588276,
    "volatility": 0.05964633544829987,
    "macd_hist": 0.05771848076041142,
    "OBV": 0.057444662858890785,
    "macd": 0.05510123171207916,
    "price_change_20d": 0.053585802136002725,
    "price_change_5d": 0.053023182260000516,
    "rsi": 0.05050086936098634,
    "bb_position": 0.04498871150812626,
    "D": 0.04493259559996569,
    "K": 0.041856867940044
  }
}