{
  "ticker": "ETN",
  "analysis_date": "2026-05-09",
  "model_accuracy": 0.5845864661654135,
  "feature_importance": {
    "MA_200": 0.07821430685590378,
    "OBV_MA": 0.07552468699452594,
    "MA_50": 0.07421542163213567,
    "MA_20": 0.06409119153460449,
    "macd_signal": 0.06350021123038298,
    "ATR": 0.06336742624570128,
    "MA50_slope": 0.06225205834687267,
    "volatility": 0.05914795918369755,
    "macd_hist": 0.0581619327558459,
    "OBV": 0.05788044029403793,
    "macd": 0.05491975658986553,
    "price_change_20d": 0.05412363138688829,
    "price_change_5d": 0.05284592532307763,
    "rsi": 0.050160734278175675,
    "bb_position": 0.04552471289813011,
    "D": 0.04426611936868304,
    "K": 0.04180348508147168
  }
}