{
  "ticker": "FN",
  "model_type": "XGBoost",
  "model_accuracy": 0.5058365758754864,
  "feature_importance": {
    "sma_30": 0.0684974417090416,
    "sma_50": 0.06477715075016022,
    "sma_200": 0.06222176551818848,
    "ma50_slope": 0.06115167215466499,
    "macd_signal": 0.05854783579707146,
    "atr": 0.0579838827252388,
    "obv": 0.05774417519569397,
    "obv_ma20": 0.05410011485219002,
    "macd": 0.05347830057144165,
    "volatility": 0.05167936906218529,
    "macd_hist": 0.049656979739665985,
    "D": 0.04952957108616829,
    "sma_10": 0.04893547669053078,
    "rsi": 0.04754981771111488,
    "price_change_20d": 0.04642614349722862,
    "price_change_10d": 0.04322640970349312,
    "bb_position": 0.0425875261425972,
    "K": 0.04110800474882126,
    "price_change_5d": 0.040798384696245193
  }
}