{
  "ticker": "GEV",
  "analysis_date": "2026-05-09",
  "model_accuracy": 0.27941176470588236,
  "feature_importance": {
    "OBV": 0.0949006512384642,
    "MA_50": 0.08809725131782367,
    "MA_20": 0.08344855999696847,
    "K": 0.0692263144071548,
    "OBV_MA": 0.06678815977775168,
    "macd_hist": 0.06644342585484378,
    "macd": 0.060056013302625395,
    "macd_signal": 0.05827735735490803,
    "bb_position": 0.05385116537195877,
    "MA50_slope": 0.053428450317556164,
    "volatility": 0.05208897751469237,
    "ATR": 0.051314139815184526,
    "D": 0.05039720242576722,
    "rsi": 0.04757774404800655,
    "price_change_5d": 0.04651834538776582,
    "price_change_20d": 0.03770825710900942,
    "MA_200": 0.01987798475951913
  }
}