{
  "ticker": "GILD",
  "model_type": "XGBoost",
  "model_accuracy": 0.6595330739299611,
  "feature_importance": {
    "sma_50": 0.07383768260478973,
    "sma_30": 0.06583251059055328,
    "obv": 0.06256882101297379,
    "volatility": 0.05915718153119087,
    "sma_10": 0.0582863986492157,
    "D": 0.056986622512340546,
    "sma_200": 0.05558522790670395,
    "macd_hist": 0.05409080907702446,
    "obv_ma20": 0.05323360115289688,
    "price_change_10d": 0.05211136117577553,
    "macd_signal": 0.051872458308935165,
    "macd": 0.0501941479742527,
    "ma50_slope": 0.04941573739051819,
    "atr": 0.04874416068196297,
    "price_change_20d": 0.047195352613925934,
    "price_change_5d": 0.042802099138498306,
    "bb_position": 0.042141787707805634,
    "K": 0.038676630705595016,
    "rsi": 0.03726743534207344
  }
}