{
  "ticker": "GOOG",
  "name": "Google",
  "analysis_date": "2025-12-25",
  "model_accuracy": 0.5021551724137931,
  "data_points": 2316,
  "feature_importance": {
    "MA_200": 0.08394699112386231,
    "MA_20": 0.07605191487840647,
    "MA_50": 0.07085759924092032,
    "volatility": 0.06643092959034598,
    "OBV_MA": 0.06357914394640432,
    "macd_signal": 0.06033179021300119,
    "MA50_slope": 0.05980019974188672,
    "OBV": 0.059401292986328895,
    "macd_hist": 0.05842629376765807,
    "ATR": 0.05663822277756924,
    "D": 0.05405918782900785,
    "macd": 0.05342753831213026,
    "price_change_20d": 0.05265278281952032,
    "rsi": 0.048762243702863924,
    "K": 0.04809090715265141,
    "price_change_5d": 0.045026432384618585,
    "bb_position": 0.042516529532824185
  }
}