{
  "ticker": "GOOGL",
  "model_type": "XGBoost",
  "model_accuracy": 0.6070038910505836,
  "feature_importance": {
    "sma_30": 0.06353446841239929,
    "obv_ma20": 0.06191564351320267,
    "macd_signal": 0.061347559094429016,
    "sma_50": 0.06086617335677147,
    "sma_10": 0.060808081179857254,
    "sma_200": 0.05844466760754585,
    "D": 0.05535431206226349,
    "atr": 0.055095426738262177,
    "macd": 0.05385550856590271,
    "price_change_20d": 0.05229189991950989,
    "ma50_slope": 0.04947737604379654,
    "K": 0.04849311336874962,
    "volatility": 0.048185691237449646,
    "obv": 0.04768790304660797,
    "bb_position": 0.047454047948122025,
    "macd_hist": 0.04732372239232063,
    "rsi": 0.04406356066465378,
    "price_change_5d": 0.04200735315680504,
    "price_change_10d": 0.041793547570705414
  }
}