{
  "ticker": "GPN",
  "model_type": "XGBoost",
  "model_accuracy": 0.800711743772242,
  "feature_importance": {
    "ma50_slope": 0.07100071758031845,
    "sma_200": 0.0698954313993454,
    "macd_signal": 0.06665124744176865,
    "sma_50": 0.06412091851234436,
    "macd": 0.05937235802412033,
    "sma_10": 0.05782917141914368,
    "bb_position": 0.055489905178546906,
    "sma_30": 0.05355428159236908,
    "atr": 0.05260036513209343,
    "obv_ma20": 0.05166986957192421,
    "volatility": 0.05094621330499649,
    "price_change_5d": 0.05008431151509285,
    "obv": 0.04491716995835304,
    "K": 0.044254373759031296,
    "D": 0.04388672858476639,
    "price_change_10d": 0.04324420541524887,
    "rsi": 0.04081325978040695,
    "price_change_20d": 0.040533725172281265,
    "macd_hist": 0.039135754108428955
  }
}