{
  "ticker": "GRMN",
  "model_type": "XGBoost",
  "model_accuracy": 0.8434163701067615,
  "feature_importance": {
    "obv": 0.06980771571397781,
    "sma_200": 0.0697246566414833,
    "sma_30": 0.06769426167011261,
    "atr": 0.06461524963378906,
    "sma_10": 0.06306079030036926,
    "ma50_slope": 0.05892093479633331,
    "sma_50": 0.05886209011077881,
    "obv_ma20": 0.05721937492489815,
    "macd": 0.05533350259065628,
    "macd_signal": 0.051362767815589905,
    "volatility": 0.049178346991539,
    "rsi": 0.04455618932843208,
    "D": 0.0440373495221138,
    "price_change_10d": 0.042863816022872925,
    "price_change_5d": 0.04220766946673393,
    "price_change_20d": 0.041512299329042435,
    "K": 0.040890347212553024,
    "bb_position": 0.03947582468390465,
    "macd_hist": 0.03867678716778755
  }
}