{
  "ticker": "HSAI",
  "model_type": "XGBoost",
  "model_accuracy": 0.6320754716981132,
  "feature_importance": {
    "atr": 0.09968411177396774,
    "sma_10": 0.07617124915122986,
    "macd": 0.06410621106624603,
    "obv": 0.058436404913663864,
    "sma_200": 0.05761238932609558,
    "obv_ma20": 0.0563780814409256,
    "macd_signal": 0.04990217462182045,
    "volatility": 0.04962335526943207,
    "sma_30": 0.04953576251864433,
    "D": 0.04874774441123009,
    "ma50_slope": 0.04781859368085861,
    "macd_hist": 0.04778243601322174,
    "sma_50": 0.04617870971560478,
    "price_change_5d": 0.04492591321468353,
    "rsi": 0.044334057718515396,
    "bb_position": 0.04340924322605133,
    "price_change_10d": 0.04285261407494545,
    "K": 0.04200521111488342,
    "price_change_20d": 0.03049567900598049
  }
}