{
  "ticker": "HTGC",
  "analysis_date": "2026-05-09",
  "model_accuracy": 0.41729323308270677,
  "feature_importance": {
    "MA_200": 0.07178442031511692,
    "MA50_slope": 0.06923135841966724,
    "MA_20": 0.06530487591552174,
    "macd_signal": 0.06380135485966563,
    "macd": 0.06346577993594125,
    "MA_50": 0.06340805270159941,
    "volatility": 0.06314591501416326,
    "OBV": 0.06092238716816021,
    "macd_hist": 0.059128879093166935,
    "OBV_MA": 0.05843571073279479,
    "price_change_20d": 0.0566523499465776,
    "ATR": 0.056247760797719065,
    "rsi": 0.05383827056341839,
    "bb_position": 0.049581830497011474,
    "D": 0.04955041586417165,
    "K": 0.04893427958480801,
    "price_change_5d": 0.04656635859049646
  }
}