{
  "ticker": "HTGC",
  "analysis_date": "2025-12-30",
  "model_accuracy": 0.49379652605459057,
  "feature_importance": {
    "MA50_slope": 0.07414279389452627,
    "macd_signal": 0.06822402043018541,
    "MA_50": 0.06598379451856627,
    "MA_20": 0.06491076176328155,
    "OBV_MA": 0.06404474518731536,
    "macd": 0.06362213052524009,
    "MA_200": 0.06327416208311956,
    "volatility": 0.060491988187954565,
    "OBV": 0.059964153578328405,
    "macd_hist": 0.05830539097560782,
    "ATR": 0.056450484840850974,
    "price_change_20d": 0.0544733880374507,
    "price_change_5d": 0.05270513618866968,
    "K": 0.05099040139196321,
    "bb_position": 0.04937542734713946,
    "rsi": 0.046961349013849366,
    "D": 0.046079872035951264
  }
}