{
  "ticker": "INTC",
  "model_type": "XGBoost",
  "model_accuracy": 0.566147859922179,
  "feature_importance": {
    "obv_ma20": 0.06589710712432861,
    "sma_200": 0.0608597993850708,
    "obv": 0.05981896072626114,
    "sma_30": 0.05931467190384865,
    "sma_50": 0.058614276349544525,
    "sma_10": 0.05795275419950485,
    "atr": 0.05747761204838753,
    "macd_hist": 0.055825863033533096,
    "rsi": 0.05467047542333603,
    "volatility": 0.05292220413684845,
    "macd_signal": 0.05179830640554428,
    "ma50_slope": 0.05036192387342453,
    "macd": 0.04983588308095932,
    "price_change_10d": 0.04689381271600723,
    "price_change_20d": 0.04593345522880554,
    "D": 0.04592057690024376,
    "price_change_5d": 0.04477192461490631,
    "bb_position": 0.04061488062143326,
    "K": 0.040515486150979996
  }
}