{
  "ticker": "INTC",
  "analysis_date": "2026-05-09",
  "model_accuracy": 0.5338345864661654,
  "feature_importance": {
    "OBV_MA": 0.08258029299062598,
    "MA_20": 0.08166570619932872,
    "MA_50": 0.06947452776970119,
    "MA_200": 0.06701073824696668,
    "OBV": 0.06700822571853245,
    "ATR": 0.061681197526792644,
    "macd_signal": 0.061400175379957386,
    "MA50_slope": 0.06065689245222177,
    "macd_hist": 0.05818757216483154,
    "volatility": 0.05737765387682455,
    "macd": 0.0550626715004655,
    "rsi": 0.05243239733097419,
    "price_change_20d": 0.046286278751194884,
    "D": 0.04559124352851183,
    "bb_position": 0.04493820606610209,
    "price_change_5d": 0.04487606012216055,
    "K": 0.04377016037480807
  }
}