{
  "ticker": "INVZ",
  "model_type": "XGBoost",
  "model_accuracy": 0.6075949367088608,
  "feature_importance": {
    "volatility": 0.07365294545888901,
    "sma_50": 0.07026950269937515,
    "sma_200": 0.07021360099315643,
    "sma_10": 0.06681046634912491,
    "obv": 0.060783736407756805,
    "sma_30": 0.05690537765622139,
    "obv_ma20": 0.054702650755643845,
    "macd_signal": 0.052976567298173904,
    "macd": 0.05284136161208153,
    "rsi": 0.049572452902793884,
    "macd_hist": 0.04943869262933731,
    "D": 0.04895547777414322,
    "atr": 0.046024687588214874,
    "price_change_10d": 0.042755160480737686,
    "ma50_slope": 0.042548466473817825,
    "price_change_20d": 0.04123159497976303,
    "bb_position": 0.04076247662305832,
    "K": 0.039900731295347214,
    "price_change_5d": 0.03965405747294426
  }
}