{
  "ticker": "IONQ",
  "analysis_date": "2026-01-24",
  "model_accuracy": 0.4217391304347826,
  "feature_importance": {
    "MA_200": 0.07703431420712678,
    "OBV": 0.07362204308217551,
    "MA_20": 0.07329004780456967,
    "OBV_MA": 0.07084331800762791,
    "macd": 0.06310303871350773,
    "MA_50": 0.06237054826224298,
    "macd_hist": 0.06023222653983613,
    "macd_signal": 0.05818870628829697,
    "volatility": 0.05784460667649882,
    "ATR": 0.05733616078889416,
    "MA50_slope": 0.05363358036798299,
    "price_change_20d": 0.05298333332394047,
    "rsi": 0.052240767787825895,
    "D": 0.049611517989982444,
    "bb_position": 0.04907984991968773,
    "K": 0.04594932858875746,
    "price_change_5d": 0.042636611651046284
  }
}