{
  "ticker": "IONQ",
  "model_type": "XGBoost",
  "model_accuracy": 0.5687203791469194,
  "feature_importance": {
    "sma_200": 0.07552296668291092,
    "sma_30": 0.07128356397151947,
    "sma_50": 0.0645686462521553,
    "sma_10": 0.060024674981832504,
    "ma50_slope": 0.058893535286188126,
    "obv": 0.05693678557872772,
    "obv_ma20": 0.05658700317144394,
    "macd_signal": 0.054904207587242126,
    "atr": 0.05423659458756447,
    "volatility": 0.052011340856552124,
    "rsi": 0.04860342666506767,
    "macd_hist": 0.04767913743853569,
    "D": 0.046360425651073456,
    "bb_position": 0.04445639252662659,
    "price_change_20d": 0.043172456324100494,
    "price_change_5d": 0.04316258057951927,
    "macd": 0.04302997887134552,
    "price_change_10d": 0.039510469883680344,
    "K": 0.039055872708559036
  }
}