{
  "ticker": "JAZZ",
  "analysis_date": "2026-02-26",
  "model_type": "XGBoost",
  "model_accuracy": 0.4990403071017274,
  "feature_importance": {
    "sma_50": 0.07998951524496078,
    "atr": 0.06087050959467888,
    "sma_30": 0.06025296449661255,
    "sma_200": 0.05808468163013458,
    "price_change_10d": 0.055804841220378876,
    "ma50_slope": 0.05474400147795677,
    "macd_signal": 0.05392036586999893,
    "obv": 0.05298858508467674,
    "sma_10": 0.05298572778701782,
    "obv_ma20": 0.05217895656824112,
    "volatility": 0.05079955980181694,
    "D": 0.05061350762844086,
    "macd": 0.04799821972846985,
    "macd_hist": 0.04795217514038086,
    "K": 0.04776480793952942,
    "price_change_5d": 0.04555360600352287,
    "price_change_20d": 0.044862207025289536,
    "rsi": 0.04150477051734924,
    "bb_position": 0.041130952537059784
  }
}