{
  "ticker": "KLAC",
  "model_type": "XGBoost",
  "model_accuracy": 0.5136186770428015,
  "feature_importance": {
    "atr": 0.06617878377437592,
    "sma_200": 0.06222870573401451,
    "macd_signal": 0.062002576887607574,
    "sma_50": 0.061396434903144836,
    "bb_position": 0.05894256383180618,
    "obv": 0.05847218260169029,
    "obv_ma20": 0.057350147515535355,
    "sma_30": 0.0549469068646431,
    "sma_10": 0.05485037714242935,
    "ma50_slope": 0.05095919221639633,
    "price_change_10d": 0.0499197319149971,
    "macd": 0.049770042300224304,
    "price_change_20d": 0.04936118423938751,
    "macd_hist": 0.04868634417653084,
    "rsi": 0.04787397012114525,
    "volatility": 0.04653700068593025,
    "D": 0.04251277446746826,
    "K": 0.03915746510028839,
    "price_change_5d": 0.03885359317064285
  }
}