{
  "ticker": "LITE",
  "model_type": "XGBoost",
  "model_accuracy": 0.49382716049382713,
  "feature_importance": {
    "sma_30": 0.0807165578007698,
    "obv_ma20": 0.06963158398866653,
    "sma_10": 0.06320955604314804,
    "obv": 0.06221718713641167,
    "sma_200": 0.05780499055981636,
    "sma_50": 0.05538669601082802,
    "macd_signal": 0.05435321852564812,
    "atr": 0.05365598201751709,
    "volatility": 0.05308324471116066,
    "macd": 0.05158929526805878,
    "D": 0.050100769847631454,
    "ma50_slope": 0.047371748834848404,
    "rsi": 0.04579135775566101,
    "price_change_20d": 0.04559618979692459,
    "price_change_10d": 0.044827502220869064,
    "K": 0.043737247586250305,
    "bb_position": 0.04151897504925728,
    "price_change_5d": 0.039853498339653015,
    "macd_hist": 0.039554379880428314
  }
}