{
  "ticker": "MDB",
  "model_type": "XGBoost",
  "model_accuracy": 0.5549597855227882,
  "feature_importance": {
    "obv": 0.07060500979423523,
    "sma_200": 0.06776055693626404,
    "sma_10": 0.06606395542621613,
    "sma_50": 0.05935657024383545,
    "macd_hist": 0.057464905083179474,
    "obv_ma20": 0.056408386677503586,
    "macd_signal": 0.05543128401041031,
    "ma50_slope": 0.054128315299749374,
    "sma_30": 0.0531541109085083,
    "volatility": 0.052957646548748016,
    "atr": 0.05205408111214638,
    "price_change_20d": 0.0519203320145607,
    "bb_position": 0.04737633094191551,
    "D": 0.04537864774465561,
    "macd": 0.04482465609908104,
    "rsi": 0.04330506548285484,
    "K": 0.041883453726768494,
    "price_change_10d": 0.040619414299726486,
    "price_change_5d": 0.03930732235312462
  }
}