{
  "ticker": "META",
  "model_type": "XGBoost",
  "model_accuracy": 0.622568093385214,
  "feature_importance": {
    "sma_50": 0.062075626105070114,
    "sma_200": 0.06137821823358536,
    "obv_ma20": 0.061062607914209366,
    "macd": 0.0592108815908432,
    "obv": 0.057592637836933136,
    "volatility": 0.055876679718494415,
    "sma_30": 0.0555499792098999,
    "ma50_slope": 0.05376878008246422,
    "sma_10": 0.0519978404045105,
    "price_change_10d": 0.05151401460170746,
    "atr": 0.05104559287428856,
    "macd_hist": 0.049869973212480545,
    "D": 0.04963177442550659,
    "bb_position": 0.04946135729551315,
    "rsi": 0.04839736223220825,
    "macd_signal": 0.04792456701397896,
    "price_change_5d": 0.04464687779545784,
    "K": 0.044585470110177994,
    "price_change_20d": 0.044409774243831635
  }
}