{
  "ticker": "MOH",
  "model_type": "XGBoost",
  "model_accuracy": 0.7277580071174378,
  "feature_importance": {
    "macd": 0.06677550822496414,
    "sma_200": 0.0653701052069664,
    "sma_50": 0.06489459425210953,
    "atr": 0.05854339897632599,
    "sma_30": 0.05784270539879799,
    "ma50_slope": 0.05713404715061188,
    "obv_ma20": 0.05668046697974205,
    "obv": 0.053714536130428314,
    "price_change_10d": 0.05022924020886421,
    "sma_10": 0.05011840537190437,
    "volatility": 0.05003722384572029,
    "macd_signal": 0.04941441863775253,
    "price_change_5d": 0.0491962730884552,
    "bb_position": 0.04866316542029381,
    "macd_hist": 0.048208050429821014,
    "rsi": 0.04740370810031891,
    "price_change_20d": 0.045995503664016724,
    "D": 0.044297702610492706,
    "K": 0.03548094257712364
  }
}