{
  "ticker": "MPWR",
  "model_type": "XGBoost",
  "model_accuracy": 0.5875486381322957,
  "feature_importance": {
    "macd_signal": 0.0719304084777832,
    "sma_30": 0.06205321475863457,
    "atr": 0.06052824482321739,
    "obv_ma20": 0.05882825329899788,
    "sma_50": 0.058790747076272964,
    "ma50_slope": 0.057044874876737595,
    "sma_200": 0.05609840527176857,
    "obv": 0.05227181687951088,
    "bb_position": 0.05216177925467491,
    "sma_10": 0.05137985199689865,
    "price_change_10d": 0.050585225224494934,
    "macd_hist": 0.04969219118356705,
    "macd": 0.04931469261646271,
    "rsi": 0.0481383316218853,
    "volatility": 0.046992115676403046,
    "price_change_5d": 0.04638561233878136,
    "price_change_20d": 0.04556619003415108,
    "K": 0.042457833886146545,
    "D": 0.039780259132385254
  }
}