{
  "ticker": "MRNA",
  "model_type": "XGBoost",
  "model_accuracy": 0.6043956043956044,
  "feature_importance": {
    "macd": 0.0703696459531784,
    "sma_200": 0.07010924071073532,
    "sma_30": 0.06406321376562119,
    "sma_50": 0.06313776969909668,
    "macd_signal": 0.06122686341404915,
    "sma_10": 0.05981561914086342,
    "atr": 0.058534175157547,
    "obv_ma20": 0.05691550299525261,
    "obv": 0.05598555877804756,
    "volatility": 0.053466808050870895,
    "ma50_slope": 0.05317961424589157,
    "macd_hist": 0.048515960574150085,
    "bb_position": 0.048048101365566254,
    "rsi": 0.041377462446689606,
    "price_change_5d": 0.0408339723944664,
    "D": 0.04024740681052208,
    "price_change_20d": 0.03895885497331619,
    "price_change_10d": 0.0382760651409626,
    "K": 0.0369381308555603
  }
}