{
  "ticker": "MRVL",
  "model_type": "XGBoost",
  "model_accuracy": 0.5486381322957199,
  "feature_importance": {
    "sma_30": 0.06911270320415497,
    "obv": 0.06579160690307617,
    "sma_200": 0.060859471559524536,
    "sma_50": 0.05760485306382179,
    "D": 0.05711496248841286,
    "sma_10": 0.056029945611953735,
    "obv_ma20": 0.055345550179481506,
    "macd_hist": 0.05451595038175583,
    "ma50_slope": 0.050914932042360306,
    "macd_signal": 0.05048777163028717,
    "price_change_5d": 0.0494530163705349,
    "macd": 0.049336258322000504,
    "rsi": 0.04909573867917061,
    "price_change_10d": 0.04903416708111763,
    "atr": 0.048755232244729996,
    "volatility": 0.04811437055468559,
    "price_change_20d": 0.047860901802778244,
    "bb_position": 0.04144544154405594,
    "K": 0.039127156138420105
  }
}