{
  "ticker": "MSFT",
  "model_type": "XGBoost",
  "model_accuracy": 0.7198443579766537,
  "feature_importance": {
    "sma_30": 0.07024666666984558,
    "macd": 0.06602305173873901,
    "obv_ma20": 0.06303010135889053,
    "sma_200": 0.060730550438165665,
    "obv": 0.059711191803216934,
    "sma_50": 0.057695917785167694,
    "sma_10": 0.05741925537586212,
    "macd_signal": 0.05599002167582512,
    "atr": 0.05362306535243988,
    "ma50_slope": 0.05121663212776184,
    "K": 0.050914403051137924,
    "macd_hist": 0.04926048591732979,
    "price_change_5d": 0.04792585223913193,
    "volatility": 0.04700872302055359,
    "bb_position": 0.04658491164445877,
    "price_change_20d": 0.046181291341781616,
    "D": 0.042087797075510025,
    "price_change_10d": 0.03854943439364433,
    "rsi": 0.03580053523182869
  }
}