{
  "ticker": "MU",
  "analysis_date": "2026-01-28",
  "model_accuracy": 0.49624060150375937,
  "feature_importance": {
    "MA_200": 0.07306264429882729,
    "MA_50": 0.0671723620477499,
    "volatility": 0.06503331981716899,
    "OBV_MA": 0.06502078918774425,
    "MA50_slope": 0.06466186062831028,
    "macd_signal": 0.0643495854854729,
    "MA_20": 0.06331194759194789,
    "OBV": 0.06258749590847339,
    "macd_hist": 0.06068839246179576,
    "macd": 0.06018500028645735,
    "ATR": 0.05918009870107689,
    "price_change_5d": 0.052567341756421915,
    "bb_position": 0.05156259246693114,
    "rsi": 0.049755318837781046,
    "price_change_20d": 0.04857408862185073,
    "K": 0.04847924158890949,
    "D": 0.04380792031308068
  }
}