{
  "ticker": "MU",
  "analysis_date": "2026-01-31",
  "model_accuracy": 0.5325443786982249,
  "feature_importance": {
    "MA_200": 0.07032566124032175,
    "OBV_MA": 0.06757626988019554,
    "MA50_slope": 0.06696736115503751,
    "macd_signal": 0.06689150972506462,
    "volatility": 0.06495847158424703,
    "macd_hist": 0.0643278432285697,
    "MA_50": 0.06388025942316167,
    "macd": 0.06383401848394744,
    "MA_20": 0.0609039314539051,
    "OBV": 0.05923807202747104,
    "ATR": 0.05828903648842014,
    "price_change_5d": 0.052955466973944605,
    "bb_position": 0.05019554401242732,
    "price_change_20d": 0.05012073704806157,
    "rsi": 0.04952873275994065,
    "K": 0.046153769290040024,
    "D": 0.04385331522524441
  }
}