{
  "ticker": "NAT",
  "analysis_date": "2025-12-30",
  "model_accuracy": 0.46898263027295284,
  "feature_importance": {
    "MA_20": 0.07646926441419473,
    "macd_signal": 0.07414366670340257,
    "MA_50": 0.071721311421039,
    "MA_200": 0.06969906817829816,
    "OBV": 0.06778870138597409,
    "MA50_slope": 0.06710465698650368,
    "OBV_MA": 0.06505839369921575,
    "volatility": 0.05860386863797567,
    "ATR": 0.056574369340471914,
    "rsi": 0.05362127948384887,
    "macd": 0.05275100927256572,
    "price_change_20d": 0.05271436157247018,
    "macd_hist": 0.051796296134508195,
    "bb_position": 0.0463514881966209,
    "price_change_5d": 0.04546790659794385,
    "K": 0.045251486564739624,
    "D": 0.04488287141022704
  }
}