{
  "ticker": "NEM",
  "model_type": "XGBoost",
  "model_accuracy": 0.5097276264591439,
  "feature_importance": {
    "obv": 0.07138112187385559,
    "sma_200": 0.07123874872922897,
    "sma_10": 0.07087314128875732,
    "obv_ma20": 0.06319603323936462,
    "sma_50": 0.060206856578588486,
    "atr": 0.05743394047021866,
    "macd_signal": 0.055915188044309616,
    "sma_30": 0.05551770702004433,
    "price_change_10d": 0.049330517649650574,
    "macd": 0.04909677058458328,
    "bb_position": 0.04752922058105469,
    "macd_hist": 0.0467243455350399,
    "ma50_slope": 0.04518560692667961,
    "rsi": 0.04484960064291954,
    "volatility": 0.04475520923733711,
    "price_change_5d": 0.04331490769982338,
    "K": 0.04175455868244171,
    "D": 0.04114118963479996,
    "price_change_20d": 0.04055525362491608
  }
}