{
  "ticker": "NVDA",
  "company": "NVIDIA",
  "model_type": "XGBoost Growth Optimized",
  "model_accuracy": 0.6080305927342257,
  "feature_importance": {
    "sma_30_slope": 0.05626349896192551,
    "macd": 0.05155321955680847,
    "obv_momentum": 0.051242996007204056,
    "rsi": 0.04693396016955376,
    "sma_50_slope": 0.04662617668509483,
    "price_above_sma200": 0.04291712865233421,
    "atr": 0.04269304499030113,
    "sma_10_30_ratio": 0.04214788228273392,
    "volatility_20": 0.04142055660486221,
    "sma_50_200_ratio": 0.04103904590010643,
    "price_above_sma50": 0.0398823618888855,
    "D": 0.03886047750711441,
    "roc_10": 0.03871592879295349,
    "sma_30_50_ratio": 0.038093291223049164,
    "momentum_20": 0.03786211088299751,
    "sma_10_slope": 0.03764217346906662,
    "trend_strength": 0.03685174137353897,
    "macd_hist": 0.036005228757858276,
    "momentum_10": 0.03473726287484169,
    "momentum_5": 0.034613609313964844,
    "volume_ratio": 0.03450995311141014,
    "roc_5": 0.034353844821453094,
    "volume_momentum": 0.0340363085269928,
    "bb_position": 0.03063419833779335,
    "K": 0.03036404773592949
  }
}