{
  "ticker": "NVDA",
  "company": "NVIDIA",
  "model_type": "XGBoost Growth Optimized",
  "model_accuracy": 0.6424474187380497,
  "feature_importance": {
    "sma_30_slope": 0.05535118654370308,
    "obv_momentum": 0.04856777936220169,
    "price_above_sma200": 0.04785491153597832,
    "macd": 0.04639941453933716,
    "sma_50_slope": 0.043610140681266785,
    "sma_30": 0.0422859825193882,
    "atr": 0.04174119979143143,
    "macd_hist": 0.04155348613858223,
    "sma_10": 0.04130898043513298,
    "rsi": 0.041170768439769745,
    "volatility_20": 0.04072316735982895,
    "price_above_sma50": 0.04012106731534004,
    "sma_10_slope": 0.03767155855894089,
    "momentum_5": 0.03692707046866417,
    "sma_200": 0.03688087686896324,
    "D": 0.03620752692222595,
    "trend_strength": 0.03601166605949402,
    "momentum_20": 0.03594343364238739,
    "roc_5": 0.034245625138282776,
    "sma_50": 0.03413388878107071,
    "volume_momentum": 0.03403816744685173,
    "bb_position": 0.032954346388578415,
    "momentum_10": 0.029345115646719933,
    "roc_10": 0.029266543686389923,
    "volume_ratio": 0.029249856248497963,
    "K": 0.026436233893036842
  }
}