{
  "ticker": "NVDA",
  "analysis_date": "2026-01-28",
  "model_accuracy": 0.5939849624060151,
  "feature_importance": {
    "MA_200": 0.0706011403276765,
    "OBV_MA": 0.0691634864979006,
    "MA50_slope": 0.06801009577386778,
    "macd_signal": 0.06587437191291784,
    "MA_20": 0.06500010867063163,
    "ATR": 0.06433301419497589,
    "volatility": 0.06299721284418229,
    "MA_50": 0.06024904510669152,
    "OBV": 0.05983072192363325,
    "macd": 0.05831526912256544,
    "macd_hist": 0.05679733310569404,
    "price_change_20d": 0.05561424343496779,
    "price_change_5d": 0.054921768655395276,
    "rsi": 0.04928436647885867,
    "bb_position": 0.04866307582696681,
    "D": 0.047359474174027465,
    "K": 0.042985271949047346
  }
}