{
  "ticker": "NVO",
  "model_type": "XGBoost",
  "model_accuracy": 0.556420233463035,
  "feature_importance": {
    "sma_200": 0.0662602037191391,
    "sma_50": 0.06350043416023254,
    "sma_30": 0.05911549553275108,
    "obv": 0.05854323133826256,
    "sma_10": 0.05843142420053482,
    "obv_ma20": 0.05671077221632004,
    "rsi": 0.05652617663145065,
    "atr": 0.05367966741323471,
    "price_change_20d": 0.05302213132381439,
    "volatility": 0.05276350677013397,
    "macd": 0.051516566425561905,
    "D": 0.05063972622156143,
    "ma50_slope": 0.0501566119492054,
    "macd_signal": 0.04983596131205559,
    "price_change_10d": 0.04740653187036514,
    "macd_hist": 0.047266241163015366,
    "K": 0.04396438226103783,
    "price_change_5d": 0.04144521430134773,
    "bb_position": 0.03921560198068619
  }
}