{
  "ticker": "NXPI",
  "analysis_date": "2026-01-09",
  "model_accuracy": 0.598014888337469,
  "feature_importance": {
    "OBV_MA": 0.07811087926836938,
    "OBV": 0.06585593156289445,
    "MA_50": 0.065477326264044,
    "macd_signal": 0.0652491178311864,
    "ATR": 0.06402575209698931,
    "MA_200": 0.06381278996558411,
    "MA50_slope": 0.06263256102051803,
    "volatility": 0.06236337958907679,
    "MA_20": 0.061946541922893346,
    "macd": 0.0619421194041079,
    "macd_hist": 0.05818414849794599,
    "price_change_20d": 0.052694745783960203,
    "price_change_5d": 0.0506928915146999,
    "D": 0.050288341402463944,
    "bb_position": 0.04702518935663771,
    "rsi": 0.04525978798957733,
    "K": 0.04443849652905123
  }
}