{
  "ticker": "OMC",
  "model_type": "XGBoost",
  "model_accuracy": 0.8879003558718861,
  "feature_importance": {
    "atr": 0.09163828939199448,
    "sma_200": 0.07964847981929779,
    "sma_30": 0.07004713267087936,
    "sma_10": 0.060752324759960175,
    "ma50_slope": 0.058473702520132065,
    "sma_50": 0.058251895010471344,
    "volatility": 0.053962595760822296,
    "obv": 0.052598774433135986,
    "macd_signal": 0.0484696701169014,
    "bb_position": 0.04609972983598709,
    "D": 0.045961491763591766,
    "price_change_20d": 0.04515331611037254,
    "obv_ma20": 0.044692978262901306,
    "macd_hist": 0.043450210243463516,
    "price_change_10d": 0.043246377259492874,
    "macd": 0.04217399284243584,
    "rsi": 0.04007776454091072,
    "price_change_5d": 0.039037127047777176,
    "K": 0.036264073103666306
  }
}