{
  "ticker": "OMER",
  "analysis_date": "2025-12-30",
  "model_accuracy": 0.43424317617866004,
  "feature_importance": {
    "OBV_MA": 0.07425205348770118,
    "MA_50": 0.07228228476111921,
    "MA_20": 0.0707066199695043,
    "MA50_slope": 0.06964291797525794,
    "MA_200": 0.06898545538519263,
    "macd_hist": 0.06156225965577746,
    "macd_signal": 0.0592060464528326,
    "OBV": 0.05785390398715184,
    "macd": 0.05777986075896828,
    "ATR": 0.056174291101657045,
    "price_change_20d": 0.05520261590938119,
    "volatility": 0.05466972636699503,
    "D": 0.054029723641881675,
    "bb_position": 0.049269105473674225,
    "rsi": 0.048994399869168176,
    "K": 0.0447260969607735,
    "price_change_5d": 0.044662638242963806
  }
}