{
  "ticker": "ORCL",
  "analysis_date": "2026-02-10",
  "model_accuracy": 0.4473684210526316,
  "feature_importance": {
    "MA_50": 0.0745944828364627,
    "MA_200": 0.07438905380736228,
    "ATR": 0.07294296585667136,
    "MA_20": 0.0729073892404039,
    "OBV_MA": 0.06887242210898176,
    "MA50_slope": 0.06882173208633817,
    "macd_signal": 0.06060201835577362,
    "OBV": 0.056921865379070145,
    "volatility": 0.054344057086091004,
    "macd": 0.05379875901030348,
    "macd_hist": 0.053264560055565555,
    "rsi": 0.05179438146387758,
    "K": 0.048265409411794725,
    "bb_position": 0.04809683726159091,
    "D": 0.04808798291766484,
    "price_change_20d": 0.047640007399754804,
    "price_change_5d": 0.044656075722293326
  }
}