{
  "ticker": "ORCL",
  "model_type": "XGBoost",
  "model_accuracy": 0.6342412451361867,
  "feature_importance": {
    "sma_200": 0.06919887661933899,
    "atr": 0.06859662383794785,
    "macd_signal": 0.0666906014084816,
    "sma_30": 0.06489090621471405,
    "sma_50": 0.06351330876350403,
    "obv_ma20": 0.06232094392180443,
    "ma50_slope": 0.05684981122612953,
    "obv": 0.05539913848042488,
    "macd": 0.055039070546627045,
    "sma_10": 0.05140097811818123,
    "D": 0.04958689957857132,
    "rsi": 0.04575766995549202,
    "volatility": 0.04507375881075859,
    "macd_hist": 0.04439673572778702,
    "bb_position": 0.0432119257748127,
    "K": 0.04268360882997513,
    "price_change_20d": 0.040936410427093506,
    "price_change_5d": 0.03777596354484558,
    "price_change_10d": 0.03667682036757469
  }
}