{
  "ticker": "OUST",
  "company": "Ouster Inc",
  "model_type": "XGBoost",
  "model_accuracy": 0.5661764705882353,
  "feature_importance": {
    "sma_30": 0.07434259355068207,
    "ma50_slope": 0.07213004678487778,
    "sma_50": 0.0686430111527443,
    "sma_10": 0.0645696371793747,
    "atr": 0.06129651889204979,
    "obv_ma20": 0.05995019152760506,
    "sma_200": 0.05974962189793587,
    "macd_signal": 0.0569489486515522,
    "D": 0.054516326636075974,
    "price_change_5d": 0.051577720791101456,
    "macd": 0.05070287361741066,
    "macd_hist": 0.05002591013908386,
    "volatility": 0.045469850301742554,
    "obv": 0.04315141588449478,
    "bb_position": 0.04095981642603874,
    "price_change_20d": 0.040159109979867935,
    "K": 0.039794355630874634,
    "rsi": 0.036601223051548004,
    "price_change_10d": 0.029410822317004204
  }
}