{
  "ticker": "OUST",
  "analysis_date": "2026-02-10",
  "model_accuracy": 0.5454545454545454,
  "feature_importance": {
    "MA_20": 0.08098998861045162,
    "ATR": 0.07142730647443077,
    "OBV_MA": 0.06837449917635502,
    "MA_50": 0.0678531371735427,
    "MA_200": 0.06342639427796234,
    "OBV": 0.0631742092951786,
    "MA50_slope": 0.06114065371682962,
    "macd_hist": 0.060643897611357286,
    "macd_signal": 0.06063131185758401,
    "volatility": 0.055227643962338535,
    "K": 0.05266626703841951,
    "price_change_20d": 0.051703313155624195,
    "macd": 0.05057790398763902,
    "rsi": 0.05000072917774122,
    "bb_position": 0.04971908440966123,
    "price_change_5d": 0.04807525296779032,
    "D": 0.044368407107093964
  }
}