{
  "ticker": "PLTR",
  "analysis_date": "2026-02-10",
  "model_accuracy": 0.3662551440329218,
  "feature_importance": {
    "volatility": 0.07393541622585459,
    "MA_200": 0.07016869735310947,
    "MA_20": 0.06932373517599738,
    "MA50_slope": 0.06836449138403215,
    "ATR": 0.06619663578536618,
    "OBV_MA": 0.06502518035364735,
    "MA_50": 0.0646682002511408,
    "macd_signal": 0.06415856347455193,
    "macd": 0.060029464698571205,
    "OBV": 0.057364331683014545,
    "macd_hist": 0.054538618466548054,
    "price_change_5d": 0.05256657580515162,
    "rsi": 0.05069553987603846,
    "K": 0.04865894651746625,
    "D": 0.04609194291487988,
    "price_change_20d": 0.04520224696810957,
    "bb_position": 0.043011413066520704
  }
}