{
  "ticker": "PLTR",
  "analysis_date": "2026-01-06",
  "model_accuracy": 0.4186046511627907,
  "feature_importance": {
    "OBV_MA": 0.08115737593625334,
    "volatility": 0.07670679125345264,
    "ATR": 0.07375896030595719,
    "MA_20": 0.06503110399113872,
    "macd_hist": 0.06386480326217162,
    "MA_50": 0.06268397524820048,
    "macd_signal": 0.06114095003545132,
    "macd": 0.059193224054222594,
    "price_change_5d": 0.05905591062615544,
    "OBV": 0.058006911651657236,
    "MA_200": 0.05716796862259725,
    "MA50_slope": 0.05392714025416422,
    "D": 0.047866082078322617,
    "rsi": 0.04739154496155718,
    "K": 0.0454746905793646,
    "bb_position": 0.04400255931771199,
    "price_change_20d": 0.04357000782162155
  }
}