{
  "ticker": "QBTS",
  "analysis_date": "2026-01-24",
  "model_accuracy": 0.4678111587982833,
  "feature_importance": {
    "OBV_MA": 0.08045391086382922,
    "ATR": 0.07614493754500475,
    "MA_50": 0.07155162089000046,
    "MA_20": 0.07045455690399266,
    "MA50_slope": 0.06577512463004426,
    "macd_hist": 0.06499197123097597,
    "OBV": 0.06359100284161494,
    "rsi": 0.05475290585007676,
    "volatility": 0.054431674873538054,
    "macd_signal": 0.05372407474379239,
    "MA_200": 0.05306684307957009,
    "macd": 0.05262107914591754,
    "price_change_20d": 0.05238140269760388,
    "price_change_5d": 0.04865198012543443,
    "bb_position": 0.04729219025317502,
    "D": 0.04620239493554571,
    "K": 0.04391232938988388
  }
}