{
  "ticker": "QCOM",
  "analysis_date": "2026-02-10",
  "model_accuracy": 0.4642857142857143,
  "feature_importance": {
    "MA50_slope": 0.07607515675061373,
    "MA_50": 0.07002764666153935,
    "macd_signal": 0.0695608536219994,
    "MA_200": 0.06737292808557195,
    "MA_20": 0.0666874718816071,
    "OBV_MA": 0.06422709513540498,
    "ATR": 0.061901273535471625,
    "macd_hist": 0.06012884391654733,
    "macd": 0.05983229245949225,
    "volatility": 0.059280126734650426,
    "OBV": 0.0557366828417589,
    "price_change_5d": 0.05098157512890093,
    "rsi": 0.05043648224763651,
    "bb_position": 0.04727788855290119,
    "price_change_20d": 0.047088736063309475,
    "K": 0.04702576348726478,
    "D": 0.046359182895329976
  }
}