{
  "ticker": "QUBT",
  "model_type": "XGBoost",
  "model_accuracy": 0.5583657587548638,
  "feature_importance": {
    "sma_50": 0.10619417577981949,
    "sma_30": 0.08743122220039368,
    "sma_10": 0.06544314324855804,
    "D": 0.05789239704608917,
    "sma_200": 0.0560171976685524,
    "obv_ma20": 0.05189608782529831,
    "price_change_5d": 0.05117562785744667,
    "price_change_20d": 0.0487218014895916,
    "obv": 0.04772903397679329,
    "volatility": 0.0475207194685936,
    "K": 0.04543592408299446,
    "ma50_slope": 0.0453987717628479,
    "price_change_10d": 0.04431373253464699,
    "rsi": 0.0435650460422039,
    "atr": 0.04298246651887894,
    "macd": 0.04173118248581886,
    "bb_position": 0.041101522743701935,
    "macd_signal": 0.04105883091688156,
    "macd_hist": 0.034391116350889206
  }
}