{
  "ticker": "RDW",
  "model_type": "XGBoost",
  "model_accuracy": 0.6285714285714286,
  "feature_importance": {
    "sma_200": 0.0837392508983612,
    "sma_30": 0.06763515621423721,
    "obv_ma20": 0.06645019352436066,
    "sma_50": 0.06559272855520248,
    "price_change_20d": 0.0610940121114254,
    "rsi": 0.05811804160475731,
    "atr": 0.056845519691705704,
    "obv": 0.056445978581905365,
    "macd": 0.055290766060352325,
    "sma_10": 0.04999455064535141,
    "macd_signal": 0.048276640474796295,
    "D": 0.047880709171295166,
    "price_change_5d": 0.04684215411543846,
    "volatility": 0.04356792941689491,
    "macd_hist": 0.042627036571502686,
    "ma50_slope": 0.04118313267827034,
    "bb_position": 0.038874551653862,
    "K": 0.03697490692138672,
    "price_change_10d": 0.0325668565928936
  }
}