{
  "ticker": "RGTI",
  "analysis_date": "2026-01-24",
  "model_accuracy": 0.4697674418604651,
  "feature_importance": {
    "MA_20": 0.07535037127209018,
    "MA_50": 0.07398617683407471,
    "OBV_MA": 0.07358061675420723,
    "macd_signal": 0.06768588478844674,
    "macd": 0.06694954621661879,
    "OBV": 0.0648214270315769,
    "MA_200": 0.06386654333326827,
    "MA50_slope": 0.06372209547052275,
    "ATR": 0.05875028173620616,
    "volatility": 0.05829889623397575,
    "price_change_20d": 0.056187835711801214,
    "macd_hist": 0.0561597881356138,
    "rsi": 0.05527070390791282,
    "D": 0.04358711182169346,
    "price_change_5d": 0.042013102871582636,
    "K": 0.04031620356218167,
    "bb_position": 0.03945341431822693
  }
}