{
  "ticker": "RGTI",
  "model_type": "XGBoost",
  "model_accuracy": 0.5102040816326531,
  "feature_importance": {
    "sma_50": 0.07713576406240463,
    "macd": 0.07065398246049881,
    "obv_ma20": 0.06161733344197273,
    "sma_30": 0.0606798492372036,
    "volatility": 0.05919114872813225,
    "ma50_slope": 0.05839092284440994,
    "sma_10": 0.057345323264598846,
    "price_change_20d": 0.056960977613925934,
    "sma_200": 0.055705726146698,
    "obv": 0.052527960389852524,
    "price_change_10d": 0.05013103783130646,
    "D": 0.047492463141679764,
    "macd_signal": 0.04622036963701248,
    "atr": 0.04542340338230133,
    "rsi": 0.044040173292160034,
    "price_change_5d": 0.044024672359228134,
    "bb_position": 0.04119568690657616,
    "K": 0.03862592205405235,
    "macd_hist": 0.03263726085424423
  }
}