{
  "ticker": "RHM.DE",
  "analysis_date": "2025-12-30",
  "model_accuracy": 0.4864864864864865,
  "feature_importance": {
    "MA_200": 0.07264081918518805,
    "ATR": 0.06867041263986505,
    "MA_50": 0.06826025119781483,
    "MA50_slope": 0.06802328040442145,
    "MA_20": 0.0672662720981747,
    "OBV_MA": 0.06180839256669404,
    "volatility": 0.05897947576478536,
    "macd_signal": 0.058786171031460006,
    "macd_hist": 0.055866147678347876,
    "macd": 0.05537723497350352,
    "OBV": 0.055348371413976805,
    "K": 0.05293423844265186,
    "price_change_5d": 0.05275706544585659,
    "price_change_20d": 0.05129528581576975,
    "rsi": 0.05119732218548614,
    "D": 0.05111438843668863,
    "bb_position": 0.0496748707193154
  }
}