{
  "ticker": "RKLB",
  "analysis_date": "2026-01-10",
  "model_accuracy": 0.4127659574468085,
  "feature_importance": {
    "MA_20": 0.0800322716493665,
    "MA_50": 0.07620049455835161,
    "OBV_MA": 0.07573236173656706,
    "ATR": 0.06540681042525978,
    "macd_signal": 0.06509520582144795,
    "volatility": 0.06422122848647469,
    "macd": 0.06188139939646828,
    "MA_200": 0.05871781156733985,
    "MA50_slope": 0.05503583950484267,
    "macd_hist": 0.05285812952136757,
    "OBV": 0.05194594900266586,
    "price_change_20d": 0.051013374664269584,
    "D": 0.05054005770306449,
    "bb_position": 0.04829766438392677,
    "rsi": 0.0480978553406909,
    "price_change_5d": 0.048048284129609015,
    "K": 0.04687526210828746
  }
}