{
  "ticker": "RNMBY",
  "analysis_date": "2026-01-06",
  "model_accuracy": 0.4813895781637717,
  "feature_importance": {
    "MA_200": 0.07675894962355778,
    "MA_20": 0.07154938390830574,
    "volatility": 0.06775588463826085,
    "MA_50": 0.06563508055885464,
    "ATR": 0.06526391673197912,
    "OBV_MA": 0.06502266178763119,
    "OBV": 0.06373868521941618,
    "MA50_slope": 0.060721896739974114,
    "macd_hist": 0.05819993947681066,
    "macd": 0.057069950736631674,
    "macd_signal": 0.05644536613917869,
    "rsi": 0.05537512646158578,
    "price_change_5d": 0.05318524490788272,
    "bb_position": 0.048655044529725806,
    "price_change_20d": 0.04669058420292793,
    "D": 0.045401718273819405,
    "K": 0.0425305660634577
  }
}