{
  "ticker": "SATL",
  "model_type": "XGBoost",
  "model_accuracy": 0.525,
  "feature_importance": {
    "sma_200": 0.07324942946434021,
    "sma_30": 0.07228029519319534,
    "sma_50": 0.06367938965559006,
    "macd_signal": 0.06319494545459747,
    "macd": 0.06243778020143509,
    "obv_ma20": 0.059416696429252625,
    "ma50_slope": 0.05476599559187889,
    "obv": 0.053442228585481644,
    "volatility": 0.05239000543951988,
    "atr": 0.04959384724497795,
    "price_change_10d": 0.04897323250770569,
    "macd_hist": 0.04814242944121361,
    "K": 0.047450922429561615,
    "bb_position": 0.0470297746360302,
    "sma_10": 0.04397885873913765,
    "rsi": 0.04309822991490364,
    "D": 0.04067670553922653,
    "price_change_5d": 0.03887181729078293,
    "price_change_20d": 0.03732743114233017
  }
}