{
  "ticker": "SMCI",
  "model_type": "XGBoost",
  "model_accuracy": 0.5719844357976653,
  "feature_importance": {
    "sma_200": 0.0688733458518982,
    "sma_30": 0.06113581359386444,
    "macd": 0.06086443364620209,
    "obv": 0.05971265211701393,
    "atr": 0.05922406166791916,
    "sma_10": 0.05748896300792694,
    "sma_50": 0.05734918639063835,
    "volatility": 0.056948598474264145,
    "obv_ma20": 0.056006576865911484,
    "ma50_slope": 0.050843745470047,
    "K": 0.05063166841864586,
    "macd_hist": 0.05057409405708313,
    "macd_signal": 0.04657358676195145,
    "price_change_5d": 0.046436239033937454,
    "D": 0.0459027923643589,
    "bb_position": 0.04407505318522453,
    "price_change_10d": 0.043078962713479996,
    "price_change_20d": 0.04300686717033386,
    "rsi": 0.041273463517427444
  }
}