{
  "ticker": "SMR",
  "model_type": "XGBoost",
  "model_accuracy": 0.5359477124183006,
  "feature_importance": {
    "volatility": 0.08061182498931885,
    "sma_30": 0.07346014678478241,
    "obv_ma20": 0.06473967432975769,
    "sma_50": 0.061421651393175125,
    "sma_200": 0.059638604521751404,
    "sma_10": 0.05865393951535225,
    "price_change_20d": 0.05304436385631561,
    "macd_hist": 0.05166032537817955,
    "atr": 0.0513630285859108,
    "macd": 0.051301080733537674,
    "rsi": 0.05096254125237465,
    "K": 0.04785539209842682,
    "D": 0.044675957411527634,
    "obv": 0.044224370270967484,
    "ma50_slope": 0.04309768229722977,
    "macd_signal": 0.04195263236761093,
    "bb_position": 0.041279762983322144,
    "price_change_5d": 0.04064428061246872,
    "price_change_10d": 0.039412714540958405
  }
}