{
  "ticker": "SNOW",
  "model_type": "XGBoost",
  "model_accuracy": 0.5663716814159292,
  "feature_importance": {
    "macd_signal": 0.07312216609716415,
    "sma_10": 0.06949306279420853,
    "macd": 0.06173136457800865,
    "sma_200": 0.06129539757966995,
    "volatility": 0.05760371312499046,
    "sma_30": 0.05741284042596817,
    "sma_50": 0.05723242089152336,
    "ma50_slope": 0.054905667901039124,
    "price_change_5d": 0.05423618108034134,
    "price_change_20d": 0.04927048459649086,
    "obv_ma20": 0.04862968623638153,
    "bb_position": 0.04843176528811455,
    "atr": 0.04658219963312149,
    "rsi": 0.04642996937036514,
    "macd_hist": 0.0462314672768116,
    "obv": 0.045011620968580246,
    "price_change_10d": 0.04499254748225212,
    "D": 0.041632261127233505,
    "K": 0.035755183547735214
  }
}