{
  "ticker": "SNPS",
  "model_type": "XGBoost",
  "model_accuracy": 0.4260700389105058,
  "feature_importance": {
    "macd_signal": 0.06434745341539383,
    "sma_200": 0.06414386630058289,
    "sma_50": 0.06147133186459541,
    "obv_ma20": 0.06053461506962776,
    "sma_10": 0.05996362119913101,
    "macd": 0.05900006368756294,
    "sma_30": 0.05694649741053581,
    "obv": 0.05632692575454712,
    "ma50_slope": 0.051716964691877365,
    "bb_position": 0.05090520903468132,
    "volatility": 0.04984605312347412,
    "rsi": 0.04759934917092323,
    "D": 0.047565292567014694,
    "atr": 0.04711862653493881,
    "price_change_10d": 0.04685430973768234,
    "price_change_20d": 0.04560216888785362,
    "macd_hist": 0.044403038918972015,
    "K": 0.04434778168797493,
    "price_change_5d": 0.04130682721734047
  }
}