{
  "ticker": "STX",
  "model_type": "XGBoost",
  "model_accuracy": 0.5369649805447471,
  "feature_importance": {
    "sma_10": 0.06514718383550644,
    "obv": 0.06411396712064743,
    "sma_30": 0.06268151849508286,
    "obv_ma20": 0.05711207538843155,
    "volatility": 0.05589243024587631,
    "sma_200": 0.055025309324264526,
    "ma50_slope": 0.05498933047056198,
    "atr": 0.054214298725128174,
    "price_change_20d": 0.05265388637781143,
    "macd": 0.052109964191913605,
    "macd_signal": 0.05185689032077789,
    "bb_position": 0.05140698328614235,
    "sma_50": 0.05104214698076248,
    "D": 0.04836786910891533,
    "macd_hist": 0.04764433950185776,
    "K": 0.04443662613630295,
    "rsi": 0.04440641030669212,
    "price_change_5d": 0.044252242892980576,
    "price_change_10d": 0.042646534740924835
  }
}