{
  "ticker": "TMUS",
  "analysis_date": "2026-05-23",
  "model_accuracy": 0.5187376725838264,
  "feature_importance": {
    "MA_200": 0.0681471425330367,
    "macd_signal": 0.0673219196099778,
    "OBV_MA": 0.06692300774040391,
    "MA_50": 0.06392343824868839,
    "volatility": 0.06322844443887198,
    "MA_20": 0.06201964710134456,
    "MA50_slope": 0.061879482621715554,
    "price_change_20d": 0.06071571469883888,
    "ATR": 0.0598528261352718,
    "OBV": 0.059328706894002894,
    "macd": 0.059105837058488,
    "macd_hist": 0.05872984353474855,
    "price_change_5d": 0.051668760506157874,
    "rsi": 0.05045910949748521,
    "D": 0.04952232529410054,
    "bb_position": 0.0489198415746993,
    "K": 0.04825395251216811
  }
}