{
  "ticker": "TPL",
  "model_type": "XGBoost",
  "model_accuracy": 0.7170818505338078,
  "feature_importance": {
    "sma_30": 0.07254884392023087,
    "sma_10": 0.06186232715845108,
    "obv": 0.06154882162809372,
    "sma_200": 0.06115289032459259,
    "sma_50": 0.06012372672557831,
    "obv_ma20": 0.05917416140437126,
    "volatility": 0.05848582461476326,
    "ma50_slope": 0.057272642850875854,
    "macd_signal": 0.05533558875322342,
    "atr": 0.05342388153076172,
    "price_change_20d": 0.05062009021639824,
    "macd": 0.049256689846515656,
    "D": 0.04803302511572838,
    "macd_hist": 0.04570997133851051,
    "price_change_5d": 0.042471516877412796,
    "price_change_10d": 0.04154742509126663,
    "bb_position": 0.041304174810647964,
    "rsi": 0.04028990864753723,
    "K": 0.03983844071626663
  }
}