{
  "ticker": "TSLA",
  "analysis_date": "2026-01-09",
  "model_accuracy": 0.5062034739454094,
  "feature_importance": {
    "OBV_MA": 0.07639630146505373,
    "MA_20": 0.07302815083583322,
    "MA_50": 0.07290942638345288,
    "volatility": 0.07168544958534219,
    "MA_200": 0.06716477891800736,
    "macd": 0.06559387914261564,
    "macd_signal": 0.06400821407210433,
    "MA50_slope": 0.06286248270590272,
    "price_change_20d": 0.06111830267298967,
    "ATR": 0.060216491187036855,
    "OBV": 0.05842367457955571,
    "macd_hist": 0.052183189850757025,
    "price_change_5d": 0.0470672711214567,
    "K": 0.04436072876307869,
    "rsi": 0.04348333088536178,
    "D": 0.04006094276790519,
    "bb_position": 0.039437385063546423
  }
}