{
  "ticker": "TSLA",
  "analysis_date": "2026-01-24",
  "model_accuracy": 0.48872180451127817,
  "feature_importance": {
    "OBV_MA": 0.07703824701945773,
    "MA_20": 0.07477499004880377,
    "MA_50": 0.07337822160792806,
    "MA_200": 0.06668752511792453,
    "ATR": 0.06653806135192279,
    "volatility": 0.06648913366391736,
    "MA50_slope": 0.06631206557696526,
    "macd": 0.06083055276280027,
    "macd_signal": 0.060011538414357884,
    "OBV": 0.058220871690525186,
    "price_change_20d": 0.056065256751440404,
    "macd_hist": 0.0523522330806076,
    "price_change_5d": 0.049288532754157455,
    "rsi": 0.045540599202901835,
    "bb_position": 0.0445178994427351,
    "D": 0.042210847399195374,
    "K": 0.03974342411435952
  }
}