{
  "ticker": "TSM",
  "analysis_date": "2026-01-10",
  "model_accuracy": 0.4567669172932331,
  "feature_importance": {
    "OBV_MA": 0.07087078966279108,
    "MA_200": 0.07082810204975172,
    "MA_50": 0.06872287130547337,
    "MA_20": 0.06810134012035947,
    "MA50_slope": 0.06694700083363225,
    "OBV": 0.06618332924303494,
    "ATR": 0.06394889836523679,
    "macd_signal": 0.058675973981774,
    "macd": 0.05853560285326431,
    "volatility": 0.05544351555200501,
    "price_change_5d": 0.05364081664620166,
    "macd_hist": 0.05326729528336037,
    "bb_position": 0.051862047843875894,
    "price_change_20d": 0.04948187943278374,
    "K": 0.04880056509646129,
    "rsi": 0.04776721937386193,
    "D": 0.04692275235613196
  }
}