{
  "ticker": "TXN",
  "model_type": "XGBoost",
  "model_accuracy": 0.6789883268482491,
  "feature_importance": {
    "sma_30": 0.06782706826925278,
    "sma_50": 0.06474866718053818,
    "sma_10": 0.06404664367437363,
    "sma_200": 0.06325971335172653,
    "obv": 0.05756378918886185,
    "macd": 0.05715428665280342,
    "macd_signal": 0.05684271454811096,
    "ma50_slope": 0.05421504005789757,
    "price_change_20d": 0.053100764751434326,
    "atr": 0.05263085290789604,
    "obv_ma20": 0.051315825432538986,
    "volatility": 0.04973964765667915,
    "macd_hist": 0.04802801087498665,
    "rsi": 0.04564999043941498,
    "bb_position": 0.04538778215646744,
    "price_change_5d": 0.04509273171424866,
    "price_change_10d": 0.04403075948357582,
    "K": 0.04017561301589012,
    "D": 0.039190083742141724
  }
}