{
  "ticker": "VRT",
  "model_type": "XGBoost",
  "model_accuracy": 0.5375375375375375,
  "feature_importance": {
    "volatility": 0.0911172404885292,
    "obv": 0.0709085687994957,
    "obv_ma20": 0.06332805752754211,
    "sma_50": 0.06169666722416878,
    "macd_signal": 0.06160663813352585,
    "sma_30": 0.06107025220990181,
    "sma_10": 0.05615925043821335,
    "sma_200": 0.05401885509490967,
    "rsi": 0.05020429566502571,
    "ma50_slope": 0.047239527106285095,
    "price_change_20d": 0.04635612666606903,
    "price_change_10d": 0.04594793915748596,
    "macd": 0.045356228947639465,
    "bb_position": 0.04533117637038231,
    "D": 0.04302487149834633,
    "atr": 0.04240865260362625,
    "macd_hist": 0.039828602224588394,
    "price_change_5d": 0.03933781757950783,
    "K": 0.035059280693531036
  }
}