{
  "ticker": "VRTX",
  "company": "Vertex Pharma",
  "model_type": "XGBoost",
  "model_accuracy": 0.8703374777975134,
  "feature_importance": {
    "sma_200": 0.07459010928869247,
    "sma_50": 0.06808163970708847,
    "sma_30": 0.06715890765190125,
    "sma_10": 0.06213878095149994,
    "volatility": 0.06103745102882385,
    "atr": 0.06095341965556145,
    "obv": 0.05337319150567055,
    "obv_ma20": 0.05159628391265869,
    "macd": 0.05134039744734764,
    "macd_signal": 0.05067303776741028,
    "ma50_slope": 0.049134910106658936,
    "K": 0.048002101480960846,
    "rsi": 0.04711424931883812,
    "bb_position": 0.04507523402571678,
    "price_change_10d": 0.044197723269462585,
    "price_change_5d": 0.042887698858976364,
    "price_change_20d": 0.0427141897380352,
    "macd_hist": 0.042458586394786835,
    "D": 0.03747210651636124
  }
}