{
  "ticker": "WDC",
  "analysis_date": "2026-01-10",
  "model_accuracy": 0.3815789473684211,
  "feature_importance": {
    "MA_200": 0.08540435833247349,
    "OBV_MA": 0.07286067015936892,
    "MA_20": 0.07228084642572645,
    "MA_50": 0.06861701095808849,
    "ATR": 0.0652651763552608,
    "MA50_slope": 0.06339610888634029,
    "OBV": 0.06106264609799057,
    "macd_signal": 0.05944719674430738,
    "macd": 0.058963432831490976,
    "volatility": 0.058016810440360625,
    "price_change_5d": 0.053058809352119436,
    "macd_hist": 0.050677919776434106,
    "D": 0.04864576119462635,
    "price_change_20d": 0.04670337121383004,
    "bb_position": 0.046241005319181794,
    "rsi": 0.04531625885368513,
    "K": 0.04404261705871521
  }
}