{
  "ticker": "WDC",
  "model_type": "XGBoost",
  "model_accuracy": 0.5097276264591439,
  "feature_importance": {
    "sma_10": 0.06835415959358215,
    "sma_30": 0.06599722057580948,
    "sma_50": 0.0651964396238327,
    "sma_200": 0.05856330320239067,
    "obv": 0.057366952300071716,
    "ma50_slope": 0.05546488240361214,
    "macd": 0.05462934449315071,
    "macd_signal": 0.053359463810920715,
    "atr": 0.05263802781701088,
    "price_change_5d": 0.05242172256112099,
    "price_change_10d": 0.05183527618646622,
    "obv_ma20": 0.05025826022028923,
    "volatility": 0.04925008863210678,
    "macd_hist": 0.04899190366268158,
    "bb_position": 0.048952195793390274,
    "price_change_20d": 0.043937698006629944,
    "D": 0.04261074587702751,
    "K": 0.04086322337388992,
    "rsi": 0.039309062063694
  }
}